"ID","n_ABC","p_DAS28","rho_DAS28","p_SJC","rho_SJC","p_TJC","rho_TJC","p_CRP","rho_CRP","sig_DAS28","sig_SJC","sig_TJC","sig_CRP"
"P07305_NR(cit)AGSSR(cit)QSIQK_",93,0.000499913945643932,-0.192607209546091,0.00426050643457948,-0.151782689006476,0.161332788317679,-0.0750282276551241,9.87568155625364e-05,-0.213967251715427,"neg","neg","ns","neg"
"P07339_VER(cit)QVFGEATK_",145,0.643587963057134,-0.0267755225309732,0.355252785752018,-0.0510497414387864,0.360822820628509,0.0505394866427906,0.0634515206384372,-0.106761579176845,"ns","ns","ns","ns"
"P07355_DIISDTSGDFR(cit)K_",179,0.806387321682918,-0.0154229453411378,0.206006015564432,-0.0750019060837124,0.907288665857537,0.0069534695344655,0.486863300184817,-0.0434785336190826,"ns","ns","ns","ns"
"P08670_NNDALR(cit)QAK_",92,0.00218850357720754,-0.169091205660898,0.00298717399518992,-0.15693534130653,0.187725325220139,-0.0701775854412417,0.000268466962341688,-0.199932577720215,"neg","neg","ns","neg"
"P08670_SR(cit)LGDLYEEEMR_",129,0.0211378061797741,-0.137494484226847,0.0281516193853098,-0.123896889114734,0.285628563215148,-0.0607357981171162,0.00113499820278468,-0.191842910495683,"neg","neg","ns","neg"
"P11142_R(cit)NTTIPTK_",163,0.0640555963694254,-0.113922650623739,0.583514833800944,-0.0324389785931153,0.118888086907611,-0.092419957560607,0.0172387259504699,-0.14538371717742,"ns","ns","ns","neg"
"P14618_GPEIR(cit)TGLIK_",219,0.368967361136419,-0.0580036197037853,0.237237574443033,-0.072852623790317,0.936388082970473,0.00494484133474001,0.554121055924868,-0.0380547541642133,"ns","ns","ns","ns"
"P16401_ER(cit)NGLSLAALK_",237,0.621800955796369,-0.0341531131610052,0.411053002504756,-0.053988471258355,0.665448360586725,0.0285993691873813,0.046003643869033,-0.13624146076926,"ns","ns","ns","neg"
"P26038_EALLQASR(cit)DQK_",128,0.552326135247921,0.0354090219042101,0.910038276189389,0.00637126992510521,0.273681311310103,0.0619609583586312,0.479853629787971,-0.0417967263145963,"ns","ns","ns","ns"
"P30086_NR(cit)PTSISWDGLDSGK_",215,0.54477513122144,-0.0392818169067973,0.114208828738597,-0.0970770282929205,0.498114000070084,-0.0419554339241744,0.678100876095544,-0.0267590652952646,"ns","ns","ns","ns"
"P31040_IYQR(cit)AFGGQSLK_",162,0.798078807787512,-0.0150093148199926,0.328307849167275,-0.05464730636162,0.44172231789751,0.0431533450814424,0.56101559239171,0.0339810471219169,"ns","ns","ns","ns"
"P61978_ELR(cit)ENTQTTIK_",58,0.00830239903059804,-0.139503624206336,0.0189678021879983,-0.118459911076572,0.239892176798725,-0.0597268617634971,0.0104423979146609,-0.13463302039599,"neg","neg","ns","neg"
"P62081_AQLR(cit)ELNITAAK_",94,0.874819291487313,0.00879970536101397,0.264797384663039,-0.0595105096194817,0.210171121291052,0.0670491474250481,0.55794461448794,-0.0325161353207777,"ns","ns","ns","ns"
"Q01995_R(cit)EFTESQLQEGK_",6,0.96971889970061,0.00195637807802387,0.278142138025569,-0.0532304323871336,0.65080782193997,-0.0223107416932893,0.385114408133523,0.044502332976985,"ns","ns","ns","ns"
"Q06830_R(cit)TIAQDYGVLK_",111,0.978262598363176,0.00156401673208624,0.611404152733312,-0.0278995436979628,0.467045722090277,0.0401113579784283,0.37419909141702,-0.0506432882888528,"ns","ns","ns","ns"
"Q9UBQ7_R(cit)ILDAAGANLK_",159,0.0162860771087143,-0.144505951023781,0.0129497327501233,-0.142392652290682,0.160867759991415,-0.0810232921718986,0.0537137049183189,-0.115625938745432,"neg","neg","ns","ns"
"A0A0B4J1V0_GLEWVGR(cit)IK_",432,0.560161554457243,-0.0583561705356791,0.742067262056037,-0.0313011606670135,0.302636566553121,0.0982674871731522,0.0411645406058551,-0.201581158596599,"ns","ns","ns","neg"
"A0A0B4J1X5_GR(cit)FTISR(cit)DNAK_",163,0.0979172934575838,-0.100933162567649,0.0817819028804485,-0.101329200264882,0.670957545752643,-0.0248364321027021,0.00810255457342048,-0.160243619536505,"ns","ns","ns","neg"
"O00299_R(cit)TETVQK_",437,0.691480946687774,-0.039768194762971,0.377188770451928,0.0838598759662777,0.450014764262086,-0.0717674085745478,0.179174422232368,-0.134057623989904,"ns","ns","ns","ns"
"O00483_MLR(cit)QIIGQAK_",404,0.784671178365556,-0.0253107279089303,0.527069656358232,-0.0564132075592501,0.768145442891114,0.0264160316122018,0.459356453049604,-0.0681789301894623,"ns","ns","ns","ns"
"O15144_R(cit)NCFASVFEK_",472,0.484530057689201,0.0808543638846744,0.973297752548093,-0.00373065600578218,0.755083145315404,0.0349748326170823,0.345904666980663,0.108156903785259,"ns","ns","ns","ns"
"O15144_VLNR(cit)AR(cit)PDAEK_",265,0.0118419246445413,-0.162907623271228,0.00111737914448772,-0.20336062310248,0.096677825632067,-0.1046685890187,0.0919842859619861,-0.109241320890289,"neg","neg","ns","ns"
"O43707_AETAANR(cit)ICK_",168,0.810391948147881,-0.0148356667005344,0.291755329384883,-0.0615856628583819,0.255422662326631,0.0667661715439373,0.31612908187661,-0.0614634082757628,"ns","ns","ns","ns"
"O43707_EGLLLWCQR(cit)K_",442,0.198842138933844,-0.137490423117774,0.197854131204249,-0.129200297652644,0.245053833711935,-0.117919826041068,0.787351241274221,-0.0286681607277433,"ns","ns","ns","ns"
"O43866_SLSPSFR(cit)DR(cit)K_",314,0.293342006325453,-0.0872494739166471,0.00907329406772107,-0.202561847080096,0.926154746003861,0.00729307828165781,0.00289139176292209,-0.243250237541844,"ns","neg","ns","neg"
"O75369_VR(cit)AGGPGLER_",309,0.0143285431394827,-0.178360843438056,0.0216368635984427,-0.160348434291567,0.604209811819386,-0.0365044012217883,0.330658678919553,-0.0711421659263743,"neg","neg","ns","ns"
"O75390_ALGFPLER(cit)PK_",452,0.33499313254463,-0.0999906448855763,0.15392447860797,-0.142209849526826,0.910263968578628,0.0113556117241348,0.311625002262557,-0.104352963337929,"ns","ns","ns","ns"
"O75947_AR(cit)IVEYEK_",492,0.701936897848787,0.0566888660255476,0.504730300124186,0.0918666699303246,0.402541971906798,-0.116246640754836,0.827758358473782,-0.03189804987318,"ns","ns","ns","ns"
"O95831_VR(cit)R(cit)EGVK_",409,0.318618261541999,-0.0874693742732234,0.160126735949022,-0.1193594779626,0.302838606638829,-0.0880195179379715,0.955252020165076,-0.00491192536677446,"ns","ns","ns","ns"
"P00325_AAGAAR(cit)IIAVDINK_",477,0.153906518919678,-0.166289227460617,0.311018933403715,-0.1132548953708,0.0670296540972034,-0.204519275056079,0.682705788198957,0.0479797788873021,"ns","ns","ns","ns"
"P00325_NDLGNPR(cit)GTLQDGTR(cit)R_",160,0.114102224737479,-0.0948057963673235,0.0144685184261773,-0.140601243502653,0.981028370990599,-0.00137867370488098,0.11053003383136,-0.0954063616828327,"ns","neg","ns","ns"
"P00325_NDLGNPR(cit)GTLQDGTR_",284,0.36597836796355,-0.0657743623047053,0.762910984290388,-0.0210408656340022,0.587039487540432,-0.0380596192584985,0.00185053892964331,-0.222720201448778,"ns","ns","ns","neg"
"P00338_NR(cit)VIGSGCNLDSAR_",334,0.0204932083369,-0.166709236496824,0.00529690203632826,-0.190427177141495,0.51706926762054,-0.0448451369177565,0.0273436815317034,-0.157634143683364,"neg","neg","ns","neg"
"P00338_QQEGESR(cit)LNLVQR_",370,0.131893298411496,-0.118507861962815,0.024982946498742,-0.169441134238478,0.238195279887364,-0.0901472797209037,0.243890104446484,-0.0915049450141331,"ns","neg","ns","ns"
"P00338_VTLTSEEEAR(cit)LK_",488,0.635320145001372,-0.0589988997083318,0.15996917462382,-0.165035494015842,0.691391683442025,0.0469198615184113,0.862090132365983,0.021627080943419,"ns","ns","ns","ns"
"P00387_SNPIIR(cit)TVK_",351,0.0168782292562768,-0.189265190682413,0.151477222909648,-0.11048639783958,0.30371587621455,-0.0798195561541321,0.000911019855610354,-0.259726453461813,"neg","ns","ns","neg"
"P00450_EYTDASFTNR(cit)K_",405,0.0267395856030362,-0.202250356522542,0.198830906138377,-0.112120740910617,0.33243098382011,-0.0850163071342391,0.0149397587787568,-0.219908566555278,"neg","ns","ns","neg"
"P00558_IEAFR(cit)ASLSK_",237,0.978330096373402,0.00185896155919629,0.755718587550102,0.0201852673150149,0.296282440531905,0.0681249214321629,0.037631376871856,-0.140261303566956,"ns","ns","ns","neg"
"P00558_NNQITNNQR(cit)IK_",111,0.000289344277525297,-0.20010289644378,0.0156161892719604,-0.127884327558047,0.130680343774366,-0.0804855940130812,3.86846705811214e-05,-0.225496704237007,"neg","neg","ns","neg"
"P00558_YAEAVTR(cit)AK_",159,0.0403412640439636,-0.123948009836882,0.00108706698015274,-0.186799699197441,0.636722100138719,-0.0273307892949336,0.019745094951957,-0.140008180204156,"neg","neg","ns","neg"
"P00734_GR(cit)VTGWGNLK_",101,0.163237358578843,-0.0780060103322278,0.00570750744115101,-0.148101438347521,0.706715637443913,0.0203591586582199,0.129563376321561,-0.084388423840539,"ns","neg","ns","ns"
"P00736_LR(cit)YTTEIIK_",417,0.219512744725954,-0.114866873793677,0.389146516863397,-0.0767576547374811,0.665923836850513,-0.0385253346892924,0.271733364284703,-0.102890136031529,"ns","ns","ns","ns"
"P00738_LR(cit)TEGDGVYTLNDK_",135,0.794707096827938,0.0152133238660594,0.090989436939834,-0.0939100390794171,0.709746186229705,0.0208204481959873,0.758708612391825,0.0178378105821597,"ns","ns","ns","ns"
"P00738_LR(cit)TEGDGVYTLNNEK_",78,0.0658956077504219,-0.100754396258779,0.580896767454364,-0.0289106956038402,0.0583837944305712,-0.0993061490840423,0.0864704451914491,-0.0935275333834104,"ns","ns","ns","ns"
"P00738_VGYVSGWGR(cit)NANFK_",225,0.00278824597830066,-0.20068532871505,0.00116294687787503,-0.2038608254814,0.0195477998393008,-0.148196399682217,0.229601240059315,-0.0805912759741435,"neg","neg","neg","ns"
"P00747_NYR(cit)GTMSK_",276,0.114954537478854,-0.110162478610897,0.073190286338232,-0.119947651461477,0.690044715649735,-0.026851332609467,0.115692192450054,-0.109407534151191,"ns","ns","ns","ns"
"P00747_SPR(cit)PSSYK_",406,0.453659688849496,-0.0670803906725699,0.45484267253821,-0.0641378685221706,0.341653930905385,-0.0815530567316335,0.878090910544053,-0.0137464147163599,"ns","ns","ns","ns"
"P00751_ISVIR(cit)PSK_",433,0.809202639519641,-0.0256619212562629,0.737259552248491,-0.0336229191977287,0.774968701915055,0.0289461073553534,0.152580806889518,-0.148710180051692,"ns","ns","ns","ns"
"P00966_EDFEEAR(cit)K_",291,0.0195404224086266,-0.168852216174406,0.0482666818727464,-0.137787059622266,0.0570349510908279,-0.132811467488753,0.156182747337199,-0.102737197016563,"neg","neg","ns","ns"
"P00966_GR(cit)NDLMEYAK_",159,0.00790412645939538,-0.146206386240967,0.0141644854334568,-0.130283556207222,0.205269975163219,-0.0676775308478438,0.000612430274384104,-0.187351293857911,"neg","neg","ns","neg"
"P00966_QVEIAQR(cit)EGAK_",53,0.0129447459524549,-0.133881167200795,0.00441884945727529,-0.14630366863575,0.0603526057000539,-0.0969557318931067,0.0111047381899664,-0.136177124881131,"neg","neg","ns","neg"
"P00966_SQER(cit)VEGK_",407,0.41119387083964,-0.0724001191938053,0.197626525077453,-0.107238059532545,0.632575427177833,0.0400350463238407,0.0267071025956545,-0.192151515009404,"ns","ns","ns","neg"
"P01008_ENAEQSR(cit)AAINK_",216,0.00604109070460679,-0.178609426200026,0.0814565638699238,-0.107840961550481,0.0784635279897616,-0.109329623874172,0.154487600210354,-0.0927804374001224,"neg","ns","ns","ns"
"P01008_FSPENTR(cit)K_",377,0.723349530651385,-0.0291404525606287,0.998293192943119,-0.000169380451352885,0.835567742428123,0.0165380929110626,0.0548755470713903,-0.156054041146767,"ns","ns","ns","ns"
"P01008_LVSANR(cit)LFGDK_",459,0.700155850698672,0.0442989252029113,0.615350884041864,0.054943633741594,0.906671295095958,0.0129068445580794,0.638464893384476,-0.0540330857350364,"ns","ns","ns","ns"
"P01009_FLENEDR(cit)R_",246,0.579347850000553,-0.038103136173895,0.61104657598093,-0.0337089068311989,0.742673846569118,-0.0218124177487533,0.783854324337326,-0.0187710039797283,"ns","ns","ns","ns"
"P01023_R(cit)TTVMVK_",281,0.0332474444423146,-0.148782690556979,0.0118574571404803,-0.167503256355935,0.13709105680692,-0.0994221233423749,0.184099118284675,-0.0929078572854241,"neg","neg","ns","ns"
"P01023_YGAATFTR(cit)TGK_",99,0.0461072394600929,-0.114671627784804,0.0015502719767608,-0.173048029781964,0.15976909381892,-0.0776854403804866,0.0905365578827902,-0.0967682298245824,"neg","neg","ns","ns"
"P01024_CR(cit)EALK_",384,0.681722572675701,0.038480721624798,0.218741179416575,-0.109890078483164,0.534275625738859,0.056107841239677,0.300181413852831,-0.0957663922092082,"ns","ns","ns","ns"
"P01024_LGR(cit)EGVQK_",188,0.39474634451754,-0.0522925888225226,0.302563857436093,-0.0603284965006222,0.588613525253031,-0.0317789490404326,0.0678850330686008,0.111283714123863,"ns","ns","ns","ns"
"P01024_NR(cit)WEDPGK_",323,0.003763957580311,-0.212023209495606,0.0166643849948351,-0.169122308006199,0.266585842145186,-0.0791287498874509,0.00100633053285526,-0.23924408567863,"neg","neg","ns","neg"
"P01024_QLANGVDR(cit)YISK_",191,0.0994120570796237,-0.102609670526158,0.271502071836131,-0.0652377206708241,0.12687272308437,-0.0906371934290972,0.0288171332146089,-0.135335192284291,"ns","ns","ns","neg"
"P01024_TVAVR(cit)TLDPER_",382,0.856208451882453,0.0156234007513699,0.506621382128878,0.0552041595408758,0.194587386059322,0.10796495903739,0.828732899103385,-0.0185824080521127,"ns","ns","ns","ns"
"P01042_AR(cit)VQVVAGK_",114,0.200028778498896,0.073337977303982,0.461050920140417,0.0401669258324428,0.651954395813453,0.0246950038504033,0.0109543187938727,0.144092265896143,"ns","ns","ns","pos"
"P01833_AAGSR(cit)DVSLAK_",320,0.121328675820331,-0.127043006901394,0.17128957358697,-0.105411476439537,0.535495879664831,-0.0479932076443632,0.0741644158330894,-0.14478275762421,"ns","ns","ns","ns"
"P01871_VTER(cit)TVDK_",62,0.036276483794488,-0.113436724355525,0.0046586751422196,-0.146025747889612,0.331063042875382,-0.0506008416679139,0.131119868911688,-0.0814400417133039,"neg","neg","ns","ns"
"P01876_TIDR(cit)LAGK_",430,0.389972647316261,-0.0974180128785511,0.67242455027921,-0.0451781894015053,0.274994460322366,-0.116968659746481,0.885544651874986,0.0161427503405643,"ns","ns","ns","ns"
"P01876_WLQGSQELPR(cit)EK_",111,0.0280983266778833,-0.121635549208443,0.13796905732545,-0.0785534782806519,0.38167122257376,-0.0465697345767655,0.348647256995596,-0.0518329502965386,"neg","ns","ns","ns"
"P02545_AAYEAELGDAR(cit)K_",488,0.852139173246021,-0.02116985127661,0.749224779266923,-0.0347637862494219,0.602524663566997,-0.0569441003977522,0.574187333733036,0.0633547530630138,"ns","ns","ns","ns"
"P02545_FVR(cit)LR(cit)NK_",362,0.108805272135214,-0.133266579426986,0.102645437085467,-0.131167210415814,0.0908798689733582,-0.136275070247441,0.600658612796708,-0.0433751398047926,"ns","ns","ns","ns"
"P02545_ITR(cit)LQEK_",314,0.484250200978508,-0.0511861063562893,0.950525408712374,0.00432824814365907,0.323014142902502,-0.0690264274993147,0.960078217223011,-0.00366530007031717,"ns","ns","ns","ns"
"P02545_NIYSEELR(cit)ETK_",232,0.734094871276883,0.0226678301110098,0.430348284632027,0.0504009108209634,0.883640345565397,0.00939819949680026,0.995069698046868,-0.000409680202326239,"ns","ns","ns","ns"
"P02647_ENGGAR(cit)LAEYHAK_",322,0.942943445412417,0.00521286805540982,0.451373694849754,-0.0532828264384319,0.313673255635294,0.0714213375967972,0.568373710607214,-0.041421363657354,"ns","ns","ns","ns"
"P02647_ETEGLR(cit)QEMSK_",289,0.0433257610067786,-0.143035935534955,0.0742951887886194,-0.12003150241207,0.253567907341667,-0.0773002811471728,0.0172548853822792,-0.16698564323807,"neg","ns","ns","neg"
"P02647_LAAR(cit)LEALK_",418,0.698826584633954,0.034804655375097,0.460990561039962,0.0639794092599291,0.975870792156776,0.00262759835234641,0.784279956569205,0.0246289745953558,"ns","ns","ns","ns"
"P02649_LLR(cit)DADDLQK_",332,0.778093824815906,0.0217067602088143,0.510723671047892,-0.0481330293483805,0.95146809783668,0.0044929778908298,0.556709133069809,0.0448570762808583,"ns","ns","ns","ns"
"P02655_LR(cit)DLYSK_",511,0.735899649142944,0.0523194554176608,0.166008988851596,0.203191455068026,0.925421066266893,0.0138761896202563,0.781042581594167,0.0431261796799861,"ns","ns","ns","ns"
"P02671_DLLPSR(cit)DR_",394,0.0496297998969872,-0.169945954518866,0.112445052752198,-0.130139269762573,0.375215601538977,-0.0731638245357597,0.0696296895394797,-0.15606179412895,"neg","ns","ns","ns"
"P02671_DR(cit)QHLPLIK_",347,0.821686286879284,-0.0177883612203314,0.36720507361959,0.0679875970851106,0.500526558470441,0.0511101323444823,0.600037698119404,-0.0411156094382364,"ns","ns","ns","ns"
"P02671_GDKELR(cit)TGK_",432,0.0483057014089423,-0.198999376465226,0.920194367167069,-0.00984773407720859,0.352692450265965,-0.0911620755973651,0.0978438187334661,-0.167323650752232,"neg","ns","ns","ns"
"P02671_GPR(cit)VVER_",457,0.170984152654447,0.161970293573169,0.657614564457686,0.0506400578554164,0.0997975024466267,0.187724292568484,0.721331121039891,0.042162608412998,"ns","ns","ns","ns"
"P02671_NVR(cit)AQLVDMK_",109,0.0118510613389906,-0.142774153161186,0.0152994255678424,-0.131245968928655,0.336533399059835,-0.0523539525843248,0.0121962218441223,-0.141523450914919,"neg","neg","ns","neg"
"P02671_SCR(cit)GSCSR(cit)ALAR_",268,0.00232586088598866,-0.212073896810155,0.006214983603747,-0.182712554046584,0.127683770348277,-0.102546370750271,0.000848959098530829,-0.230162699103788,"neg","neg","ns","neg"
"P02671_VTSGSTTTTR(cit)R(cit)SCSK_",67,0.280373610592079,-0.0581102436997277,0.261270474532794,-0.0577710458649522,0.831784710567119,0.0109759534369193,0.0443330887833277,-0.107561363886465,"ns","ns","ns","neg"
"P02675_ECEEIIR(cit)K_",103,0.288856106141206,-0.0614343628777596,0.164623098125959,-0.0763304104612294,0.898863080419857,-0.00701236277398428,0.202049573524345,-0.0734936228476436,"ns","ns","ns","ns"
"P02675_R(cit)EEAPSLR_",257,0.620414415317854,-0.0331190197015231,0.000939358066368202,-0.208383839095003,0.474120453686967,0.0457529128901542,0.326362779268176,-0.0651446963558657,"ns","neg","ns","ns"
"P02675_SILENLR(cit)SK_",236,0.458907034353663,-0.0501888951300798,0.318437208967676,-0.0642660374202932,0.721463624997611,0.023129872472022,0.710752836564977,-0.0249136755830341,"ns","ns","ns","ns"
"P02679_R(cit)LDGSVDFK_",132,0.917082843555885,-0.0061722384229359,0.1042792666314,-0.0914083397799877,0.742550570775376,0.0185798835086016,0.360498282080095,-0.0537967331566487,"ns","ns","ns","ns"
"P02679_TR(cit)WYSMK_",461,0.860877908470505,0.0203023762615508,0.258117367637705,-0.125539213059388,0.87751191294278,-0.0172842335420566,0.201043923774869,-0.147321193181458,"ns","ns","ns","ns"
"P02749_ATVVYQGER(cit)VK_",33,0.535280772423279,-0.032688988249642,0.137858686039842,-0.0746963071520548,0.448928518917151,-0.0383038074600723,0.671785437149023,-0.0222203689055402,"ns","ns","ns","ns"
"P02749_LPECR(cit)EVK_",388,0.0101658399632948,-0.222163868147053,0.0474510336741189,-0.164347743767745,0.00801949277757951,-0.218636925843177,0.359341421039479,-0.0801094466265232,"neg","neg","neg","ns"
"P02751_LTVGLTR(cit)R(cit)GQPR_",389,0.310182038562542,-0.0914987147269968,0.59000983041078,-0.0466086761070675,0.588275763129367,-0.0468259513953246,0.0606434847004645,-0.167621018660527,"ns","ns","ns","ns"
"P02751_SEPLIGR(cit)K_",357,0.218148516981762,0.0978894826496116,0.447750860626726,0.0579216757288029,0.00689211435031395,0.205919204437581,0.416102433903267,-0.0641227697327364,"ns","ns","pos","ns"
"P02774_SR(cit)LSNLIK_",401,0.271750606848374,-0.0912369641404513,0.279173966728585,-0.0866192253247596,0.566653120140622,-0.0460732669228224,0.177894572847081,-0.111343983795391,"ns","ns","ns","ns"
"P02787_AVGNLR(cit)K_",284,0.56404794484547,-0.0449522337790964,0.273677978468628,-0.080457034780219,0.77746213425603,0.0208050582511371,0.623078165986605,-0.0380759897997902,"ns","ns","ns","ns"
"P02787_DSGFQMNQLR(cit)GK_",102,0.00153000747721412,-0.177273449787502,0.0204225543362004,-0.12460770464734,0.0235175862038824,-0.122103466194696,0.0239716317565687,-0.125995000790746,"neg","neg","neg","neg"
"P02787_LHDR(cit)NTYEK_",18,0.0365546613037149,-0.108443018654303,0.0173099574434007,-0.117637390292742,0.218778236955547,-0.0611645487973422,0.00220911838769909,-0.157376463843511,"neg","neg","ns","neg"
"P02787_VPPR(cit)MDAK_",132,0.0217840678261536,-0.132640778220106,0.0145227204118237,-0.134848907295849,0.368294240463649,-0.0500664853992496,0.0132859374172426,-0.142342514757473,"neg","neg","ns","neg"
"P02790_WDR(cit)ELISER_",220,0.00147371146127783,-0.20415568735818,0.00393854254469384,-0.178223781897992,0.0411022181318462,-0.12701451828343,0.00019564534600631,-0.237226254993771,"neg","neg","neg","neg"
"P04075_ADDGR(cit)PFPQVIK_",404,0.79597209531756,-0.0259167074432049,0.0923429176906603,-0.159097695690287,0.702845174562786,0.0364435796729994,0.641947209089817,0.0463567486587158,"ns","ns","ns","ns"
"P04075_R(cit)ALANSLACQGK_",364,0.384415939551676,0.0738064413194814,0.745065426131686,-0.0264121770667949,0.674423903108445,0.0343468075106197,0.325800187856064,-0.0830501678221727,"ns","ns","ns","ns"
"P04083_R(cit)NNAQR(cit)QQIK_",200,0.513211637198712,-0.0423190115918356,0.405018744322656,-0.0511665639284118,0.424150401813906,-0.0492066817000417,0.771193793679449,-0.0187507518272402,"ns","ns","ns","ns"
"P04114_INSR(cit)FFGEGTK_",366,0.211701892100507,-0.098647163944843,0.618163791022153,-0.0384995776400181,0.478955628217657,-0.0548261790461938,0.421602497371677,-0.0633706646168248,"ns","ns","ns","ns"
"P04114_NR(cit)NNALDFVTK_",407,0.689115855895029,0.0402923389401885,0.41328281774567,-0.0777107793786911,0.284280006057669,0.102057224892989,0.0665238768575852,-0.182400624236479,"ns","ns","ns","ns"
"P04406_LVTR(cit)AAFNSGK_",330,0.000305714711685669,-0.301784492058897,0.167418903314635,-0.113689075458772,0.00172397149661571,-0.254651576944898,0.271524608181367,-0.0939050494680565,"neg","ns","neg","ns"
"P04406_VGVNGFGR(cit)IGR_",411,0.787334748798204,0.0300606529955441,0.92292833607595,0.0100048813591131,0.995182506504471,0.000624417062395045,0.452019536686123,-0.0831594175822328,"ns","ns","ns","ns"
"P04844_SVASR(cit)ATVLQK_",110,0.883144068689848,0.0080727805054456,0.244598772902981,-0.0607230884009122,0.684457680384119,0.021312721664152,0.655851974514324,0.0243628777260167,"ns","ns","ns","ns"
"P04844_TTR(cit)VTYPAK_",471,0.419426584863673,-0.100279781645255,0.691407836966089,0.0479324407056577,0.122465742524287,-0.184996747697199,0.799112992641053,0.031679922063772,"ns","ns","ns","ns"
"P04899_NLR(cit)EDGEK_",432,0.032943549781144,-0.214573262521648,0.387317568621454,-0.0848211654930953,0.130492366707157,-0.14781882387411,0.000183889408169575,-0.367336688028317,"neg","ns","ns","neg"
"P05023_LNIPVSQVNPR(cit)DAK_",307,0.588656289685452,-0.0425343758538395,0.371646951190434,-0.0657012523558144,0.549419934465879,0.0441699826697233,0.45323582473098,0.0586065121662926,"ns","ns","ns","ns"
"P05023_R(cit)AVAGDASESALLK_",344,0.118883068860315,0.119005986936478,0.994343400120316,0.000516371859167026,0.0561660738788048,0.139160009736359,0.0750624350476545,0.134526762060688,"ns","ns","ns","ns"
"P05026_TEISFR(cit)PNDPK_",389,0.870376156820405,0.0143387062188214,0.292008348863054,0.0884089524447055,0.79711323163542,-0.0216863236391177,0.798340686925963,0.0223625576746031,"ns","ns","ns","ns"
"P05062_AHR(cit)FPALTQEQK_",118,0.21639373656067,-0.0718189935074298,0.105483449313159,-0.0896845577748522,0.737330778172415,-0.0186744292586809,0.120927523806856,-0.0895848582838444,"ns","ns","ns","ns"
"P05062_LFR(cit)NILK_",284,0.686758916825799,0.0291343227610008,0.81911832684334,0.0158741124654056,0.806939112678609,0.0170046484426397,0.431928992867957,0.0565978619012422,"ns","ns","ns","ns"
"P05062_VENTEENR(cit)R(cit)QFR_",302,0.00466813840395366,-0.188384707048726,0.00931776896011213,-0.1671804296879,0.10257458124053,-0.105855611795583,0.000482220788283301,-0.230328418118204,"neg","neg","ns","neg"
"P05091_SR(cit)VVGNPFDSK_",156,0.146202133562868,-0.090019523303561,0.653746948537395,-0.02645015163943,0.733301877235965,-0.0201637471088852,0.014676335961527,-0.14976608523239,"ns","ns","ns","neg"
"P05141_AGAER(cit)EFR_",360,0.945096752524158,0.00652164109541596,0.397038614108627,-0.0743199527038664,0.104000030698487,0.143236015042111,0.893823338345312,-0.0125829149707974,"ns","ns","ns","ns"
"P05141_TR(cit)LAADVGK_",301,0.345563198260778,-0.0691710181857983,0.259435548532653,-0.0797149002652623,0.422108179094144,-0.0567894636862822,0.811587767304972,0.0175009060256326,"ns","ns","ns","ns"
"P05783_ASLENSLR(cit)EVEAR_",410,0.605587025553846,0.0517328500306121,0.66692006910805,-0.0403806778214611,0.618165201503555,0.0469683586265731,0.67375184107147,0.0419768015585012,"ns","ns","ns","ns"
"P05783_NR(cit)EELDK_",497,0.197601213520417,-0.205415552237045,0.327777854548623,-0.142767699668452,0.992124424691521,-0.0014474715134186,0.055941960543454,-0.297214756235152,"ns","ns","ns","ns"
"P05783_TTTR(cit)R(cit)IVDGK_",171,0.536062854823438,-0.0381778235103194,0.292870174318075,-0.0612352298623371,0.993532827812365,0.000474744010882641,0.00557801869659061,-0.168874604672283,"ns","ns","ns","neg"
"P06727_GR(cit)LTPYADEFK_",257,0.115066051240592,-0.111778835208174,0.0149318693251862,-0.162096732277817,0.325277252034821,-0.0663213663925916,0.984294147819111,0.00138679124352667,"ns","neg","ns","ns"
"P06733_FAGR(cit)NFR(cit)NPLAK_",203,0.364300344917297,-0.059571927540532,0.245783220670724,-0.0720951106140631,0.477261657113354,-0.0442682811619008,0.489013667669357,-0.0452546525021924,"ns","ns","ns","ns"
"P06733_NFR(cit)NPLAK_",384,0.155690596083549,-0.133253643530013,0.0557187824083967,-0.168882156241193,0.347019848633865,-0.0841294894926568,0.0934511802014632,-0.155138411620182,"ns","ns","ns","ns"
"P06744_AALTR(cit)DPQFQK_",369,0.237131767403599,-0.0911531854738666,0.799984748026219,0.0188569613800377,0.771255211696773,-0.0216975518936977,0.34670028378301,-0.0726124952759794,"ns","ns","ns","ns"
"P06744_STEEAR(cit)K_",448,0.041625119556581,-0.225531384329061,0.0526440615343705,-0.206111893625826,0.349735678154633,-0.100869940500165,0.0837689925990373,-0.192126976580581,"neg","ns","ns","ns"
"P06748_SIR(cit)DTPAK_",274,0.375769892311305,0.0660370235492193,0.885601408367734,-0.010211382340122,0.968310414550424,0.00282686852052473,0.156661517074427,0.104844103976567,"ns","ns","ns","ns"
"P07237_FFR(cit)NGDTASPK_",409,0.0829153894462452,-0.159620907124764,0.559222802185019,-0.0512846662110377,0.256343954750539,-0.10026995458985,0.0666849164397831,-0.167268043453535,"ns","ns","ns","ns"
"P07305_GVGASGSFR(cit)LAK_",432,0.157453051775906,0.131539318693921,0.579448010385506,0.0504530424901187,0.435608690537676,0.0709325126577909,0.0974811626194767,0.153285426452958,"ns","ns","ns","ns"
"P07355_IR(cit)SEFK_",244,0.0446308069351686,-0.134016431564956,0.00551658296312183,-0.175389075069,0.807799660556557,-0.0155248817132816,0.000824384024525839,-0.219982893279198,"neg","neg","ns","neg"
"P07355_VFDR(cit)YK_",383,0.804195329773744,0.0222164011801359,0.933330704760998,-0.00721313092987231,0.49485497597601,0.0590268681524796,0.668075027690041,-0.0382616192252642,"ns","ns","ns","ns"
"P07900_IR(cit)YESLTDPSK_",416,0.519820057413414,-0.0664876889817194,0.685894053865513,0.0389919642134144,0.109932371933232,-0.153968882218247,0.120068545698747,0.159725962637505,"ns","ns","ns","ns"
"P08263_NR(cit)YFPAFEK_",451,0.564538581802208,0.0547643933731502,0.26492199146729,-0.101296580039371,0.347882942861664,0.0860716179415808,0.378328032734545,-0.0832858294575479,"ns","ns","ns","ns"
"P08263_SLEEAR(cit)K_",381,0.304466651998774,-0.0870915512913043,0.0275983175731246,-0.178717001352072,0.633223811061135,0.0391439074276692,0.225642371633295,-0.101954692413475,"ns","neg","ns","ns"
"P08263_TR(cit)ISNLPTVK_",454,0.475495033888701,-0.0693875921525202,0.760578792606658,-0.0289819408924677,0.903904951859443,0.0115899930842158,0.0872734604100754,-0.164562984220884,"ns","ns","ns","ns"
"P08311_VSMR(cit)R(cit)GTDTLR_",424,0.846029481154323,-0.0189941672478107,0.971408676971328,-0.00333497767866362,0.985225668270777,-0.00172305545730839,0.72241464936934,-0.034739384355417,"ns","ns","ns","ns"
"P08319_TSR(cit)FTCK_",347,0.2187888174904,-0.0936976052857012,0.348299428579977,-0.0685963407785728,0.472395123826081,-0.0527235458434581,0.456383106818815,-0.0568282909013271,"ns","ns","ns","ns"
"P08603_ENER(cit)FQYK_",315,0.0831228855989719,-0.122836268687789,0.0551652414881385,-0.129475596001455,0.926450502139586,-0.00627367904731702,0.000353465984373902,-0.248942618430121,"ns","ns","ns","neg"
"P08670_AR(cit)VEVER_",105,0.0427515530039237,0.11442163220499,0.14012696164951,0.0793606363354728,0.0373301156488419,0.112151539721024,0.539656223770395,-0.0345744910540567,"pos","ns","pos","ns"
"P08670_GTNESLER(cit)QMR_",224,0.0626486255972297,-0.124600459779433,0.0686834106601998,-0.116746007667935,0.462989288253351,-0.0473979140628491,0.135551365954116,-0.0993681809975279,"ns","ns","ns","ns"
"P09210_NR(cit)YFPAFEK_",487,0.115326067552339,-0.189914658902698,0.957409102938896,-0.00622917049790694,0.114506567201081,-0.182539094021006,0.395799342500428,-0.103077769578786,"ns","ns","ns","ns"
"P09210_SLEESR(cit)K_",371,0.120724173541591,-0.164750968250309,0.0399788039344608,-0.204755367162019,0.454057060763149,-0.0753269832172438,0.088416320611596,-0.178645193508178,"ns","neg","ns","ns"
"P09382_VR(cit)GEVAPDAK_",252,0.027628301497283,-0.145567347198889,0.0238465010229822,-0.143466069024831,0.349861233833071,-0.059978863274647,0.121223352389681,-0.102025518116785,"neg","neg","ns","ns"
"P09493_VIESR(cit)AQK_",124,0.00310488945304831,-0.167444362851642,0.000619471730100074,-0.184984985758455,0.747970074370113,-0.0175671803470795,0.0002236935993069,-0.207168406148015,"neg","neg","ns","neg"
"P09669_FR(cit)VADQR(cit)K_",154,0.0786978857791316,-0.105827211619977,0.0479055931859637,-0.113001215806031,0.625616329397189,-0.0280935471817098,0.117365952011636,-0.0937951515437266,"ns","neg","ns","ns"
"P09871_QR(cit)IIGGSDADIK_",445,0.408318087878781,-0.0840222744945759,0.631598880478752,-0.0457963577731291,0.390486443032395,0.0819254403935974,0.115778572855669,-0.158271021498525,"ns","ns","ns","ns"
"P0C0L4_NPSR(cit)NNVPCSPK_",439,0.261628985473869,-0.123116581107071,0.16935728193793,-0.141407502231992,0.799744857070739,-0.026229978994718,0.235187186925657,-0.130137810031729,"ns","ns","ns","ns"
"P0C0L4_QR(cit)VEASISK_",385,0.309617348886211,-0.0849589683575589,0.0223853860373191,-0.182191907730524,0.754113532206647,-0.0252769519555649,0.000274465550836328,-0.296841734519106,"ns","neg","ns","neg"
"P0C0L4_QYR(cit)NGESVK_",467,0.00143612129371348,-0.352625317410898,0.00143850803008393,-0.338396189659399,0.167034737203741,-0.151252359067013,0.0906785652818794,-0.190414225969308,"neg","neg","ns","ns"
"P0C0L4_TFFR(cit)GLESQTK_",349,0.128728882389829,-0.123356733892208,0.356051992418838,-0.07079944063287,0.095083367832501,-0.128436443662021,0.0276491141853021,-0.176921616342773,"ns","ns","ns","neg"
"P0DMV9_LR(cit)TACER_",250,0.559454688301408,-0.0365016988300239,0.450399370421586,-0.0454482413296631,0.968534519425852,0.00238086501726426,0.0773158535390981,-0.109962337105385,"ns","ns","ns","ns"
"P0DMV9_R(cit)NSTIPTK_",395,0.0658929376149019,0.16180235932247,0.575565876539881,0.0468750826884682,0.229243880354084,0.100815568455383,0.0472821795823828,0.173005673971874,"ns","ns","ns","pos"
"P10412_ER(cit)SGVSLAALK_",378,0.0160803109260445,-0.193081892586007,0.0785646612771219,-0.137758753450712,0.91372974538347,-0.00855112700503181,6.01217507635e-05,-0.31456523150837,"neg","ns","ns","neg"
"P10515_GR(cit)VFVSPLAK_",249,0.0267591384640979,-0.15471658356779,0.102453328526338,-0.109154055039352,0.45928458629588,-0.0499180793801453,0.046369172977663,-0.138625002465154,"neg","ns","ns","neg"
"P10643_NAR(cit)CVQK_",439,0.186950845947586,-0.165764191960304,0.656642626031964,0.0514698038767148,0.355469542980332,-0.107467456158498,0.10934068223344,-0.197397998801405,"ns","ns","ns","ns"
"P10809_APGFGDNR(cit)K_",427,0.229321968187986,-0.127980370991305,0.0294683453727329,-0.217833467440141,0.786877182061253,-0.0275173338782873,0.0220095442150926,-0.241204153883085,"ns","neg","ns","neg"
"P11021_DNR(cit)AVQK_",216,0.395564269984607,-0.0526009981772308,0.218938351973176,-0.0724082015488651,0.572851492378814,0.0334199739717158,0.0129763041698622,-0.152158084483602,"ns","ns","ns","neg"
"P11168_R(cit)LR(cit)GYDDVTK_",445,0.652884043539594,0.0446198318206007,0.989788271753834,-0.00120668101596062,0.343260053724608,0.0895728712486223,0.301710741625036,-0.102241641014528,"ns","ns","ns","ns"
"P11177_VSR(cit)GLWK_",477,0.446451786322799,-0.0852316634035558,0.444099292612585,-0.0816753638634566,0.642714190264756,0.050138450495295,0.0127898242862212,-0.27060056396558,"ns","ns","ns","neg"
"P11310_EFQATAR(cit)K_",358,0.238786874742153,-0.0890004899199806,0.748117418700803,-0.0231417770447444,0.455465725467145,-0.0541762095992947,0.103991749105846,-0.121918543037568,"ns","ns","ns","ns"
"P12111_FR(cit)QSSPDSVK_",308,0.103655151403741,0.123432497818461,0.609048991614662,0.0366590189949735,0.232960661340449,0.0860327886506691,0.219232095911296,-0.0928032766161867,"ns","ns","ns","ns"
"P12111_SSDR(cit)VDGPASNLK_",264,0.163851914251868,-0.100614218880908,0.276495566717018,-0.0740283519429161,0.352821731908817,-0.0635240090721149,0.0269236220287591,-0.158060707494512,"ns","ns","ns","neg"
"P12277_R(cit)LR(cit)LQK_",415,0.0282178212900543,-0.202921250448127,0.00653378226976776,-0.242061999920504,0.0869216523126727,-0.154370460285345,0.365339255017668,-0.0837209361496143,"neg","neg","ns","ns"
"P12814_EAMLR(cit)QK_",463,0.970051064258849,0.00418445902512659,0.0626016624882798,-0.194926539767209,0.536750249944851,0.0652264732839635,0.917350892607401,0.011565391207127,"ns","ns","ns","ns"
"P13073_VELYR(cit)IK_",442,0.234743794551922,0.137012426325549,0.157279368409554,0.154765869745729,0.579008550900315,0.0610276022661374,0.450196270548406,-0.0873138530688687,"ns","ns","ns","ns"
"P13611_SPPVR(cit)GSLSGK_",469,0.359256622900621,-0.100075129788853,0.871270817967398,0.0170323721512705,0.0687035980904312,-0.189611082064132,0.753715898356114,0.0343241214231056,"ns","ns","ns","ns"
"P13639_GEGQLGPAER(cit)AK_",238,0.203850158285221,-0.0823111408102981,0.0290491625369413,-0.134883080929118,0.334911608617897,-0.0599206487359074,0.25397515468612,-0.0736116075745876,"ns","neg","ns","ns"
"P13667_R(cit)FDVSGYPTLK_",497,0.0949255117257608,-0.199731644918074,0.578599666352622,-0.0647180787858516,0.659295730682589,-0.0513913408572996,6.69179382339861e-05,-0.455049457220402,"ns","ns","ns","neg"
"P13804_VVVSGGR(cit)GLK_",322,0.279862803616635,-0.0916293104448974,0.666306614786019,-0.0350235822197922,0.232066318242133,0.0971824132383993,0.000129396343468452,-0.315739828898341,"ns","ns","ns","neg"
"P14618_APIIAVTR(cit)NPQTAR_",125,0.473026540702628,-0.0425977028597706,0.23969602301502,-0.0664367413440918,0.992608607296667,0.000525728248666105,0.145413705835428,-0.0860061263413309,"ns","ns","ns","ns"
"P14618_AR(cit)GFFK_",402,0.0223924383101293,-0.201746469744282,0.087857890781878,-0.144788493882622,0.247040732665087,-0.0988354654935889,0.174268246787598,-0.11988616549044,"neg","ns","ns","ns"
"P14625_IYFMAGSSR(cit)K_",488,0.14588529545753,-0.196861063264875,0.986482979682668,0.00216031180981319,0.191758832916132,-0.165307066261199,0.00907594771889921,-0.34265457984149,"ns","ns","ns","neg"
"P15311_AQAR(cit)EEK_",306,0.170634234526018,-0.0951320080694419,0.0804202387360979,-0.115268189804273,0.158397181171642,-0.0937208992534176,0.564397252723506,-0.0398016175697707,"ns","ns","ns","ns"
"P15311_TLR(cit)QIR(cit)QGNTK_",337,0.979662373829107,-0.0018767562436015,0.23439954192069,-0.0834157266801083,0.546855073524917,0.042529250117573,0.0809263407164585,-0.127282054821803,"ns","ns","ns","ns"
"P15311_VSAQEVR(cit)K_",312,0.754717467055212,-0.0216862851133838,0.114879074258496,-0.104935270406338,0.440910459908622,0.0517466644334071,0.273816083446238,-0.0753179967640587,"ns","ns","ns","ns"
"P15924_QR(cit)TQEELR_",461,0.704306892815065,-0.0442450911339456,0.556074228544395,-0.0632316119575377,0.560473575599606,-0.062530055448933,0.689637390498871,-0.0465549811774387,"ns","ns","ns","ns"
"P18077_TR(cit)VIWGK_",472,0.806977257912061,0.0267329794572277,0.103360279778889,-0.169045911339283,0.427778582077828,0.0836747562662987,0.364878393757273,-0.0977576387099545,"ns","ns","ns","ns"
"P18206_NR(cit)NFTVEK_",303,0.076293882042132,-0.137548814556258,0.122981266258606,-0.113492163915072,0.599622824092659,-0.0388432800567312,0.659157975076805,-0.0342756547500317,"ns","ns","ns","ns"
"P18621_NTR(cit)ETAQAIK_",454,0.304845924768988,-0.101584284192649,0.0278350423677005,-0.209780884320312,0.831439439817658,0.0205273606014322,0.0224438812071776,-0.223703035774999,"ns","neg","ns","neg"
"P19338_GQNQDYR(cit)GGK_",226,0.487968728720538,-0.0428684250515281,0.0172982681537926,-0.140912221040361,0.989894998336797,-0.000756207705368808,0.629484127199971,-0.0297145012364776,"ns","neg","ns","ns"
"P19827_AAISGENAGLVR(cit)ASGR_",459,0.215800166392782,0.135642244329108,0.684201703241376,0.0427352913220849,0.0935571248208339,0.175870604090962,0.680387457255355,0.0450567826347592,"ns","ns","ns","ns"
"P19827_VTYDVSR(cit)DK_",407,0.690840768975349,-0.0396565132339484,0.840015205330521,-0.0192899317775486,0.277539324915442,-0.103962902714818,0.545233737298217,0.0602857946800394,"ns","ns","ns","ns"
"P20962_R(cit)AAEEEDEADPK_",368,0.0521587857544369,-0.179216816460111,0.00983940680788153,-0.22565705709398,0.302648043875509,-0.0910963263081107,0.131645173766435,-0.139001027334179,"ns","neg","ns","ns"
"P21333_AEISFEDR(cit)K_",295,0.320163685303273,0.0711913618489056,0.967966585289538,0.00275485663271706,0.40017949009262,0.0579374645396392,0.225726542547732,-0.0860421574278429,"ns","ns","ns","ns"
"P21333_R(cit)IANLQTDLSDGLR_",438,0.399549181040214,0.084728348772163,0.961159040480371,-0.00463271763145467,0.227412997013204,0.114448668206798,0.461824246119573,-0.0740404626872067,"ns","ns","ns","ns"
"P21333_R(cit)LTVSSLQESGLK_",246,0.983613007483508,-0.00130294447486491,0.427987264287998,-0.0480772627714512,0.150885930569893,0.0873308064326634,0.000258509329601982,-0.227805365131294,"ns","ns","ns","neg"
"P21695_VAEAFAR(cit)TGK_",373,0.0676793198997603,-0.156573144822772,0.113819906146897,-0.125498370162726,0.242006078042337,-0.0933197130106184,0.368605576636193,-0.0771229216789891,"ns","ns","ns","ns"
"P21796_SAR(cit)DVFTK_",171,0.938736297534716,-0.00469046258381344,0.675796921087555,-0.0242021290621682,0.752682833589785,0.0183289722673394,0.728071553468003,0.0210602159312047,"ns","ns","ns","ns"
"P21796_SR(cit)VTQSNFAVGYK_",322,0.118415000031858,-0.118128808783552,0.00961855188283037,-0.185005991470698,0.321904787489866,-0.0713029349810747,0.105846959099409,-0.121961991702206,"ns","neg","ns","ns"
"P21810_AFSPLR(cit)K_",386,0.336967144210044,-0.0880328057059147,0.28210191950447,-0.0943079420557962,0.679246821263444,-0.0364643477407452,0.159943716094543,-0.128020096859364,"ns","ns","ns","ns"
"P22626_LTDCVVMR(cit)DPASK_",446,0.538911367656415,-0.0621681330397424,0.0568869519602936,-0.180472220407242,0.65777342615014,0.0427059512501036,0.109911671843839,-0.160030656391013,"ns","ns","ns","ns"
"P22626_TLETVPLER(cit)K_",215,0.0123146923544044,-0.166258323137223,0.0882145161357689,-0.108931080797499,0.0671788444328963,-0.116901804542187,0.00190954316677341,-0.20495653972242,"neg","ns","ns","neg"
"P22695_ANYR(cit)GGEIR_",444,0.776032828583636,0.0404184504363956,0.447952909269972,-0.0981359891861416,0.0359386062442346,0.266975171122581,0.0510704245727096,-0.272026323645931,"ns","ns","pos","ns"
"P23284_VLEGMEVVR(cit)K_",301,0.367178804931146,0.0749117113823595,0.767028881621206,0.0229568736858594,0.251342629112552,0.0887223715220693,0.730727758504821,0.0285256908676898,"ns","ns","ns","ns"
"P24752_R(cit)VDFSK_",447,0.56298231129359,0.0628606805877227,0.193421437894178,-0.132492716489939,0.163057049225402,0.143504460859535,0.185589708645537,-0.142426941799846,"ns","ns","ns","ns"
"P25705_AVDSLVPIGR(cit)GQR_",268,0.677735599375878,-0.0294145667142168,0.847995196862133,-0.0128495106699789,0.558117819546786,-0.0393346020945627,0.879574420074017,0.0106730146983115,"ns","ns","ns","ns"
"P25705_ELIIGDR(cit)QTGK_",475,0.294021539945274,-0.115142709557192,0.0332736089415481,-0.218651237574161,0.954529769466541,-0.00592849579066202,0.406847273564341,-0.0905838114283888,"ns","neg","ns","ns"
"P25705_ISVR(cit)EPMQTGIK_",163,0.909011532252966,-0.00687286498332834,0.93803620091159,-0.00447702057907437,0.444216533332373,0.0441878565238118,0.845850304727248,0.011628552501123,"ns","ns","ns","ns"
"P25705_R(cit)LTDADAMK_",83,0.340090571295745,-0.0537548123494673,0.360388058398758,-0.0488944761319322,0.840993936060395,-0.0107618999943175,0.0260066491001638,-0.124446332727597,"ns","ns","ns","neg"
"P25705_R(cit)STVAQLVK_",410,0.157703757920607,-0.130337098352959,0.0791026214987928,-0.155172345572953,0.513367508564644,-0.0582935949154531,0.00759868764684172,-0.243577477789285,"ns","ns","ns","neg"
"P25705_VGSAAQTR(cit)AMK_",439,0.710103905497824,0.0355112104025119,0.386624638628728,-0.0774737773848046,0.638892379004653,0.0422059316657503,0.540121097459173,-0.0584947026918509,"ns","ns","ns","ns"
"P27348_YLAEVACGDDR(cit)K_",458,0.482428509394758,0.0781659913023937,0.371827423084401,0.0926548477156006,0.578698843529495,0.0586445649320736,0.470814450310572,-0.0792706873683469,"ns","ns","ns","ns"
"P29401_GR(cit)GITGVEDK_",188,0.0127722860184565,-0.148646669679329,0.0115063766795566,-0.145239089669895,0.396544968869582,-0.0491237283403631,0.00302907481181564,-0.175642691996627,"neg","neg","ns","neg"
"P30041_R(cit)VATPVDWK_",270,0.0877945603492974,-0.116167023538511,0.129200326670204,-0.0992600116042377,0.3400622820691,-0.062507271962287,0.0324330089336343,-0.144609400509048,"ns","ns","ns","neg"
"P30050_EPPR(cit)DR(cit)K_",477,0.757257829166581,-0.0344385660822838,0.10529284624431,-0.172838322614868,0.820745091284205,-0.024500925877392,0.410623398941133,0.0909510434260373,"ns","ns","ns","ns"
"P30086_VASFR(cit)K_",373,0.197776114136302,-0.123738735663233,0.151895049848862,-0.132734924039317,0.204640560981966,-0.118124624213957,0.623260271383746,-0.0473520546879004,"ns","ns","ns","ns"
"P30101_LNFAVASR(cit)K_",415,0.554569306563687,0.0617170960445577,0.227240615139401,-0.117709439977058,0.261637892694852,0.109478228468573,0.880912674597488,0.0156605546367381,"ns","ns","ns","ns"
"P31327_ASR(cit)SFPFVSK_",455,0.508756920058346,-0.0780245962063567,0.267340616900553,-0.123154916360267,0.329049403676624,-0.10846167934869,0.647087692485945,0.0537277451889721,"ns","ns","ns","ns"
"P31327_EWPSNLDLR(cit)K_",226,0.0714446862543803,-0.118571750571269,0.0969055581047395,-0.104390567990396,0.551998446808569,-0.0376407298231195,0.455613116376981,-0.0489011629162967,"ns","ns","ns","ns"
"P31327_LR(cit)DADPILR_",447,0.951941289831776,0.00581279026112712,0.417880516111087,-0.0752715030191544,0.275968420485798,0.101546639832532,0.788936250373779,0.0256948917487439,"ns","ns","ns","ns"
"P31930_NR(cit)PGSALEK_",169,0.00468941293413742,-0.170043465365904,0.00850123688003779,-0.150684135739143,0.183102358963862,-0.0769390875921406,0.00215894841689936,-0.183238780567296,"neg","neg","ns","neg"
"P32119_ASGNAR(cit)IGK_",439,0.723793627629013,0.0357778256477386,0.367821945720105,0.0870981390064669,0.965468273081931,-0.00423497940477019,0.285259610324869,-0.107356187847103,"ns","ns","ns","ns"
"P35268_AGNLGGGVVTIER(cit)SK_",425,0.748021788455661,-0.034138136873458,0.454805264919124,0.0763711493046813,0.771184214026115,-0.02975313247692,0.448999966511893,-0.0798974949949403,"ns","ns","ns","ns"
"P35542_AEEWGR(cit)SGK_",466,0.527178774922374,-0.0675199206859587,0.102254606689338,-0.165192824500419,0.86004117695282,0.0179475141509449,0.813787864888947,0.0250337352821405,"ns","ns","ns","ns"
"P35579_ASR(cit)EEILAQAK_",270,0.802811713502026,-0.0164463821344418,0.48417062449415,-0.0440935960674732,0.636502191950866,0.0299127361790679,0.60494978443069,-0.033915783772515,"ns","ns","ns","ns"
"P35579_ER(cit)QAACK_",413,0.882751349488207,0.0151703620930184,0.239962453185915,0.113496695879152,0.778462696649674,0.0272550667864555,0.857347426948085,0.0184891584888464,"ns","ns","ns","ns"
"P35579_NENAR(cit)QQLER_",337,0.0477186401709092,-0.164152568943158,0.15471944460671,-0.113386163865772,0.213315938524603,-0.099551359361644,0.00459881866987505,-0.232506441239546,"neg","ns","ns","neg"
"P35749_ASR(cit)DEIFATAK_",147,0.499540808917661,-0.0412660671030958,0.586104349187098,-0.0315600638422077,0.888637828400517,0.00815952441276914,0.108026076011951,-0.0973045300293317,"ns","ns","ns","ns"
"P35749_NESAR(cit)QQLER_",424,0.371349832181553,-0.0881253820007729,0.025917433049369,-0.211417293828283,0.854291602629972,0.0176290631506002,0.364497013371852,-0.0889590482130737,"ns","neg","ns","ns"
"P35749_R(cit)LVWVPSEK_",281,0.0320420876172192,-0.166492656703051,0.10148683620088,-0.121445007045671,0.373961248459651,-0.0664720353240464,0.0117335422326431,-0.19345162308672,"neg","ns","ns","neg"
"P35749_VGR(cit)DVVQK_",123,0.09379627348675,-0.0980787386113756,0.0843073769141172,-0.0959022921460496,0.301240326961206,-0.057696656412955,0.23350208778209,-0.0693403931800066,"ns","ns","ns","ns"
"P37802_DVGR(cit)PQPGR_",515,0.808268039550425,-0.0471081947795224,0.829217235360901,0.0390405835708302,0.820777848080069,0.0410007269274862,0.424640320706158,-0.154149852027233,"ns","ns","ns","ns"
"P38646_LINR(cit)NTTIPTK_",213,0.775682852223687,0.0185666891792727,0.615224036101467,0.0311343145442085,0.389847563056784,0.0534445676524478,0.158545065440572,-0.0913004015725043,"ns","ns","ns","ns"
"P38646_R(cit)ETGVDLTK_",436,0.0692815439420313,-0.173077618675482,0.0578341181269388,-0.173666816852563,0.880757121974294,-0.0138973760106989,0.0271869336790612,-0.208750939863956,"ns","ns","ns","neg"
"P39023_LLPLR(cit)QK_",360,0.175697971186739,-0.110408987001427,0.334328556069239,-0.0738354538936278,0.788126235021636,-0.0206399030027609,0.10932386995565,-0.129968703661016,"ns","ns","ns","ns"
"P40429_R(cit)GQAALDR(cit)LK_",228,0.969529522198595,0.00263279710260489,0.112104391609476,-0.103037743054363,0.881840926259269,0.00968540190866864,0.619724721448738,-0.0340319083973111,"ns","ns","ns","ns"
"P42765_ISR(cit)EECDK_",259,0.149291547803335,-0.103654559581197,0.121302506700277,-0.105736332582391,0.624736801508263,-0.0335457941957407,0.282008799409113,-0.0772232554271681,"ns","ns","ns","ns"
"P42765_YALQSQQR(cit)WK_",398,0.0555370549637615,-0.158815536298141,0.0803775200729737,-0.13736025928553,0.316211891146914,-0.0794844330632348,0.0770940227273429,-0.14527814011629,"ns","ns","ns","ns"
"P43146_R(cit)APR(cit)AK_",419,0.93070223496454,-0.00846622506601952,0.113319695623751,-0.146539960787304,0.43573841887468,0.0727419251971321,0.984741347191617,-0.00185321170366871,"ns","ns","ns","ns"
"P45880_AAR(cit)DIFNK_",423,0.161632298871173,0.13315412059931,0.271003699545905,0.100439318317495,0.136389323723877,0.136179444928868,0.245661953976921,0.110104854765764,"ns","ns","ns","ns"
"P45954_YFR(cit)DAK_",475,0.0264698505538612,-0.24969555998108,0.0828512704303017,-0.191510588297151,0.235723392658721,-0.131581054407829,0.136177645697559,-0.16806441018778,"neg","ns","ns","ns"
"P46776_R(cit)NQSFCPTVNLDK_",339,0.332923242890268,-0.0729902297127484,0.221462689477508,-0.0874997123214656,0.675933529271484,-0.030043899420614,0.0373076402258425,-0.155784346577297,"ns","ns","ns","neg"
"P46777_R(cit)FPGYDSESK_",422,0.894566791675319,0.0130261484605929,0.651498144337917,-0.0423777014080565,0.293354934150591,0.0988262012906574,0.337630818461152,-0.0935918199218797,"ns","ns","ns","ns"
"P46777_TDYYAR(cit)K_",519,0.228145227133926,-0.194897393407897,0.957616962085729,-0.00835035180993818,0.649282919465024,-0.071364396108694,0.493711167325921,-0.111411207595324,"ns","ns","ns","ns"
"P46778_SR(cit)DSFLK_",417,0.165939509406492,-0.134265138241832,0.137718639465168,-0.136872746546263,0.537555872824155,-0.0573181138679381,0.203900122146315,-0.122647542061069,"ns","ns","ns","ns"
"P46781_SR(cit)LDQELK_",257,0.480373340361593,-0.0487271155288469,0.146591748113061,-0.0949891436352918,0.749099249909839,0.0210635399641106,0.870532172019194,-0.0112065434969575,"ns","ns","ns","ns"
"P48735_ATDFVADR(cit)AGTFK_",88,0.0993785420715425,-0.09142724048256,0.0134422901526317,-0.130719822581756,0.8441706765796,0.010469039665934,0.00473718411750472,-0.155358017870232,"ns","neg","ns","neg"
"P48735_AYDGR(cit)FK_",442,0.415915643615716,-0.0831026700187507,0.267068167117609,-0.106245534629091,0.90405768087701,0.0116251756750164,0.705160149530276,0.0385018979852667,"ns","ns","ns","ns"
"P50440_R(cit)VMVDANEVPIQK_",220,0.433313151932773,0.0513522589533239,0.0317674590271273,0.133219169460015,0.600028885979295,0.0327316724106425,0.060846306465298,0.121958918689702,"ns","pos","ns","ns"
"P50914_MTDFDR(cit)FK_",368,0.970601227764413,-0.00321382235511385,0.815395564612583,-0.0191570618970605,0.698388685649328,0.0318977413285739,0.880117088003805,-0.0130527054159416,"ns","ns","ns","ns"
"P50914_WAATR(cit)WAK_",245,0.0518844352927755,-0.126711806051252,0.000557218703993754,-0.212632272122838,0.77466816144436,-0.0179081786314063,0.0605624829537016,-0.121324482185196,"ns","neg","ns","ns"
"P50914_YVR(cit)QAWQK_",173,0.00494238861869541,-0.168134314617706,0.00310079276775836,-0.169656869296814,0.0506990583673192,-0.11292561623466,0.000464904492928972,-0.20745319684876,"neg","neg","ns","neg"
"P51888_LTDR(cit)GLPK_",370,0.0316457938594971,-0.198808802134231,0.0710529929153209,-0.158237057157738,0.658628365757541,-0.0391120170915562,0.0292070171923286,-0.199989579346874,"neg","ns","ns","neg"
"P52209_SFLEDIR(cit)K_",484,0.021716005570022,-0.381420624919908,0.35559992798269,-0.144390007824145,0.708497216392776,-0.0586958184613973,0.0788070704506294,-0.296775181771241,"neg","ns","ns","ns"
"P53999_TGETSR(cit)ALSSSK_",351,0.0763999235993051,-0.152462654122291,0.176758554085056,-0.110140149875009,0.971342354462978,0.00294800659825606,0.0169359182948041,-0.203013186810548,"ns","ns","ns","neg"
"P55072_LAGESESNLR(cit)K_",435,0.727976937999001,-0.0345133237916215,0.738860573679363,-0.0319954666804548,0.684743779559051,-0.0391427333514319,0.657405274659296,-0.0437843658829101,"ns","ns","ns","ns"
"P56470_WGSEER(cit)K_",377,0.147721103277258,-0.117981573226103,0.0122797295394623,-0.195734012205425,0.97470914336758,-0.00251813969731346,0.0983987453003874,-0.133666387653038,"ns","neg","ns","ns"
"P60174_LDER(cit)EAGITEK_",198,0.100951186334054,-0.110624237414565,0.00023528301544296,-0.234329087371289,0.605966606170239,-0.033322731272098,0.14134461962349,-0.0988063151213279,"ns","neg","ns","ns"
"P60709_IIAPPER(cit)K_",326,0.307360790667313,0.0719959653481166,0.508743996744022,0.0449906506037344,0.759752285840322,0.0208293053191231,0.220403249168183,0.0861689334484296,"ns","ns","ns","ns"
"P60709_ILTER(cit)GYSFTTTAER_",387,0.178912904781763,-0.109963862617135,0.368803908115976,-0.0706304808520494,0.731983116040601,-0.0269451186989839,0.0437031769252698,-0.163839648735512,"ns","ns","ns","neg"
"P60866_GPVR(cit)MPTK_",434,0.0187536521427636,-0.263938990446073,0.0097640977970324,-0.272557442996334,0.066799265602673,-0.195185880649183,0.467148852193491,-0.0824542736572803,"neg","neg","ns","ns"
"P60866_TLR(cit)ITTR(cit)K_",290,0.378057478143129,-0.0633046735419677,0.0397874547001927,-0.141664284601121,0.925333582087081,-0.00649026434892772,0.0733173279331489,-0.127882220587043,"ns","neg","ns","ns"
"P60866_VCADLIR(cit)GAK_",406,0.166097277794099,-0.138857915483218,0.0536539418420549,-0.182842970559973,0.226689697367611,-0.115144515029298,0.00182178317347795,-0.30654777779511,"ns","ns","ns","neg"
"P60903_EDLR(cit)VLMEK_",396,0.327257761907086,-0.0855985971323811,0.318689686071965,-0.0836796377017451,0.778704160810922,0.0237038177676048,0.612954661570899,-0.0440914974308667,"ns","ns","ns","ns"
"P61160_R(cit)LDIAGR_",493,0.257082054307952,0.240766595657728,0.983438190397951,0.00403213988857477,0.407284222846266,-0.159922949606851,0.390388039151619,0.183630036743152,"ns","ns","ns","ns"
"P61247_TLVTR(cit)TQGTK_",353,0.952475729079405,0.00481032680557924,0.27121932387008,0.0851133108669069,0.426030526050262,-0.0618156932049951,0.345947927532222,0.0754717986531507,"ns","ns","ns","ns"
"P61313_AR(cit)R(cit)LGYK_",436,0.452821226121362,0.0747796039547208,0.153828698997168,-0.136273240839802,0.658698756310894,0.0423862628798204,0.948381119446365,-0.00645775491615268,"ns","ns","ns","ns"
"P61353_DVFR(cit)DPALK_",472,0.405622061926402,-0.102483145015852,0.268023147306617,0.127797653717787,0.986821618799064,-0.00191363157131272,0.639136755432772,-0.0574525884452643,"ns","ns","ns","ns"
"P61981_R(cit)ATVVESSEK_",241,0.00134095419350461,-0.224710543488559,0.0334036729702215,-0.143164748353623,0.0228775566091268,-0.15303004242599,0.00862088611553286,-0.184373337865195,"neg","neg","neg","neg"
"P62241_YELGR(cit)PAANTK_",336,0.0328455484844977,-0.166741779995814,0.179487359035597,-0.100217927286802,0.405999094659701,-0.062135164497177,0.00758689742249907,-0.207168141705875,"neg","ns","ns","neg"
"P62249_GPLQSVQVFGR(cit)K_",184,0.408924604025912,-0.0509355751431761,0.241384322384378,-0.0687726082029006,0.646143256620961,0.0271200138501262,0.00463881308990248,-0.172126637266966,"ns","ns","ns","neg"
"P62805_R(cit)ISGLIYEETR_",326,0.100899636460011,-0.124063742076395,0.0486724684803121,-0.139945471995175,0.481361410679732,-0.0503261678290645,0.170450578759923,-0.103195137060009,"ns","neg","ns","ns"
"P62805_RQGR(cit)TLYGFGG_",369,0.630629565990179,-0.0425645132924432,0.0399252049509552,-0.169671888459718,0.943478029258431,0.00591847588299969,0.318135692340695,-0.0872214850675894,"ns","neg","ns","ns"
"P62820_R(cit)MGPGATAGGAEK_",456,0.77280621585602,-0.0394548461255721,0.813507577758211,-0.0298325635468341,0.609868273317121,0.0660771142374106,0.0852599842838526,-0.22794837794789,"ns","ns","ns","ns"
"P62834_YDPTIEDSYR(cit)K_",314,0.931847076532845,0.00748618624298092,0.635227770027993,0.0389133685817171,0.726206355968801,-0.0288269865182383,0.851054405642172,0.0163115537028996,"ns","ns","ns","ns"
"P62937_FGSR(cit)NGK_",317,0.143168400884743,-0.109561584304556,0.00141491902413271,-0.227022407628543,0.542913588664897,0.044175449898817,0.0409468254561488,-0.151267754902036,"ns","neg","ns","neg"
"P62937_TAENFR(cit)ALSTGEK_",77,0.88418330607937,0.00802471979645851,0.592586629415137,-0.0280988159251802,0.623765679802696,0.0258663267191583,0.4891898575028,-0.0379141578093438,"ns","ns","ns","ns"
"P63096_NLR(cit)EDGEK_",223,0.0357064994432599,-0.135369707876012,0.26672685830735,-0.068339405172977,0.379033400362792,-0.054358380531569,0.100364273308603,-0.105436100583205,"neg","ns","ns","ns"
"P63261_GYSFTTTAER(cit)EIVR_",515,0.355316571392406,0.207003947785509,0.609382140078862,0.105097183314703,0.0597376348562493,0.374095746348414,0.389628488285503,-0.188270232315529,"ns","ns","ns","ns"
"P63261_IIAPPER(cit)K_",355,0.397986481511483,0.0785247318269275,0.578096024314419,-0.0486565903567447,0.254976416141745,0.100557374448192,0.695604135059633,0.0360831467568277,"ns","ns","ns","ns"
"P63267_CDIDIR(cit)K_",248,0.991093007875056,0.000736899239083483,0.199276160327288,-0.0808080688366875,0.0989685799954461,0.104167289567689,0.0167457432884116,-0.156260745529874,"ns","ns","ns","neg"
"P67936_AEFAER(cit)TVAK_",349,0.0248914173000425,-0.199801632039108,0.249834233951678,-0.0968543490722604,0.309920012244708,-0.0858107920405362,0.00367218278716254,-0.257000259196823,"neg","ns","ns","neg"
"P68133_CDIDIR(cit)K_",480,0.885284032543331,0.0218714384543099,0.556780927172887,0.081744983241022,0.44111474867757,-0.107028926901414,0.0314719996504969,0.317632935734183,"ns","ns","ns","pos"
"P84098_GTANAR(cit)MPEK_",415,0.00194571872567345,-0.2596828499594,0.00698422345012742,-0.216557041795413,0.2056580369417,-0.10323100783334,0.000708222733858009,-0.280916667503408,"neg","neg","ns","neg"
"P84098_NTLAR(cit)R(cit)K_",442,0.228054600809688,-0.132124603950961,0.64705806112914,-0.0470723738296786,0.632748350484351,-0.0491270989450705,0.879958893593425,0.0166255978324674,"ns","ns","ns","ns"
"Q00325_EDGVR(cit)GLAK_",287,0.777189905998203,0.0205545990164017,0.983316577552393,0.00143448642791193,0.707488773617544,0.0258582572156404,0.886058471132688,-0.0103008589464486,"ns","ns","ns","ns"
"Q00796_ESPQEIAR(cit)K_",246,0.464822033766565,-0.0526451268842869,0.283960701658786,0.0730604616844922,0.15344261499409,-0.0974616108544883,0.505126528946869,-0.047636920990369,"ns","ns","ns","ns"
"Q00839_FIEIAAR(cit)K_",421,0.339502855564304,-0.0879441044496126,0.570231800984973,-0.0504432376715281,0.326972301294552,-0.0873319983346098,0.959569343774819,0.00465686069931966,"ns","ns","ns","ns"
"Q01082_AWER(cit)LEK_",452,0.463783190882094,-0.0870880450056571,0.315431580667053,-0.11153851085297,0.870880411400163,-0.0181143688271029,0.0574995369769905,-0.223356578934696,"ns","ns","ns","ns"
"Q01082_NR(cit)EASLGEASK_",204,0.187161195917211,-0.0861588472401861,0.310538405208605,-0.0626490574072367,0.708875784472711,-0.023174361307242,0.0044408623926341,-0.183426761411614,"ns","ns","ns","neg"
"Q01518_EVITFR(cit)EK_",373,0.0652729345375589,-0.158531032035649,0.781268475349195,-0.0231759559207377,0.447391939805264,-0.0633604344877208,0.0243712921591231,-0.19300365909216,"ns","ns","ns","neg"
"Q01995_GPSYGMSR(cit)EVQSK_",57,0.0515029692129988,-0.105854586528625,0.0184638838677761,-0.121952096606339,0.752202118487689,-0.0164466402685308,0.00835752855314608,-0.142609377705526,"ns","neg","ns","neg"
"Q02252_EGASILLDGR(cit)K_",339,0.161187364374543,-0.118631916006831,0.229382086894994,-0.0971007919134876,0.654442095765386,-0.0362335620577728,0.00206106533938095,-0.25739583212346,"ns","ns","ns","neg"
"Q02252_ER(cit)VCNLIDSGTK_",232,0.994242841396554,0.000444509634878019,0.232326444678974,-0.0703537592495253,0.223452568610659,-0.0719558152042849,0.421036916656357,0.0493509294841336,"ns","ns","ns","ns"
"Q02543_VVGR(cit)CLPTPK_",285,0.185992673631814,-0.0943755394344532,0.425087418488531,-0.0542943492451078,0.272968415665585,-0.0749203588792592,0.615505826453373,0.0356355606270155,"ns","ns","ns","ns"
"Q03135_EIDLVNR(cit)DPK_",305,0.408123392201922,-0.0656336126426881,0.306933729824228,-0.0776714190924588,0.842923356835068,-0.0150864157808562,0.0282577360398805,-0.171865107201175,"ns","ns","ns","neg"
"Q04828_R(cit)EDIFYTSK_",341,0.15775061384654,-0.110819129148926,0.0177955006239094,-0.175508162714092,0.965892303397827,-0.00320954525662985,0.617567610565892,-0.0390334203090965,"ns","neg","ns","ns"
"Q05682_IEER(cit)AEFLNK_",405,0.0449571113521876,-0.193361649060187,0.0238592934601488,-0.209711507056737,0.0299877359630477,-0.202487780755591,0.108615780013631,0.15382318190404,"neg","neg","neg","ns"
"Q06323_YFSER(cit)GDAVTK_",40,0.669826441833955,-0.0225166251043014,0.243424726103235,-0.0587523708724803,0.895771564280713,0.00662088677986513,0.108665954258312,-0.0841082732660806,"ns","ns","ns","ns"
"Q09666_FGVSTGR(cit)EGQTPK_",272,0.794002477753423,-0.018213446451158,0.0346686091036809,-0.14120993717992,0.741151215690225,-0.0222427454199131,0.480729856730417,-0.0490395573014163,"ns","neg","ns","ns"
"Q13017_R(cit)R(cit)VEMK_",462,0.337480577743123,0.113066372958599,0.489286824362079,0.07743113272229,0.653466552250599,0.0503194862359562,0.00326786620101114,0.337574065599474,"ns","ns","ns","pos"
"Q14764_SLQPLAPR(cit)NK_",443,0.178288528943246,-0.12695688447294,0.0208476174739953,-0.209899526910428,0.502795304931815,-0.0614986604485196,0.542485697025606,0.0576312413139395,"ns","neg","ns","ns"
"Q14914_WQGDAR(cit)QK_",466,0.769899724144893,0.0411428454746905,0.399953062857594,0.112620678600162,0.62651946223974,0.065250099914292,0.494991129154172,-0.094871890633412,"ns","ns","ns","ns"
"Q15084_NR(cit)PEDYQGGR_",453,0.103823386162522,-0.163618299159081,0.00963313946994355,-0.249226839505262,0.902968468624176,-0.0120411309227569,0.0562305178048687,-0.189661259210424,"ns","neg","ns","ns"
"Q15582_VIGTNR(cit)K_",370,0.161324771670077,-0.129220503627681,0.428759941837872,-0.0699937920117835,0.947413300062422,-0.00584103983768039,0.11286743199704,-0.145481425734427,"ns","ns","ns","ns"
"Q15643_SENER(cit)LK_",432,0.00938677871828901,-0.247772598217067,0.0108337402552527,-0.231849241334098,0.860226056700153,0.0163129296108132,0.0067990348684614,-0.256651861167909,"neg","neg","ns","neg"
"Q15836_VLER(cit)DQK_",487,0.70256919231688,0.0531711926802156,0.0552075899712417,0.25313928787504,0.282209874467996,0.143595326252868,0.398568731117628,-0.117224472136207,"ns","ns","ns","ns"
"Q16822_R(cit)YVAAAFPSACGK_",261,0.308481631716402,-0.0721897915579714,0.784525449419748,-0.0183703060479625,0.43076426181025,-0.0531419687737714,0.880824508578995,0.0105613904851272,"ns","ns","ns","ns"
"Q16851_DLDGFR(cit)K_",410,0.0596059295128929,-0.173935714465146,0.76588547507043,-0.0265746579890515,0.704285148902983,-0.0340054197239084,0.00668601878900983,-0.24735216641411,"ns","ns","ns","neg"
"Q16851_R(cit)EFPTVPLVK_",439,0.959269084534945,0.00545961547487938,0.608836904102394,0.0523289529994063,0.545164782953759,-0.0618514211747857,0.789976270815617,-0.0283058707304535,"ns","ns","ns","ns"
"Q5VTE0_R(cit)GNVAGDSK_",327,0.0468529310839431,-0.147541957646771,0.0126769943202798,-0.177317507347355,0.950900621759959,0.00442656624215162,0.00417979630955208,-0.210792538532357,"neg","neg","ns","neg"
"Q6NZI2_VR(cit)TR(cit)ENLEK_",347,0.106912489808275,-0.128749824807584,0.060514005763459,-0.144271956943679,0.309893228389621,-0.0785735540415492,0.000196008739062225,-0.291211271847114,"ns","ns","ns","neg"
"Q71DI3_LPFQR(cit)LVR_",489,0.69852944208476,0.0501781217711401,0.495144035844955,0.0841358614968046,0.558515674522584,0.0727492007091316,0.995178733066968,-0.000776852542052472,"ns","ns","ns","ns"
"Q71DI3_YR(cit)PGTVALR(cit)EIR_",481,0.581674394773664,0.0731961413536283,0.744604838390059,0.0418623815295775,0.659154776477118,-0.0571342109345998,0.221268851700335,0.160257620526502,"ns","ns","ns","ns"
"Q7Z4W1_TMLNR(cit)IPLGK_",192,0.0785497244070154,-0.107447741575792,0.0632302347639577,-0.107564668987707,0.56988814973687,-0.0331581130774002,0.145177114667355,-0.0884012592150996,"ns","ns","ns","ns"
"Q96I99_ACR(cit)ELELK_",277,0.350107956750983,-0.0635856889158903,0.406549667613881,-0.0542754874426319,0.601879707065101,-0.0342780868526298,0.322982805963754,0.066940901180938,"ns","ns","ns","ns"
"Q96I99_AQILAGGR(cit)GK_",476,0.438400544197306,-0.0948082592923527,0.352808077833849,-0.105932199428426,0.593204357162668,-0.061018540365138,0.209139436272836,-0.153100609392576,"ns","ns","ns","ns"
"Q99878_SSR(cit)AGLQFPVGR_",225,0.000562138363913241,-0.227682573078931,0.00199132009665964,-0.196188521536086,0.165787183767373,-0.0888190089442604,0.00830461034975564,-0.174037590118778,"neg","neg","ns","neg"
"Q99878_TR(cit)SSR(cit)AGLQFPVGR_",170,0.323167484558206,-0.0605775658654914,0.0818220804888839,-0.102185557331201,0.489033624048206,-0.0408569357715198,0.542144492011972,-0.0372574243625315,"ns","ns","ns","ns"
"Q99879_R(cit)STITSR(cit)EIQTAVR_",294,0.441477232883277,-0.0563166659113449,0.0569033065049353,-0.132558915319758,0.667582964627878,-0.0301729872509775,0.868945472593214,0.0120172980069375,"ns","ns","ns","ns"
"Q99879_STITSR(cit)EIQTAVR_",408,0.364696554452453,-0.0789227095263011,0.207051166647557,-0.1057695893429,0.719659545166249,0.0301655839672306,0.0616576184515639,-0.161885503701299,"ns","ns","ns","ns"
"Q99880_R(cit)STITSR(cit)EIQTAVR_",360,0.293506069400918,-0.0897293727169563,0.096120485988955,-0.134571470564127,0.169855458126311,-0.111541775351326,0.817967538999022,0.0196261438480113,"ns","ns","ns","ns"
"Q9BTM1_SR(cit)SSR(cit)AGLQFPVGR_",175,0.300578423973024,0.0621946378444504,0.882146566588741,-0.00852353536943189,0.136050210202032,0.0858329642420755,0.928044152269404,-0.00540158953047869,"ns","ns","ns","ns"
"Q9BVC6_R(cit)EAPVDVLTQIGR_",361,0.0229333565909046,-0.189476223856181,0.00440170991116732,-0.226137583305421,0.396588782655203,-0.0683429043690857,0.248961740837921,-0.0963520436816024,"neg","neg","ns","ns"
"Q9C002_TDVILDR(cit)K_",476,0.692251266869094,-0.0562108273290724,0.144335780351121,0.195820472286243,0.251342891702412,-0.154444192899618,0.755905705264456,-0.0441612518753304,"ns","ns","ns","ns"
"Q9H1E3_NVR(cit)QQR(cit)QAASK_",373,0.173717253326124,0.106087540321303,0.808395246133595,-0.0183033317473724,0.231884292164213,0.0903168536641175,0.260985968303283,0.0874728279297982,"ns","ns","ns","ns"
"Q9H2A2_SSGIGR(cit)EGAK_",412,0.695399885238368,-0.0374034855221445,0.81100073308654,0.0216921415779627,0.725051850969494,-0.0318999914549576,0.0297598186065333,-0.204551744912608,"ns","ns","ns","neg"
"Q9H8H3_ALER(cit)ASFSK_",432,0.467356325592363,-0.0808709190171475,0.0775952556357979,-0.188055339543479,0.773347965081543,-0.0313221271727784,0.392333209746242,-0.0945383827223129,"ns","ns","ns","ns"
"Q9NZN4_R(cit)GGAR(cit)GQQPEAIR_",406,0.343688176777802,-0.100968358170281,0.817936561079031,-0.0234303401948096,0.362326760901045,-0.0930125995086483,0.612406130497207,-0.0538159297067313,"ns","ns","ns","ns"
"Q9UJS0_LTVNDFVR(cit)DK_",383,0.196182931622957,-0.106844643014792,0.109471484030616,-0.12622683538537,0.794026680038703,-0.020670676421482,0.165543858154452,-0.114578936137584,"ns","ns","ns","ns"
"Q9UL46_YFSER(cit)GDAVAK_",239,0.225222639273484,-0.0828564910001514,0.0741169797550349,-0.116474015104044,0.962698841833311,-0.00307371441393621,0.0268692998314148,-0.149582017662743,"ns","ns","ns","neg"
"Q9UM07_LLLASPR(cit)SCYK_",311,0.184317608882299,-0.101114082772548,0.208903217118969,-0.0915750281169265,0.269645425429514,-0.0806997398875637,0.549972407002533,0.0454921560273434,"ns","ns","ns","ns"
"Q9UM07_R(cit)VMGPDFGYVTR_",349,0.4094524479585,-0.0735303517067101,0.377910133264443,-0.0732533858279727,0.571801438635841,0.0475041076963456,0.0700270514268394,-0.158808002592952,"ns","ns","ns","ns"
"Q9UM07_VR(cit)VFQATR(cit)GK_",210,0.905754821880897,0.00825883470861946,0.445822638263911,-0.050184755210772,0.410775334108751,0.0544926072252849,0.926509146348396,0.0063725265518065,"ns","ns","ns","ns"
"Q9Y2J8_DMSQMILR(cit)TK_",58,0.497512605794004,-0.036752410764144,0.165607427368311,-0.0717435517916029,0.626939664668288,0.0252809903646167,0.00251359652048123,-0.161727735162172,"ns","ns","ns","neg"
"Q9Y2J8_GFPVVLDSPR(cit)DGNLK_",260,0.125563704925801,-0.0991532305681954,0.037289492108132,-0.128741923782868,0.366528946130874,-0.0562279345614092,0.172025722078588,-0.0880773605966958,"ns","neg","ns","ns"
"Q9Y2J8_TVR(cit)LQYGSR_",524,0.495525049431429,-0.157434404647535,0.477257693167024,-0.152358195615522,0.584042051979278,0.117647058823529,0.114721101881151,-0.345999896878231,"ns","ns","ns","ns"
"Q9Y2J8_VCFQYLNR(cit)GDR_",69,0.882147969326565,-0.00808138077547508,0.387641689578909,-0.0447387282303536,0.737789701725262,0.0174149190875921,0.973241272658477,0.00181780660588063,"ns","ns","ns","ns"
"Q9Y2J8_VVR(cit)DFLK_",70,0.125016331729056,-0.0829911447119054,0.0170448868069427,-0.122814105985709,0.874209302170206,-0.00821358299323474,0.0401899752480512,-0.110367172396811,"ns","neg","ns","neg"
"Q9Y490_ER(cit)ELEEAR_",461,0.132492993137239,-0.158011982629014,0.213094245182569,-0.127557425344649,0.492774966204255,-0.0704696798731684,0.0719714439909357,-0.18848172355904,"ns","ns","ns","ns"
"Q9Y6N5_AR(cit)VTELNPDK_",378,0.985063024311603,0.00156833540424658,0.648461133495395,0.0365476191874807,0.737938114492765,0.0269130217182535,0.861938451485571,-0.0144663650470839,"ns","ns","ns","ns"
