"M_ID","M_p_preRA_Health_wilcox","M_fc_preRA_Health","M_p_RAA_Health_wilcox","M_fc_RAA_Health","M_p_RAA_preRA_wilcox","M_fc_RAA_preRA","M_median_Health","M_median_preRA","M_median_RA_A","M_preRA_Health","M_RAA_Health","M_RAA_preRA"
"P07305_NR.cit.AGSSR.cit.QSIQK_",0.0009764025427408,-0.216358175,4.13791306661875e-06,-0.278477714,0.00107774077314519,-0.0621195390000002,-4.524603033,-4.740961208,-4.803080747,"ns","down","ns"
"P07339_VER.cit.QVFGEATK_",0.375458827436296,-0.0137900200000001,0.365864538586427,-0.0436383230000001,0.0327936566484965,-0.0298483030000001,-1.932187089,-1.945977109,-1.975825412,"ns","ns","ns"
"P07355_DIISDTSGDFR.cit.K_",0.379428648006746,-0.0509873470000004,0.0593193557533457,-0.0269681260000003,0.640419851965249,0.0240192210000001,-2.661988282,-2.712975629,-2.688956408,"ns","ns","ns"
"P08670_NNDALR.cit.QAK_",0.0182393111273488,-0.129686778,0.000221064144607312,-0.164668657,0.371312870755588,-0.034981879,-3.201556448,-3.331243226,-3.366225105,"ns","ns","ns"
"P08670_SR.cit.LGDLYEEEMR_",0.0839466318294868,-0.051318803,0.291760593274257,-0.0249861340000002,0.0577692791069853,0.0263326689999999,-2.246645987,-2.29796479,-2.271632121,"ns","ns","ns"
"P11142_R.cit.NTTIPTK_",0.00797696419895666,0.1474695245,0.712615458888721,-0.0494907274999998,0.000257055299752728,-0.196960252,-2.9572926055,-2.809823081,-3.006783333,"ns","ns","ns"
"P14618_GPEIR.cit.TGLIK_",0.0624693855562287,0.171995385,0.107512513144371,0.148579753,0.0943691147079047,-0.0234156319999999,-2.8906721,-2.718676715,-2.742092347,"ns","ns","ns"
"P16401_ER.cit.NGLSLAALK_",0.495128259729896,-0.101623294,0.371766446192611,-0.13964022,0.0437743616970258,-0.0380169260000001,-4.593769018,-4.695392312,-4.733409238,"ns","ns","ns"
"P26038_EALLQASR.cit.DQK_",4.70263900482996e-05,-0.4798905765,1.6532194487158e-06,-0.4023044715,0.668206490383747,0.077586105,-1.6432631065,-2.123153683,-2.045567578,"down","down","ns"
"P30086_NR.cit.PTSISWDGLDSGK_",1.42760828967697e-05,-0.563357869,3.29522846721398e-06,-0.348538455,0.0500226497266091,0.214819414,-3.817796377,-4.381154246,-4.166334832,"down","down","ns"
"P31040_IYQR.cit.AFGGQSLK_",0.155219787544314,0.3878295365,0.600838731126362,0.1765591155,4.2171220576101e-05,-0.211270421,-3.1610085665,-2.77317903,-2.984449451,"ns","ns","ns"
"P61978_ELR.cit.ENTQTTIK_",0.000406060752152535,-0.1692690845,1.0616403225152e-05,-0.2031029455,0.0819924349408566,-0.0338338610000002,-3.7743809275,-3.943650012,-3.977483873,"ns","ns","ns"
"P62081_AQLR.cit.ELNITAAK_",0.00029069358182822,0.373569372,5.93977593726719e-05,0.312814941,0.313717648772755,-0.0607544309999999,-3.730059273,-3.356489901,-3.417244332,"up","up","ns"
"Q01995_R.cit.EFTESQLQEGK_",0.555357419548014,0.0950893480000001,0.00045313950003188,-0.17037988,1.86774203470907e-05,-0.265469228000001,-5.726050226,-5.630960878,-5.896430106,"ns","ns","down"
"Q06830_R.cit.TIAQDYGVLK_",0.136459199167498,0.263314829,0.729841965316455,0.122881756,7.81785009673122e-06,-0.140433073,-3.434606953,-3.171292124,-3.311725197,"ns","ns","ns"
"Q9UBQ7_R.cit.ILDAAGANLK_",0.927579746756925,0.00930240699999985,0.0134947341624988,0.1185192515,0.00860949269030731,0.1092168445,-3.096553136,-3.087250729,-2.9780338845,"ns","ns","ns"
"A0A0B4J1V0_GLEWVGR.cit.IK_",NA,NA,NA,NA,0.0134367644268677,0.165652301000001,NA,-4.723989,-4.558336699,NA,NA,"ns"
"A0A0B4J1X5_GR.cit.FTISR.cit.DNAK_",2.38591349667189e-05,-0.282425613,5.15222487658873e-05,-0.224174297,0.234309589914481,0.0582513160000002,-3.627461765,-3.909887378,-3.851636062,"down","ns","ns"
"O00299_R.cit.TETVQK_",0.133333333333333,0.7956627455,0.0367011924956278,0.734089335,0.252324899613124,-0.0615734104999999,-2.58057044,-1.7849076945,-1.846481105,"ns","up","ns"
"O00483_MLR.cit.QIIGQAK_",NA,NA,NA,NA,0.00137422618676334,-0.0633274899999998,NA,-2.486237789,-2.549565279,NA,NA,"ns"
"O15144_R.cit.NCFASVFEK_",NA,NA,NA,NA,0.0314672948724314,0.053092081,NA,-3.312342453,-3.259250372,NA,NA,"ns"
"O15144_VLNR.cit.AR.cit.PDAEK_",0.00329208700944011,0.436499637,0.361222554855479,0.0409696980000001,2.26739657193758e-05,-0.395529939,-2.535349805,-2.098850168,-2.494380107,"up","ns","down"
"O43707_AETAANR.cit.ICK_",0.286265179243052,-0.00443636699999939,0.0643669030468072,-0.153261001999999,0.00928931520548411,-0.148824635,-3.1165862,-3.121022567,-3.269847202,"ns","ns","ns"
"O43707_EGLLLWCQR.cit.K_",NA,NA,NA,NA,0.00882160217701417,0.0529797069999995,NA,-5.92904293,-5.876063223,NA,NA,"ns"
"O43866_SLSPSFR.cit.DR.cit.K_",0.308195992342042,0.128379865,2.1404382785985e-05,-0.285319588,7.61594812779561e-05,-0.413699453,-3.050288382,-2.921908517,-3.33560797,"ns","down","down"
"O75369_VR.cit.AGGPGLER_",0.0185041426922712,0.210979301,0.0397273926017209,0.216892348,0.637387685880925,0.00591304699999995,-2.638078945,-2.427099644,-2.421186597,"ns","ns","ns"
"O75390_ALGFPLER.cit.PK_",0.2,-1.999760491,0.173441705259191,-2.1889019855,0.0140789169279728,-0.1891414945,-1.301060026,-3.300820517,-3.4899620115,"ns","ns","ns"
"O75947_AR.cit.IVEYEK_",0.467429344263304,-0.0746139105000001,0.138640633813219,0.2711504575,0.0349221680880184,0.345764368,-2.6808297035,-2.755443614,-2.409679246,"ns","ns","up"
"O95831_VR.cit.R.cit.EGVK_",NA,NA,NA,NA,0.394858454341478,-0.00377298099999979,NA,-1.715024518,-1.718797499,NA,NA,"ns"
"P00325_AAGAAR.cit.IIAVDINK_",NA,NA,NA,NA,0.222324820833816,-0.0248705119999997,NA,-4.664517927,-4.689388439,NA,NA,"ns"
"P00325_NDLGNPR.cit.GTLQDGTR.cit.R_",0.00226323582391763,0.159625856,0.0314381684753742,0.0311715829999999,0.0110770653946825,-0.128454273,-2.17076441,-2.011138554,-2.139592827,"ns","ns","ns"
"P00325_NDLGNPR.cit.GTLQDGTR_",0.618539943099452,-0.11712455,0.0211354791156063,-0.224790233,0.020002574357567,-0.107665683,-2.382166694,-2.499291244,-2.606956927,"ns","ns","ns"
"P00338_NR.cit.VIGSGCNLDSAR_",0.325158212560906,-0.162951761,0.160250204137393,-0.0499663130000001,0.35782212906284,0.112985448,-2.634969917,-2.797921678,-2.68493623,"ns","ns","ns"
"P00338_QQEGESR.cit.LNLVQR_",0.0639911269192299,0.158032776,0.254665531258476,-0.0640980629999999,5.2710381268475e-05,-0.222130839,-2.961405195,-2.803372419,-3.025503258,"ns","ns","ns"
"P00338_VTLTSEEEAR.cit.LK_",NA,NA,NA,NA,0.428846596000229,0.00670070699999981,NA,-2.275970546,-2.269269839,NA,NA,"ns"
"P00387_SNPIIR.cit.TVK_",2.48626256131536e-05,0.513242954,4.34715168890203e-05,0.5958996935,0.126837123958531,0.0826567395,-0.871696368,-0.358453414,-0.2757966745,"up","up","ns"
"P00450_EYTDASFTNR.cit.K_",0.0800227241115635,-0.1869794675,0.0164440610579149,-0.3919496385,0.0411255411255411,-0.204970170999999,-2.9969895765,-3.183969044,-3.388939215,"ns","down","ns"
"P00558_IEAFR.cit.ASLSK_",0.33986646975004,0.150157697,0.0149518871477782,0.15167185,0.763477609009174,0.00151415300000002,-3.180072219,-3.029914522,-3.028400369,"ns","ns","ns"
"P00558_NNQITNNQR.cit.IK_",0.00681772863922942,-0.14315177,0.00469566178271774,-0.0778841310000002,0.143819638671363,0.065267639,-4.441314112,-4.584465882,-4.519198243,"ns","ns","ns"
"P00558_YAEAVTR.cit.AK_",0.0133887812424735,-0.172685303,0.000540017674655512,-0.246817916,0.033946770627123,-0.0741326130000002,-2.930797544,-3.103482847,-3.17761546,"ns","ns","ns"
"P00734_GR.cit.VTGWGNLK_",0.341570587013432,0.0592845410000002,0.671133112131518,0.0189339000000004,0.029590476309386,-0.0403506409999999,-2.438698254,-2.379413713,-2.419764354,"ns","ns","ns"
"P00736_LR.cit.YTTEIIK_",0.00793650793650794,0.76115281,0.00313485058145306,0.657659248,0.426403886333994,-0.103493562,-3.265421929,-2.504269119,-2.607762681,"up","up","ns"
"P00738_LR.cit.TEGDGVYTLNDK_",0.00512925464742092,-0.225800372,0.00161202513577236,-0.139791541,0.0247004888999773,0.086008831,-4.495063556,-4.720863928,-4.634855097,"ns","ns","ns"
"P00738_LR.cit.TEGDGVYTLNNEK_",0.0614031203191764,0.232687459,0.00107952531993326,0.349168683,0.0146270933691227,0.116481224,-4.229668759,-3.9969813,-3.880500076,"ns","up","ns"
"P00738_VGYVSGWGR.cit.NANFK_",0.0209824676638067,0.247797542,0.658316719799638,-0.0118669670000005,0.0379100231446325,-0.259664509,-3.276258541,-3.028460999,-3.288125508,"ns","ns","ns"
"P00747_NYR.cit.GTMSK_",0.427427515560152,-0.02176679,0.00117631455531633,-0.3862793,0.00195438467972869,-0.36451251,-2.776547397,-2.798314187,-3.162826697,"ns","down","down"
"P00747_SPR.cit.PSSYK_",0.0367011924956278,0.0814642589999997,0.199603016183172,-0.0331146110000002,0.263736263736264,-0.11457887,-2.511294854,-2.429830595,-2.544409465,"ns","ns","ns"
"P00751_ISVIR.cit.PSK_",0.0285318642504939,0.228698207,0.0801183137276342,0.182310973,0.448438040830182,-0.046387234,-4.623308004,-4.394609797,-4.440997031,"ns","ns","ns"
"P00966_EDFEEAR.cit.K_",0.000173129850228546,0.779164558,0.00011849808208809,1.413866435,1.94041369933922e-06,0.634701877,-2.905477889,-2.126313331,-1.491611454,"up","up","up"
"P00966_GR.cit.NDLMEYAK_",0.0294681578884185,-0.355773495,0.0216356781439984,-0.269531623,0.0482578758905407,0.086241872,-2.281773627,-2.637547122,-2.55130525,"down","down","ns"
"P00966_QVEIAQR.cit.EGAK_",0.178848914715447,-0.0491604519999997,0.000289139088137472,-0.214068376,0.00185155679342063,-0.164907924,-3.006748099,-3.055908551,-3.220816475,"ns","ns","ns"
"P00966_SQER.cit.VEGK_",NA,NA,NA,NA,0.000971844765432276,-0.297268259,NA,-2.820810615,-3.118078874,NA,NA,"down"
"P01008_ENAEQSR.cit.AAINK_",5.80219748867382e-05,0.456468635,6.81628843610223e-05,0.328400251,0.0751963524169833,-0.128068384,-3.127765856,-2.671297221,-2.799365605,"up","up","ns"
"P01008_FSPENTR.cit.K_",0.00844710508040921,-0.834092838,0.00639276507846474,-0.687834715,0.0180094374609771,0.146258123,-1.646876899,-2.480969737,-2.334711614,"down","down","ns"
"P01008_LVSANR.cit.LFGDK_",NA,NA,NA,NA,0.00581102164064259,-0.104406531,NA,-5.51793563,-5.622342161,NA,NA,"ns"
"P01009_FLENEDR.cit.R_",1.62371226757863e-06,0.540480396,1.44720291594518e-07,0.395596922,0.000477321462137838,-0.144883474,-3.181737954,-2.641257558,-2.786141032,"up","up","ns"
"P01023_R.cit.TTVMVK_",0.549467567275996,-0.03222418,0.0120155059351118,-0.141807786,4.47484627065313e-05,-0.109583606,-3.241393131,-3.273617311,-3.383200917,"ns","ns","ns"
"P01023_YGAATFTR.cit.TGK_",0.0483925110003134,-0.00686854599999975,0.000336865627344291,-0.0405590980000001,0.0202628008290005,-0.0336905520000004,-3.362666372,-3.369534918,-3.40322547,"ns","ns","ns"
"P01024_CR.cit.EALK_",0.00091481290003566,-0.360979442,0.00124877381347279,-0.0541970579999997,0.000551990061544009,0.306782384,-2.14717809,-2.508157532,-2.201375148,"down","ns","up"
"P01024_LGR.cit.EGVQK_",0.00070104850031557,-0.4529833085,0.000152865094278826,-0.3854938,0.394843378030396,0.0674895085,-0.977777051,-1.4307603595,-1.363270851,"down","down","ns"
"P01024_NR.cit.WEDPGK_",0.177193235214282,0.104317032,0.0569012523910082,0.142359448,0.698824528704531,0.0380424160000001,-2.929809937,-2.825492905,-2.787450489,"ns","ns","ns"
"P01024_QLANGVDR.cit.YISK_",0.00483932232227026,0.274888978,0.00628346264024179,0.211764165,0.0110447482435948,-0.0631248129999999,-3.897422611,-3.622533633,-3.685658446,"up","ns","ns"
"P01024_TVAVR.cit.TLDPER_",0.000999000999000999,-0.483408014,5.46100731920216e-05,-0.574262882,0.584548539751785,-0.0908548679999999,-0.67019805,-1.153606064,-1.244460932,"down","down","ns"
"P01042_AR.cit.VQVVAGK_",0.00631178156668397,-0.123244652,0.509488457400494,-0.0102658249999998,0.00130577880607655,0.112978827,-2.009557264,-2.132801916,-2.019823089,"ns","ns","ns"
"P01833_AAGSR.cit.DVSLAK_",0.00223811472455648,-0.203418763,0.000161070709564667,-0.114292279,0.763086752779143,0.089126484,-0.009802919,-0.213221682,-0.124095198,"ns","ns","ns"
"P01871_VTER.cit.TVDK_",0.704373087785963,0.1166936775,0.667702612432414,0.0146973655,0.00465852926901464,-0.101996312,-3.5526398965,-3.435946219,-3.537942531,"ns","ns","ns"
"P01876_TIDR.cit.LAGK_",0.0223239332522486,0.240824533,0.0729658306454312,0.263996904,0.529776264217101,0.0231723709999998,-2.535101064,-2.294276531,-2.27110416,"ns","ns","ns"
"P01876_WLQGSQELPR.cit.EK_",0.00133593961992598,0.111179079999999,6.79767661859212e-07,0.287058977,0.00193623355622193,0.175879897000001,-4.348461476,-4.237282396,-4.061402499,"ns","up","ns"
"P02545_AAYEAELGDAR.cit.K_",NA,NA,NA,NA,0.0114660214041265,0.2836336125,NA,-3.235766737,-2.9521331245,NA,NA,"up"
"P02545_FVR.cit.LR.cit.NK_",0.00019447522303146,-0.518276229,0.0135718536517159,-0.2827932985,0.0132429375674621,0.2354829305,-1.239396722,-1.757672951,-1.5221900205,"down","down","ns"
"P02545_ITR.cit.LQEK_",0.0017397031231614,0.1949642605,0.0720243069582296,0.112473837,0.0213374179301948,-0.0824904234999999,-1.622087257,-1.4271229965,-1.50961342,"ns","ns","ns"
"P02545_NIYSEELR.cit.ETK_",0.00194514305550516,-0.186928165,0.07956257441902,-0.110449206,0.018232334791811,0.0764789589999999,-0.775606563,-0.962534728,-0.886055769,"ns","ns","ns"
"P02647_ENGGAR.cit.LAEYHAK_",0.553295565117577,-0.0495341035000001,0.0318014655831802,0.151682366,0.0779714211037699,0.2012164695,-3.470839744,-3.5203738475,-3.319157378,"ns","ns","ns"
"P02647_ETEGLR.cit.QEMSK_",0.00662219773110809,1.726941514,0.0291603571487296,-0.2351893925,0.000412796697626419,-1.9621309065,-2.963226727,-1.236285213,-3.1984161195,"up","ns","down"
"P02647_LAAR.cit.LEALK_",NA,NA,NA,NA,0.233699691700464,-0.0160530119999995,NA,-4.402988051,-4.419041063,NA,NA,"ns"
"P02649_LLR.cit.DADDLQK_",0.0320656725285763,-0.101626244,0.0354436043801913,-0.0760683579999997,0.273650316996527,0.0255578860000001,-2.114221177,-2.215847421,-2.190289535,"ns","ns","ns"
"P02655_LR.cit.DLYSK_",0.207196298172298,0.790639915,0.248213078989923,0.813215472,0.146880955146575,0.022575557,-1.471878465,-0.68123855,-0.658662993,"ns","ns","ns"
"P02671_DLLPSR.cit.DR_",0.317310507862914,0.317403962,0.520707858900371,0.00890998649999997,0.181818181818182,-0.3084939755,-1.31888273,-1.001478768,-1.3099727435,"ns","ns","ns"
"P02671_DR.cit.QHLPLIK_",0.584160769162123,-0.0756042969999999,0.0429298660068467,-0.158979514,0.130070185234285,-0.0833752169999999,-2.798692196,-2.874296493,-2.95767171,"ns","ns","ns"
"P02671_GDKELR.cit.TGK_",0.00815634532610684,0.377937317,0.00495260725240009,0.411583754,0.09231332801267,0.0336464369999998,-2.747656192,-2.369718875,-2.336072438,"up","up","ns"
"P02671_GPR.cit.VVER_",0.00249464440843245,1.021017019,0.0092767787204216,1.145336804,0.0812612261198684,0.124319785,-3.406753052,-2.385736033,-2.261416248,"up","up","ns"
"P02671_NVR.cit.AQLVDMK_",0.215294110686298,-0.0229325659999997,0.0702191111497192,-0.032569149,0.506979469942774,-0.00963658300000025,-2.111344261,-2.134276827,-2.14391341,"ns","ns","ns"
"P02671_SCR.cit.GSCSR.cit.ALAR_",0.0136513941023873,-0.167009769,0.774761215518208,-0.0324880919999999,0.00050483563610846,0.134521677,-2.848919157,-3.015928926,-2.881407249,"ns","ns","ns"
"P02671_VTSGSTTTTR.cit.R.cit.SCSK_",0.723842968493305,0.0735863024999999,0.494935128998798,0.1095407145,0.138485522056315,0.0359544119999997,-5.7919242785,-5.718337976,-5.682383564,"ns","ns","ns"
"P02675_ECEEIIR.cit.K_",1.02257367656249e-05,0.380051807,7.54265329920321e-05,0.340354793,0.154706220842485,-0.0396970140000001,-3.773054274,-3.393002467,-3.432699481,"up","up","ns"
"P02675_R.cit.EEAPSLR_",0.313321391402301,0.0135913879999998,0.00387465790193678,0.0464536679999998,0.0407339154425121,0.03286228,-1.278842519,-1.265251131,-1.232388851,"ns","ns","ns"
"P02675_SILENLR.cit.SK_",0.000293240846163518,0.640386255,0.000107620772600331,0.685420252,0.0610659987826362,0.045033997,-3.440564797,-2.800178542,-2.755144545,"up","up","ns"
"P02679_R.cit.LDGSVDFK_",0.00977882894598504,0.227438133,0.000449418692388905,0.128356069,0.17814643436518,-0.0990820640000001,-2.498502764,-2.271064631,-2.370146695,"ns","ns","ns"
"P02679_TR.cit.WYSMK_",NA,NA,NA,NA,0.111003789802137,-0.058023465,NA,-1.531107342,-1.589130807,NA,NA,"ns"
"P02749_ATVVYQGER.cit.VK_",6.30370753723671e-06,0.458721441,1.29908648897647e-07,0.496797748000001,0.0408661648458056,0.0380763070000003,-4.056780726,-3.598059285,-3.559982978,"up","up","ns"
"P02749_LPECR.cit.EVK_",0.00750517401877024,0.392401554,0.00382006678073512,0.25182611,0.147527079980682,-0.140575444,-0.874695011,-0.482293457,-0.622868901,"up","ns","ns"
"P02751_LTVGLTR.cit.R.cit.GQPR_",0.687853361327665,0.067545062,0.00758377756289581,0.338571929,0.0414383064184337,0.271026867,-1.845169232,-1.77762417,-1.506597303,"ns","up","up"
"P02751_SEPLIGR.cit.K_",0.0240501465973321,-1.967544521,0.022478284594004,-1.917271612,0.650762201897551,0.0502729090000003,-1.499747431,-3.467291952,-3.417019043,"down","down","ns"
"P02774_SR.cit.LSNLIK_",0.0158587669885631,0.178092176,0.0125358529282764,0.434060268,0.00235608915300532,0.255968092,-1.858450895,-1.680358719,-1.424390627,"ns","up","ns"
"P02787_AVGNLR.cit.K_",0.0422540206544223,-0.2974360235,5.01232528545817e-05,-0.245100149,0.127109313232409,0.0523358744999998,-4.079234266,-4.3766702895,-4.324334415,"down","ns","ns"
"P02787_DSGFQMNQLR.cit.GK_",2.63241008597678e-07,-0.4818373375,2.99939834918582e-08,-0.4067338545,0.111247735003123,0.0751034830000004,-4.1341483485,-4.615985686,-4.540882203,"down","down","ns"
"P02787_LHDR.cit.NTYEK_",2.78684067255297e-05,-0.213307398,8.89349760291901e-05,-0.140558284,0.0141137699397211,0.0727491139999996,-5.234977104,-5.448284502,-5.375535388,"ns","ns","ns"
"P02787_VPPR.cit.MDAK_",0.919096165164655,0.0579817850000004,0.0573268266097332,-0.005376826,0.0212497571370892,-0.0633586110000004,-2.676740833,-2.618759048,-2.682117659,"ns","ns","ns"
"P02790_WDR.cit.ELISER_",0.154104212036816,-0.0981729290000001,0.00843655012940165,-0.107025083,0.474713546888299,-0.00885215399999995,0.879802975,0.781630046,0.772777892,"ns","ns","ns"
"P04075_ADDGR.cit.PFPQVIK_",0.266245948371302,0.21736822,0.0959193233604161,0.274273859,0.364517717691082,0.056905639,-3.256067903,-3.038699683,-2.981794044,"ns","ns","ns"
"P04075_R.cit.ALANSLACQGK_",0.526670967896606,-0.051085005,0.163089449814648,0.189630179,0.000253098695199511,0.240715184,-2.3431161,-2.394201105,-2.153485921,"ns","ns","ns"
"P04083_R.cit.NNAQR.cit.QQIK_",0.123886682889077,-0.0994631625000002,0.959083915232956,0.0678198564999999,0.0168826653813032,0.167283019,-3.1503180035,-3.249781166,-3.082498147,"ns","ns","ns"
"P04114_INSR.cit.FFGEGTK_",0.000424691017254948,-0.3795620945,0.000312677220325754,-0.3292573435,0.596450851135978,0.0503047510000005,-3.7623716395,-4.141933734,-4.091628983,"down","down","ns"
"P04114_NR.cit.NNALDFVTK_",0.00213994049042435,-0.654414474,0.00222433126242433,-0.369268535000001,0.000442797667950493,0.285145939,-4.026970238,-4.681384712,-4.396238773,"down","down","up"
"P04406_LVTR.cit.AAFNSGK_",0.0652328454393045,0.165280265,0.00165842225079183,0.355668968,0.030122443405342,0.190388703,-1.533215568,-1.367935303,-1.1775466,"ns","up","ns"
"P04406_VGVNGFGR.cit.IGR_",0.04554737471579,-0.215393177,0.0297472901067673,-0.295838996,0.7,-0.0804458190000001,-0.972910164,-1.188303341,-1.26874916,"ns","down","ns"
"P04844_SVASR.cit.ATVLQK_",0.307787100132492,0.269663661,0.0903487112670599,0.338564944,0.102210451464043,0.0689012830000002,-3.82571516,-3.556051499,-3.487150216,"ns","ns","ns"
"P04844_TTR.cit.VTYPAK_",0.716800516994495,0.2512079205,0.37245586998137,0.1990751415,1,-0.0521327790000001,-2.1620216105,-1.91081369,-1.962946469,"ns","ns","ns"
"P04899_NLR.cit.EDGEK_",0.266419874644755,-0.280838508,0.847674345149964,-0.0372181839999999,0.0322364164595895,0.243620324,-2.404366517,-2.685205025,-2.441584701,"ns","ns","ns"
"P05023_LNIPVSQVNPR.cit.DAK_",0.283396269531808,-0.174977895,0.850038579047173,0.0550217310000001,0.456043956043956,0.229999626,-2.954320997,-3.129298892,-2.899299266,"ns","ns","ns"
"P05023_R.cit.AVAGDASESALLK_",0.330787406070816,0.276619411,0.405929898120123,0.0761486910000002,0.523793662450553,-0.20047072,-2.430407204,-2.153787793,-2.354258513,"ns","ns","ns"
"P05026_TEISFR.cit.PNDPK_",0.00464487105932618,0.602020625,0.00169726145816587,0.587578855,0.142682268873542,-0.0144417699999999,-2.745800463,-2.143779838,-2.158221608,"up","up","ns"
"P05062_AHR.cit.FPALTQEQK_",0.148869833016046,-0.0928317139999999,4.30527058334521e-05,-0.202622498,0.00126357505698222,-0.109790784,-1.176434012,-1.269265726,-1.37905651,"ns","ns","ns"
"P05062_LFR.cit.NILK_",1,-0.0281419784999999,0.0682413897234321,0.1232683585,0.000122543230280808,0.151410337,-4.9805100595,-5.008652038,-4.857241701,"ns","ns","ns"
"P05062_VENTEENR.cit.R.cit.QFR_",NA,NA,NA,NA,9.77064644180052e-07,-0.235346585,NA,-2.112836377,-2.348182962,NA,NA,"ns"
"P05091_SR.cit.VVGNPFDSK_",0.284714227164616,-0.100031545,0.151404407859285,0.018988453,0.00112569942578882,0.119019998,-1.739758575,-1.83979012,-1.720770122,"ns","ns","ns"
"P05141_AGAER.cit.EFR_",0.895190113020906,0.098080732,0.799189333867868,-0.016711009,0.336407795740199,-0.114791741,-0.050891113,0.047189619,-0.067602122,"ns","ns","ns"
"P05141_TR.cit.LAADVGK_",0.0043115355416757,-0.372855361,0.000858665391506234,-0.304667945,0.164381578156014,0.068187416,-1.587939226,-1.960794587,-1.892607171,"down","down","ns"
"P05783_ASLENSLR.cit.EVEAR_",0.000650108116135227,0.5380704045,0.00293769558496286,0.4338010585,0.0467548794385038,-0.104269346,-1.8209543465,-1.282883942,-1.387153288,"up","up","ns"
"P05783_NR.cit.EELDK_",NA,NA,0.456611839006619,-0.029112773,NA,NA,-2.723938048,NA,-2.753050821,NA,"ns",NA
"P05783_TTTR.cit.R.cit.IVDGK_",0.0180431509394215,-0.0674128435000001,0.0343165955704532,0.2156604705,0.0011662846548766,0.283073314,-3.0100577955,-3.077470639,-2.794397325,"ns","ns","up"
"P06727_GR.cit.LTPYADEFK_",0.484844321279925,0.0844672614999999,0.399424272902447,0.133018678,0.537921506548301,0.0485514165000001,-3.279689478,-3.1952222165,-3.1466708,"ns","ns","ns"
"P06733_FAGR.cit.NFR.cit.NPLAK_",0.242080668448998,0.137072059,0.0452318502369942,0.286390707,0.00419701659664272,0.149318647999999,-4.747531566,-4.610459507,-4.461140859,"ns","up","ns"
"P06733_NFR.cit.NPLAK_",0.103496106510997,-0.0741623089999996,0.338884460290148,0.120296955,0.0335603805770572,0.194459264,-2.846525715,-2.920688024,-2.72622876,"ns","ns","ns"
"P06744_AALTR.cit.DPQFQK_",NA,NA,NA,NA,0.00615412452344666,-0.099602223,NA,-1.022835554,-1.122437777,NA,NA,"ns"
"P06744_STEEAR.cit.K_",0.564221858242773,0.186831321,0.055742049091603,0.0756586134999999,0.233738026367035,-0.1111727075,-2.227443916,-2.040612595,-2.1517853025,"ns","ns","ns"
"P06748_SIR.cit.DTPAK_",0.000803434448951195,0.134489436,0.00218892938978764,0.0905656279999998,0.000249796332861399,-0.0439238080000002,-2.623390249,-2.488900813,-2.532824621,"ns","ns","ns"
"P07237_FFR.cit.NGDTASPK_",0.0519435022022021,-0.375072282,0.0111636428742276,-0.345925884,0.443725427534487,0.029146398,-2.562577046,-2.937649328,-2.90850293,"ns","down","ns"
"P07305_GVGASGSFR.cit.LAK_",0.8,0.102982459,0.0331186043327306,0.516953541,0.0103560611796664,0.413971082,-2.193914593,-2.090932134,-1.676961052,"ns","up","up"
"P07355_IR.cit.SEFK_",0.0117013528462509,-0.101063689,0.0626038305654644,-0.101208926,0.730020078202227,-0.000145236999999909,-2.683506743,-2.784570432,-2.784715669,"ns","ns","ns"
"P07355_VFDR.cit.YK_",0.00313485058145306,0.508407547,0.164652344768,0.145966564,0.0225890378146545,-0.362440983,-3.162808635,-2.654401088,-3.016842071,"up","ns","down"
"P07900_IR.cit.YESLTDPSK_",0.170279323585118,-0.123051994499999,0.0422809141456343,-0.1789159185,0.0656851041639665,-0.0558639240000001,-2.5806712755,-2.70372327,-2.759587194,"ns","ns","ns"
"P08263_NR.cit.YFPAFEK_",NA,NA,NA,NA,0.450510882691654,0.0579627075000002,NA,-3.295647707,-3.2376849995,NA,NA,"ns"
"P08263_SLEEAR.cit.K_",0.166666666666667,-0.294573388,0.0122793793278346,-0.359421098,0.224599585405538,-0.0648477100000004,-3.663213828,-3.957787216,-4.022634926,"ns","down","ns"
"P08263_TR.cit.ISNLPTVK_",NA,NA,NA,NA,0.0123417321659107,-0.682124212,NA,-0.54667886,-1.228803072,NA,NA,"down"
"P08311_VSMR.cit.R.cit.GTDTLR_",0.504430998762287,-0.141413781,0.0255236361125057,-0.222230766,0.356278311829547,-0.0808169850000002,-2.085365379,-2.22677916,-2.307596145,"ns","ns","ns"
"P08319_TSR.cit.FTCK_",0.0906024670029111,0.5343473995,0.616803971190233,0.4105457625,0.00322020142408623,-0.123801637,-3.6082509115,-3.073903512,-3.197705149,"ns","ns","ns"
"P08603_ENER.cit.FQYK_",0.0602980871333702,-0.3202930895,0.00129001013941432,-0.364327538,0.952169827933219,-0.0440344485000002,-3.269191554,-3.5894846435,-3.633519092,"ns","down","ns"
"P08670_AR.cit.VEVER_",0.00318753827952203,0.240198508,5.66683712262482e-06,0.323552424,0.00255241104637617,0.0833539160000001,-2.106248963,-1.866050455,-1.782696539,"ns","up","ns"
"P08670_GTNESLER.cit.QMR_",0.00340424479613871,0.260233783,0.000942881812921016,0.244214448,0.125187761720466,-0.0160193349999997,-2.551118045,-2.290884262,-2.306903597,"ns","ns","ns"
"P09210_NR.cit.YFPAFEK_",NA,NA,NA,NA,0.218204250906738,-0.047302986,NA,-3.425478232,-3.472781218,NA,NA,"ns"
"P09210_SLEESR.cit.K_",1,0.069318231,0.0460399536960628,-0.0308416660000002,0.0308402818068411,-0.100159897,-2.996135367,-2.926817136,-3.026977033,"ns","ns","ns"
"P09382_VR.cit.GEVAPDAK_",0.0068485512415441,0.4147543685,0.00931805449658638,0.4283404125,0.723433102228078,0.0135860439999997,-2.4519746565,-2.037220288,-2.023634244,"up","up","ns"
"P09493_VIESR.cit.AQK_",0.690247668809925,-0.0282256255000002,0.100174553807099,-0.1248307035,0.0067913425875762,-0.0966050780000001,-3.0146839995,-3.042909625,-3.139514703,"ns","ns","ns"
"P09669_FR.cit.VADQR.cit.K_",5.42248799548927e-05,0.341510676,0.0285247506613665,0.204042566,0.0516010061350586,-0.13746811,-1.954470733,-1.612960057,-1.750428167,"up","ns","ns"
"P09871_QR.cit.IIGGSDADIK_",NA,NA,NA,NA,0.00834273229274201,-0.1460094,NA,-2.199048704,-2.345058104,NA,NA,"ns"
"P0C0L4_NPSR.cit.NNVPCSPK_",0.00494857488227846,0.538586956,0.519179990087181,0.286640387999999,0.0328147784740255,-0.251946568,-4.594810149,-4.056223193,-4.308169761,"up","ns","ns"
"P0C0L4_QR.cit.VEASISK_",0.345717815947704,0.374212831,0.231411547918465,0.236704251,0.0784313725490196,-0.13750858,-3.20747021,-2.833257379,-2.970765959,"ns","ns","ns"
"P0C0L4_QYR.cit.NGESVK_",0.89484972412729,0.139629334,0.530658286123947,0.0937119639999997,0.581818181818182,-0.0459173700000006,-3.986206362,-3.846577028,-3.892494398,"ns","ns","ns"
"P0C0L4_TFFR.cit.GLESQTK_",0.0103570829822435,0.565961042000001,0.00412073138349845,0.604904886,0.141215128825849,0.0389438439999998,-4.509562994,-3.943601952,-3.904658108,"up","up","ns"
"P0DMV9_LR.cit.TACER_",NA,NA,NA,NA,0.0367297251942857,-0.0195926965000002,NA,-2.1971453205,-2.216738017,NA,NA,"ns"
"P0DMV9_R.cit.NSTIPTK_",0.158594389023793,0.441658428,0.131079232368445,0.512283036,0.137996005490407,0.0706246080000001,-3.319845006,-2.878186578,-2.80756197,"ns","ns","ns"
"P10412_ER.cit.SGVSLAALK_",0.00610554353864125,0.24392807,0.0221635618604701,0.195357762,0.083837710642993,-0.0485703080000004,-5.005374786,-4.761446716,-4.810017024,"ns","ns","ns"
"P10515_GR.cit.VFVSPLAK_",0.00203407071393359,-0.104024442,0.00185180071992651,-0.191035813,0.395538692963962,-0.087011371,-3.112665673,-3.216690115,-3.303701486,"ns","ns","ns"
"P10643_NAR.cit.CVQK_",0.0362053882447806,0.3849480575,0.0522036353413147,0.407937988,0.171971636115279,0.0229899304999996,-2.451081174,-2.0661331165,-2.043143186,"up","ns","ns"
"P10809_APGFGDNR.cit.K_",0.147286190800243,-0.175260424,0.0175695727604125,-0.48322523,0.0206375582439722,-0.307964806,-3.753968837,-3.929229261,-4.237194067,"ns","down","down"
"P11021_DNR.cit.AVQK_",0.158965626963329,-0.0995009109999998,0.00950007724937752,-0.156287341,0.00288602760797228,-0.0567864299999998,-2.464708197,-2.564209108,-2.620995538,"ns","ns","ns"
"P11168_R.cit.LR.cit.GYDDVTK_",0.333333333333333,0.342930075,0.4,0.181650247,0.00699300699300699,-0.161279828,-2.602647593,-2.259717518,-2.420997346,"ns","ns","ns"
"P11177_VSR.cit.GLWK_",NA,NA,0.0952380952380952,0.285217812,NA,NA,-2.215100543,NA,-1.929882731,NA,"ns",NA
"P11310_EFQATAR.cit.K_",0.133333333333333,-0.474509254,0.0259914475647708,-0.471769336,0.963869123660745,0.00273991800000006,-2.225859764,-2.700369018,-2.6976291,"ns","down","ns"
"P12111_FR.cit.QSSPDSVK_",0.859573038166294,0.195296191,0.0174932178198878,-0.21392522,0.335151813129928,-0.409221411,-2.339144032,-2.143847841,-2.553069252,"ns","ns","ns"
"P12111_SSDR.cit.VDGPASNLK_",0.227551227973915,0.0466837259999999,0.241718771347113,-0.0209507449999999,0.104375613967792,-0.0676344709999999,-2.626066937,-2.579383211,-2.647017682,"ns","ns","ns"
"P12277_R.cit.LR.cit.LQK_",0.0265557238216812,1.9516831935,0.0371574215441017,1.9358512375,0.0498919961498183,-0.015831956,-2.7429793855,-0.791296192,-0.807128148,"up","up","ns"
"P12814_EAMLR.cit.QK_",0.4,0.195378819,0.0194510333313625,0.27953667,0.234763662827669,0.0841578509999998,-1.4409026,-1.245523781,-1.16136593,"ns","up","ns"
"P13073_VELYR.cit.IK_",0.638888888888889,-0.0188058040000001,0.294871794871795,-0.0414018045,0.662337662337662,-0.0225960004999999,-1.955271966,-1.97407777,-1.9966737705,"ns","ns","ns"
"P13611_SPPVR.cit.GSLSGK_",NA,NA,NA,NA,0.022949709411096,0.126972599,NA,-1.162709833,-1.035737234,NA,NA,"ns"
"P13639_GEGQLGPAER.cit.AK_",0.00020404135330669,-0.410992616,0.000285540128278628,-0.338867686,0.032200699923889,0.07212493,-0.87895318,-1.289945796,-1.217820866,"down","down","ns"
"P13667_R.cit.FDVSGYPTLK_",NA,NA,NA,NA,0.222222222222222,-0.3980325155,NA,-2.87590772,-3.2739402355,NA,NA,"ns"
"P13804_VVVSGGR.cit.GLK_",2.8318654797885e-06,-0.4622148665,2.71694069569976e-06,-0.3821740065,0.236939305111305,0.08004086,-2.7572407505,-3.219455617,-3.139414757,"down","down","ns"
"P14618_APIIAVTR.cit.NPQTAR_",0.373523691316466,0.0736127395000001,0.00370086830152221,0.1477071935,0.00684525847373039,0.0740944539999999,-3.0781824305,-3.004569691,-2.930475237,"ns","ns","ns"
"P14618_AR.cit.GFFK_",0.00156237802462094,1.052717521,0.000367752318694961,1.06916795,0.516059516184201,0.0164504290000003,-4.992555179,-3.939837658,-3.923387229,"up","up","ns"
"P14625_IYFMAGSSR.cit.K_",NA,NA,0.08213856110809,-0.250360382,NA,NA,-2.962241337,NA,-3.212601719,NA,"ns",NA
"P15311_AQAR.cit.EEK_",NA,NA,NA,NA,0.00149557473860549,0.331039136999999,NA,-4.234869588,-3.903830451,NA,NA,"up"
"P15311_TLR.cit.QIR.cit.QGNTK_",NA,NA,NA,NA,0.414243394972063,-0.0762391079999998,NA,-3.608296304,-3.684535412,NA,NA,"ns"
"P15311_VSAQEVR.cit.K_",0.164279049755971,-0.427754341,0.0929859055967574,-0.695960383,9.39553029955771e-06,-0.268206042,-1.553912829,-1.98166717,-2.249873212,"ns","ns","down"
"P15924_QR.cit.TQEELR_",NA,NA,0.538594314826435,-0.019155864,NA,NA,-1.883482962,NA,-1.902638826,NA,"ns",NA
"P18077_TR.cit.VIWGK_",NA,NA,0.0186336053541714,-1.725595313,NA,NA,-0.548876855,NA,-2.274472168,NA,"down",NA
"P18206_NR.cit.NFTVEK_",0.00532237245224782,-0.15031638,0.00058006209217955,-0.258511829,0.0232004369508915,-0.108195449,-1.629053312,-1.779369692,-1.887565141,"ns","ns","ns"
"P18621_NTR.cit.ETAQAIK_",0.5,-1.448907761,0.0154911519330501,-1.241340129,0.290346833660764,0.207567632,-0.57134017,-2.020247931,-1.812680299,"ns","down","ns"
"P19338_GQNQDYR.cit.GGK_",0.00895762269152914,-0.1697284805,0.000448172775688388,-0.165162536,0.858041189999568,0.00456594450000036,-3.956814685,-4.1265431655,-4.121977221,"ns","ns","ns"
"P19827_AAISGENAGLVR.cit.ASGR_",0.0446392395035558,-1.047782084,0.0349537786912584,-1.0776293015,0.26988405235843,-0.0298472175,-1.597127151,-2.644909235,-2.6747564525,"down","down","ns"
"P19827_VTYDVSR.cit.DK_",0.00775664982385596,0.438433612,0.000131051126377464,0.696831709,0.174300467118343,0.258398097,-2.0444193,-1.605985688,-1.347587591,"up","up","ns"
"P20962_R.cit.AAEEEDEADPK_",0.476214927021809,-0.049791586,0.0116804643941964,0.309597189,0.157131022512906,0.359388775,-2.70978971,-2.759581296,-2.400192521,"ns","up","ns"
"P21333_AEISFEDR.cit.K_",0.109909808614864,0.0864018289999997,0.259359582551498,-0.0323801970000002,0.00442197770208864,-0.118782026,-2.552691935,-2.466290106,-2.585072132,"ns","ns","ns"
"P21333_R.cit.IANLQTDLSDGLR_",0.144728189557083,0.181191316,0.0426512369054988,0.26372191,0.100001594907253,0.0825305939999998,-2.060541652,-1.879350336,-1.796819742,"ns","up","ns"
"P21333_R.cit.LTVSSLQESGLK_",0.0379966384084874,0.2873684075,0.0318520442863616,0.4084900535,0.0236545411824555,0.121121646,-3.3253820825,-3.038013675,-2.916892029,"up","up","ns"
"P21695_VAEAFAR.cit.TGK_",0.0733398787953906,0.606595823,0.0217814103778044,0.6647517255,0.204917384897272,0.0581559025000002,-2.908141993,-2.30154617,-2.2433902675,"ns","up","ns"
"P21796_SAR.cit.DVFTK_",3.75840115788341e-06,-0.603216367,1.6401743765637e-06,-0.563169781,0.193780215664917,0.0400465859999999,-1.152817634,-1.756034001,-1.715987415,"down","down","ns"
"P21796_SR.cit.VTQSNFAVGYK_",0.552169394197169,0.117244058,0.0336008942563375,0.327028194,0.114770451847674,0.209784136,-3.506596307,-3.389352249,-3.179568113,"ns","up","ns"
"P21810_AFSPLR.cit.K_",0.323101261886409,0.172556697,0.792147391795897,0.00403662399999938,0.0168693227641524,-0.168520073000001,-4.861650168,-4.689093471,-4.857613544,"ns","ns","ns"
"P22626_LTDCVVMR.cit.DPASK_",0.0494912313713115,-0.370812436,0.0507860453718274,-0.446829269,0.00213208616412498,-0.076016833,-1.242168031,-1.612980467,-1.6889973,"down","ns","ns"
"P22626_TLETVPLER.cit.K_",0.000128471906132738,-0.15452056,1.16847988217394e-06,-0.248314618,0.000829483771052134,-0.0937940580000003,-2.440471562,-2.594992122,-2.68878618,"ns","ns","ns"
"P22695_ANYR.cit.GGEIR_",0.497653815507105,0.126577948,0.00769697550445752,-0.013381767,0.0278940204673354,-0.139959715,-1.603935615,-1.477357667,-1.617317382,"ns","ns","ns"
"P23284_VLEGMEVVR.cit.K_",0.00254208134825941,0.148857172,0.159643406316481,0.041487069,0.0113600680914356,-0.107370103,-3.173187724,-3.024330552,-3.131700655,"ns","ns","ns"
"P24752_R.cit.VDFSK_",0.0256011291775558,1.1619430455,0.0231033938017641,1.218311038,1,0.0563679924999998,-4.025433113,-2.8634900675,-2.807122075,"up","up","ns"
"P25705_AVDSLVPIGR.cit.GQR_",0.539852082465105,-0.033359073,0.355717089816789,0.0137753810000001,0.564811776333329,0.047134454,-1.417122733,-1.450481806,-1.403347352,"ns","ns","ns"
"P25705_ELIIGDR.cit.QTGK_",1,-0.594138092,1,-0.0508013359999997,0.158594389023793,0.543336756,-2.083410338,-2.67754843,-2.134211674,"ns","ns","ns"
"P25705_ISVR.cit.EPMQTGIK_",0.0378566889145371,0.095850048,0.00807226554144173,0.0840955650000001,0.29584804347715,-0.0117544829999998,-2.358775488,-2.26292544,-2.274679923,"ns","ns","ns"
"P25705_R.cit.LTDADAMK_",0.162523861516365,0.162523174,0.0916995632151059,0.194598174,0.182399120638862,0.0320749999999999,-3.040729834,-2.87820666,-2.84613166,"ns","ns","ns"
"P25705_R.cit.STVAQLVK_",0.0138923950778732,0.422462928,0.0106374953763354,0.416229387,0.0465536822687326,-0.00623354099999984,-2.660151065,-2.237688137,-2.243921678,"up","up","ns"
"P25705_VGSAAQTR.cit.AMK_",0.213373707093118,-1.355415198,0.142857142857143,-1.773897721,0.0030435296363141,-0.418482523,-0.220673073,-1.576088271,-1.994570794,"ns","ns","down"
"P27348_YLAEVACGDDR.cit.K_",0.0275318938756296,-0.181830358,0.118305606654236,-0.0422706649999998,0.0038570436665066,0.139559693,-3.138276566,-3.320106924,-3.180547231,"ns","ns","ns"
"P29401_GR.cit.GITGVEDK_",0.000849477272333141,-0.204006808,3.27645584683746e-06,-0.322426599,0.000637977935389878,-0.118419791,-2.660072243,-2.864079051,-2.982498842,"ns","down","ns"
"P30041_R.cit.VATPVDWK_",0.0458238969855881,-0.309486096,0.0641015743706935,-0.245671834,0.0476523626867032,0.0638142619999997,-2.404873145,-2.714359241,-2.650544979,"down","ns","ns"
"P30050_EPPR.cit.DR.cit.K_",NA,NA,NA,NA,0.0475185122937785,0.173273042,NA,-0.481352834,-0.308079792,NA,NA,"ns"
"P30086_VASFR.cit.K_",3.29981968833688e-05,-0.3816336435,0.000128550898128965,-0.2577373775,0.00311965389464639,0.123896266,-4.3944971405,-4.776130784,-4.652234518,"down","ns","ns"
"P30101_LNFAVASR.cit.K_",0.000914146679544535,-1.063400768,0.017194194038205,-1.017050226,0.453154423244234,0.0463505420000003,-2.226056604,-3.289457372,-3.24310683,"down","down","ns"
"P31327_ASR.cit.SFPFVSK_",0.179712494879,0.551860989,0.924027280182226,0.0821909564999999,0.4,-0.4696700325,-1.661218286,-1.109357297,-1.5790273295,"ns","ns","ns"
"P31327_EWPSNLDLR.cit.K_",0.0133283287808176,-0.537410482,0.00536624237736771,-0.662794671,0.624619371821759,-0.125384189,-1.285588895,-1.822999377,-1.948383566,"down","down","ns"
"P31327_LR.cit.DADPILR_",NA,NA,0.74553748053554,0.2012398405,NA,NA,-2.3936473435,NA,-2.192407503,NA,"ns",NA
"P31930_NR.cit.PGSALEK_",0.000582418391437423,0.361661122,1.49077297901656e-05,0.444952464,0.15204379706033,0.0832913419999999,-3.58794862,-3.226287498,-3.142996156,"up","up","ns"
"P32119_ASGNAR.cit.IGK_",0.0952380952380952,-0.486907148,0.00379708673469356,-0.456740101,0.138408493450291,0.0301670469999999,-1.34127434,-1.828181488,-1.798014441,"ns","down","ns"
"P35268_AGNLGGGVVTIER.cit.SK_",0.115795874873877,-0.457168997,0.249959612624487,-0.244333364,0.0300971444610816,0.212835633,-3.708188405,-4.165357402,-3.952521769,"ns","ns","ns"
"P35542_AEEWGR.cit.SGK_",NA,NA,NA,NA,0.0234363440973037,-0.2441951495,NA,-2.4362336155,-2.680428765,NA,NA,"ns"
"P35579_ASR.cit.EEILAQAK_",0.0063965701282318,0.574484909,0.00821053244890421,0.631867957,0.0441413568580652,0.0573830480000002,-4.149482145,-3.574997236,-3.517614188,"up","up","ns"
"P35579_ER.cit.QAACK_",0.201399822140079,0.194917316,0.00305515540367894,0.205528729,0.873218879412635,0.010611413,-0.565854056,-0.37093674,-0.360325327,"ns","ns","ns"
"P35579_NENAR.cit.QQLER_",0.552142289451558,2.50440000000296e-05,0.617935827495045,0.0297587734999998,0.617154501881449,0.0297337294999998,-2.127780118,-2.127755074,-2.0980213445,"ns","ns","ns"
"P35749_ASR.cit.DEIFATAK_",8.68343189241645e-07,-0.568784552,9.76762588888163e-07,-0.487282334,0.00376174975312112,0.0815022180000002,-2.119892555,-2.688677107,-2.607174889,"down","down","ns"
"P35749_NESAR.cit.QQLER_",0.215103948701094,-0.156546749,0.00145600445553109,-0.305098321,0.0741808016102692,-0.148551572,-3.656969236,-3.813515985,-3.962067557,"ns","down","ns"
"P35749_R.cit.LVWVPSEK_",0.000401550768996977,-0.303034337,0.638263516094886,-0.00760190199999977,0.00041429066880748,0.295432435,-2.557748865,-2.860783202,-2.565350767,"down","ns","up"
"P35749_VGR.cit.DVVQK_",0.167883639389374,0.0194248239999997,0.939345198874599,-0.0491735390000003,0.134859021560149,-0.068598363,-2.351367092,-2.331942268,-2.400540631,"ns","ns","ns"
"P37802_DVGR.cit.PQPGR_",0.0705080159344136,-0.3581563275,0.213373707093118,-0.333202394,1,0.0249539335,-0.638618603,-0.9967749305,-0.971820997,"ns","ns","ns"
"P38646_LINR.cit.NTTIPTK_",0.00101070864326258,-0.372360737,8.09539313693874e-06,-0.280023179,0.0780803398450503,0.0923375580000001,-2.622060213,-2.99442095,-2.902083392,"down","down","ns"
"P38646_R.cit.ETGVDLTK_",0.207196298172298,-0.509565737,0.179712494879,-0.589587063,0.614633969787782,-0.0800213260000002,-1.885802644,-2.395368381,-2.475389707,"ns","ns","ns"
"P39023_LLPLR.cit.QK_",0.0420471200896344,0.444153601,0.204271214050544,0.273567423,0.0218880282584943,-0.170586178,-1.300583472,-0.856429871,-1.027016049,"up","ns","ns"
"P40429_R.cit.GQAALDR.cit.LK_",0.00342318827487529,0.135915424,0.00734092869013779,0.18055085,0.598942949507684,0.0446354259999999,-2.029809148,-1.893893724,-1.849258298,"ns","ns","ns"
"P42765_ISR.cit.EECDK_",0.0411356248028913,-0.1156689415,0.000324187163813043,-0.11518619,0.365341417852624,0.0004827515000001,-1.57648934,-1.6921582815,-1.69167553,"ns","ns","ns"
"P42765_YALQSQQR.cit.WK_",NA,NA,NA,NA,0.000420791528542613,0.272039936,NA,-3.291821057,-3.019781121,NA,NA,"up"
"P43146_R.cit.APR.cit.AK_",0.941330256848975,-0.024945277,0.580185254873646,-0.0564509349999995,0.0673938171665588,-0.0315056579999995,-2.684766417,-2.709711694,-2.741217352,"ns","ns","ns"
"P45880_AAR.cit.DIFNK_",0.0294010481903397,0.508952865,0.00616989932054416,0.8157709955,0.247907176281245,0.3068181305,-2.814464581,-2.305511716,-1.9986935855,"up","up","ns"
"P45954_YFR.cit.DAK_",0.5,-1.241711177,0.00699300699300699,-1.028878199,0.181818181818182,0.212832978,-1.509083776,-2.750794953,-2.537961975,"ns","down","ns"
"P46776_R.cit.NQSFCPTVNLDK_",0.13051760981193,-0.660144932,0.0985977772974405,-0.545724938,0.00093801407567108,0.114419994,-3.130477443,-3.790622375,-3.676202381,"ns","ns","ns"
"P46777_R.cit.FPGYDSESK_",0.116664464781023,0.452925481,0.446778603625164,0.0365378600000001,0.25,-0.416387621,-2.458015629,-2.005090148,-2.421477769,"ns","ns","ns"
"P46777_TDYYAR.cit.K_",NA,NA,NA,NA,0.14741367333864,-0.1539492145,NA,-2.2415706965,-2.395519911,NA,NA,"ns"
"P46778_SR.cit.DSFLK_",0.0142712192695523,-0.44141733,0.00313395910806054,-0.627838002,0.000589866949762903,-0.186420672,-0.893241932,-1.334659262,-1.521079934,"down","down","ns"
"P46781_SR.cit.LDQELK_",6.51194312123474e-05,-0.66828512,2.64646881746772e-06,-0.637824889,0.175779957104337,0.0304602309999997,-1.760966192,-2.429251312,-2.398791081,"down","down","ns"
"P48735_ATDFVADR.cit.AGTFK_",0.21288391873956,0.148418689,0.087085436568404,0.0981949160000002,0.398248631265014,-0.0502237729999999,-3.311064935,-3.162646246,-3.212870019,"ns","ns","ns"
"P48735_AYDGR.cit.FK_",0.150962319760252,-0.579654233,0.111961354263748,-0.515719755,0.29889793758472,0.0639344780000002,-1.867999445,-2.447653678,-2.3837192,"ns","ns","ns"
"P50440_R.cit.VMVDANEVPIQK_",0.145410714156521,0.254681407,0.0121439195353069,0.20237961,1,-0.0523017970000001,-2.81625542,-2.561574013,-2.61387581,"ns","ns","ns"
"P50914_MTDFDR.cit.FK_",0.0478252605946407,-0.1578596005,0.000402487351267154,0.2662180445,0.00164169312685043,0.424077645,-2.6188147895,-2.77667439,-2.352596745,"ns","up","up"
"P50914_WAATR.cit.WAK_",0.00306349438748836,0.180563136,0.00374404367475647,0.0971466919999999,0.144421647289436,-0.083416444,-2.278465622,-2.097902486,-2.18131893,"ns","ns","ns"
"P50914_YVR.cit.QAWQK_",0.560423142693228,0.0984938794999999,0.237558270931283,0.1496673515,0.0753861343237807,0.0511734719999999,-1.8124902185,-1.713996339,-1.662822867,"ns","ns","ns"
"P51888_LTDR.cit.GLPK_",0.013254843044279,0.32691278,0.00100492773957698,0.4990652095,0.271594161006025,0.1721524295,-3.322350753,-2.995437973,-2.8232855435,"up","up","ns"
"P52209_SFLEDIR.cit.K_",0.845814838625758,0.0185046695000002,0.42011267955064,0.1883745655,0.666666666666667,0.169869896,-1.3780391925,-1.359534523,-1.189664627,"ns","ns","ns"
"P53999_TGETSR.cit.ALSSSK_",1,0.0906949384999995,0.66362940080618,0.109339683,0.0683514456008398,0.0186447445,-3.403844476,-3.3131495375,-3.294504793,"ns","ns","ns"
"P55072_LAGESESNLR.cit.K_",0.00677394443787763,1.015485524,0.00370996474537955,1.19105739,0.000926310708420474,0.175571866,-3.931838671,-2.916353147,-2.740781281,"up","up","ns"
"P56470_WGSEER.cit.K_",0.00732266210643332,-0.702198994,0.00908746745243921,-0.823179792,0.0302827011062059,-0.120980798,-2.516895918,-3.219094912,-3.34007571,"down","down","ns"
"P60174_LDER.cit.EAGITEK_",0.0547030854291899,-0.0477682079999999,0.000199571131143529,-0.116164381,0.0021412950646148,-0.068396173,-3.243054244,-3.290822452,-3.359218625,"ns","ns","ns"
"P60709_IIAPPER.cit.K_",0.918336653896318,-0.0324993664999997,0.0284690660865832,0.360458753000001,0.00127001373873517,0.3929581195,-4.178441796,-4.2109411625,-3.817983043,"ns","up","up"
"P60709_ILTER.cit.GYSFTTTAER_",0.149722460334848,0.2219502975,0.059047382428921,-0.251171865,0.000247132780164577,-0.4731221625,-2.538848437,-2.3168981395,-2.790020302,"ns","ns","down"
"P60866_GPVR.cit.MPTK_",0.114285714285714,-0.184941285,0.592909658406049,0.11425926,0.0590718680155165,0.299200545,-2.380334118,-2.565275403,-2.266074858,"ns","ns","ns"
"P60866_TLR.cit.ITTR.cit.K_",0.174294540399603,-0.106590901,0.00314454832494327,-0.237577524,0.451773211814674,-0.130986623,-2.145963508,-2.252554409,-2.383541032,"ns","ns","ns"
"P60866_VCADLIR.cit.GAK_",0.358019718822816,0.158289305,0.0742181770396791,-0.100945327,0.0257910110333256,-0.259234632,-2.835414021,-2.677124716,-2.936359348,"ns","ns","ns"
"P60903_EDLR.cit.VLMEK_",NA,NA,NA,NA,0.00098281885656039,-0.659837691,NA,-3.867536661,-4.527374352,NA,NA,"down"
"P61160_R.cit.LDIAGR_",0.122068526453048,-0.803548788,NA,NA,NA,NA,-1.666522405,-2.470071193,NA,"ns",NA,NA
"P61247_TLVTR.cit.TQGTK_",0.000171675087171203,-1.452084923,2.64836183241042e-05,-1.244703381,0.0101468126070341,0.207381542,-0.318165447,-1.77025037,-1.562868828,"down","down","ns"
"P61313_AR.cit.R.cit.LGYK_",0.611837724759264,0.110927396,0.51685319390547,0.1142355665,0.888044741010255,0.00330817050000043,-2.130734965,-2.019807569,-2.0164993985,"ns","ns","ns"
"P61353_DVFR.cit.DPALK_",0.885714285714286,0.0498377584999998,0.285714285714286,-0.2242553665,0.111111111111111,-0.274093125,-2.6836312435,-2.633793485,-2.90788661,"ns","ns","ns"
"P61981_R.cit.ATVVESSEK_",0.16601880270183,-0.0773639564999997,0.171097946920089,0.00723800300000033,0.0804109250232485,0.0846019595,-2.502799405,-2.5801633615,-2.495561402,"ns","ns","ns"
"P62241_YELGR.cit.PAANTK_",0.349586625906951,-0.143959939,0.222997672333377,-0.162131792,0.199913953616683,-0.0181718530000001,-2.795804914,-2.939764853,-2.957936706,"ns","ns","ns"
"P62249_GPLQSVQVFGR.cit.K_",0.00458307792513407,0.631983814,0.000187597958939617,0.591283755,0.550301244100139,-0.0407000589999997,-4.619532328,-3.987548514,-4.028248573,"up","up","ns"
"P62805_R.cit.ISGLIYEETR_",0.167616519268695,0.20526412,0.0277638572725169,0.287469692,0.00728785851474666,0.0822055719999999,-2.128901938,-1.923637818,-1.841432246,"ns","up","ns"
"P62805_RQGR.cit.TLYGFGG_",0.0762730755563749,0.2229566,1,-0.0283098995,0.177489177489177,-0.2512664995,-0.780178668,-0.557222068,-0.8084885675,"ns","ns","ns"
"P62820_R.cit.MGPGATAGGAEK_",NA,NA,0.0364913389319691,-0.2738470685,NA,NA,-2.023602659,NA,-2.2974497275,NA,"down",NA
"P62834_YDPTIEDSYR.cit.K_",1.36116771843967e-05,-0.374342951,0.000509854804822872,-0.261305517,0.497384136066144,0.113037434,-2.230911215,-2.605254166,-2.492216732,"down","ns","ns"
"P62937_FGSR.cit.NGK_",0.00175519509459661,0.596689862,5.77747747764891e-05,0.534864623,0.385782806528039,-0.061825239,-4.266448556,-3.669758694,-3.731583933,"up","up","ns"
"P62937_TAENFR.cit.ALSTGEK_",0.989822996050051,-0.0435428235000002,0.000869609084467993,-0.1404322125,8.07746308702587e-05,-0.0968893890000002,-5.0104919975,-5.054034821,-5.15092421,"ns","ns","ns"
"P63096_NLR.cit.EDGEK_",0.302332672926424,-0.130645584,0.261590522756749,-0.0887728559999998,0.741163661680462,0.041872728,-2.422432492,-2.553078076,-2.511205348,"ns","ns","ns"
"P63261_GYSFTTTAER.cit.EIVR_",0.00700066342856568,1.797763976,0.213373707093118,2.025796544,0.194567091954753,0.228032568,-3.758712697,-1.960948721,-1.732916153,"up","ns","ns"
"P63261_IIAPPER.cit.K_",0.397564348912634,0.1581976195,0.00242557708453455,0.3149691955,0.082116857748985,0.156771576,-3.2629385675,-3.104740948,-2.947969372,"ns","up","ns"
"P63267_CDIDIR.cit.K_",0.00136692870471322,-0.178031822,0.00136416543947129,-0.0984851249999998,0.0514667676206392,0.0795466970000001,-2.215786013,-2.393817835,-2.314271138,"ns","ns","ns"
"P67936_AEFAER.cit.TVAK_",0.00113718192181799,-0.717027965,6.00555939074177e-05,-0.649297745,0.146853146853147,0.0677302200000001,-2.173091176,-2.890119141,-2.822388921,"down","down","ns"
"P68133_CDIDIR.cit.K_",0.162455497268607,-0.413926777,0.123785629424508,-0.217093815,0.479500122186953,0.196832962,-2.932314991,-3.346241768,-3.149408806,"ns","ns","ns"
"P84098_GTANAR.cit.MPEK_",NA,NA,NA,NA,NA,NA,NA,NA,-2.18285651,NA,NA,NA
"P84098_NTLAR.cit.R.cit.K_",0.000938792828489288,-0.188000682,0.000748988756015032,-0.3269598405,0.00358376974403459,-0.1389591585,-1.24619954,-1.434200222,-1.5731593805,"ns","down","ns"
"Q00325_EDGVR.cit.GLAK_",0.256625814671206,0.597539156,0.154832068307155,0.232606586,0.0391118210672034,-0.36493257,-2.625633828,-2.028094672,-2.393027242,"ns","ns","down"
"Q00796_ESPQEIAR.cit.K_",0.24304397491684,0.147405335,0.00846402930893388,0.247154987,0.00116399636395865,0.0997496520000001,-1.89399367,-1.746588335,-1.646838683,"ns","ns","ns"
"Q00839_FIEIAAR.cit.K_",0.547619047619048,-0.1176092885,0.696154042105949,-0.0293501315000002,0.0835513856560166,0.088259157,-3.0826437565,-3.200253045,-3.111993888,"ns","ns","ns"
"Q01082_AWER.cit.LEK_",0.26558541247906,0.0530946859999997,1,-0.0272816720000004,0.571428571428571,-0.0803763580000001,-2.489303319,-2.436208633,-2.516584991,"ns","ns","ns"
"Q01082_NR.cit.EASLGEASK_",0.0053793736263704,0.291291953,0.56861428602012,-0.0198607149999999,0.00113551578308123,-0.311152668,-1.990052611,-1.698760658,-2.009913326,"up","ns","down"
"Q01518_EVITFR.cit.EK_",0.284097666911796,0.0267117429999999,0.00664011509732213,0.206545704,0.0500138441302722,0.179833961,-3.025982848,-2.999271105,-2.819437144,"ns","ns","ns"
"Q01995_GPSYGMSR.cit.EVQSK_",0.00390439541772455,-0.154838956,4.74712939832588e-05,-0.123791636,0.706373857831522,0.0310473199999999,-4.488685965,-4.643524921,-4.612477601,"ns","ns","ns"
"Q02252_EGASILLDGR.cit.K_",0.000935382150641568,0.560271413,0.0436351925858907,0.1663489995,0.0186480186480186,-0.3939224135,-2.977563697,-2.417292284,-2.8112146975,"up","ns","down"
"Q02252_ER.cit.VCNLIDSGTK_",0.0105179514104295,0.226685076,0.000147028487492655,0.359196356,0.00607197829594109,0.13251128,-4.42238642,-4.195701344,-4.063190064,"ns","up","ns"
"Q02543_VVGR.cit.CLPTPK_",0.0311260769689135,0.1360655025,0.0965896800041404,0.122352325,0.674234655624431,-0.0137131775000006,-3.0363272575,-2.900261755,-2.9139749325,"ns","ns","ns"
"Q03135_EIDLVNR.cit.DPK_",0.267842611299566,0.0945969720000002,0.00836585333932161,0.277194685,0.00046879207820741,0.182597713,-1.263486499,-1.168889527,-0.986291814,"ns","up","ns"
"Q04828_R.cit.EDIFYTSK_",0.375184897774794,0.167778322,0.000449118189171223,0.271253815,0.0284495979850223,0.103475493,-3.961703152,-3.79392483,-3.690449337,"ns","up","ns"
"Q05682_IEER.cit.AEFLNK_",0.00585207532811301,0.371296447,0.0109937520924808,0.397938046,0.173342412182598,0.0266415990000004,-4.109070031,-3.737773584,-3.711131985,"up","up","ns"
"Q06323_YFSER.cit.GDAVTK_",5.79281119085025e-07,-0.4608138865,7.20818248593818e-05,-0.3318774385,2.23323545645778e-06,0.128936448,-2.5764760135,-3.0372899,-2.908353452,"down","down","ns"
"Q09666_FGVSTGR.cit.EGQTPK_",0.00199258605180507,0.3578422825,0.000964752193558455,0.2768374165,0.176194507090078,-0.0810048660000002,-2.6773177095,-2.319475427,-2.400480293,"up","up","ns"
"Q13017_R.cit.R.cit.VEMK_",0.0121788351371026,-0.6885631375,0.414265631619215,0.132186426,0.0158730158730159,0.8207495635,2.743938776,2.0553756385,2.876125202,"down","ns","up"
"Q14764_SLQPLAPR.cit.NK_",NA,NA,NA,NA,0.0143161899219515,0.0540148980000001,NA,-2.320005601,-2.265990703,NA,NA,"ns"
"Q14914_WQGDAR.cit.QK_",0.13051760981193,-0.731475586,0.579639271081656,-0.135068074,0.4,0.596407512,-0.147274402,-0.878749988,-0.282342476,"ns","ns","ns"
"Q15084_NR.cit.PEDYQGGR_",NA,NA,0.618462552540071,-0.263171034,NA,NA,-1.440652735,NA,-1.703823769,NA,"ns",NA
"Q15582_VIGTNR.cit.K_",5.33903748272656e-05,-0.348987816,0.000287991170641908,-0.428950903,0.0849487898865733,-0.0799630870000001,-1.501425507,-1.850413323,-1.93037641,"down","down","ns"
"Q15643_SENER.cit.LK_",0.0468532847881471,-1.185371635,0.0321747632868809,-1.295859935,0.0310970563426184,-0.1104883,-2.977123051,-4.162494686,-4.272982986,"down","down","ns"
"Q15836_VLER.cit.DQK_",0.0952380952380952,0.330204473,0.333333333333333,0.215416329,0.666666666666667,-0.114788144,-2.215298176,-1.885093703,-1.999881847,"ns","ns","ns"
"Q16822_R.cit.YVAAAFPSACGK_",0.272985585308703,0.120998326,0.305370077051374,0.072883456,0.429065905234166,-0.04811487,-3.419102813,-3.298104487,-3.346219357,"ns","ns","ns"
"Q16851_DLDGFR.cit.K_",0.107261159446114,0.0573759579999999,0.214946955169527,-0.0561739890000001,0.222222222222222,-0.113549947,-1.934768045,-1.877392087,-1.990942034,"ns","ns","ns"
"Q16851_R.cit.EFPTVPLVK_",NA,NA,NA,NA,0.000788732608342702,0.294079756,NA,-3.129842003,-2.835762247,NA,NA,"up"
"Q5VTE0_R.cit.GNVAGDSK_",0.00366502817401623,-0.594491128,3.6999004400278e-05,-0.946325715,0.0146151824655914,-0.351834587,-1.632075519,-2.226566647,-2.578401234,"down","down","down"
"Q6NZI2_VR.cit.TR.cit.ENLEK_",0.0303030303030303,-0.5935006955,0.000740309750132073,-0.564501135,0.471643171341706,0.0289995605,-2.273630073,-2.8671307685,-2.838131208,"down","down","ns"
"Q71DI3_LPFQR.cit.LVR_",NA,NA,NA,NA,0.284570047404977,-0.0110569189999996,NA,-4.403608332,-4.414665251,NA,NA,"ns"
"Q71DI3_YR.cit.PGTVALR.cit.EIR_",0.153790373921085,0.478217859,0.16585666034291,0.635702324,0.0552025784592465,0.157484465,-2.895211001,-2.416993142,-2.259508677,"ns","ns","ns"
"Q7Z4W1_TMLNR.cit.IPLGK_",0.817741527966931,0.0884440049999999,0.883403240870795,0.159119988,0.47290105041761,0.0706759830000001,-3.168024891,-3.079580886,-3.008904903,"ns","ns","ns"
"Q96I99_ACR.cit.ELELK_",0.266363279168344,-0.136248342,0.178593948248145,-0.0664126929999997,0.0259273156989166,0.0698356490000003,-2.645058151,-2.781306493,-2.711470844,"ns","ns","ns"
"Q96I99_AQILAGGR.cit.GK_",0.333333333333333,-0.20010451,0.234763662827669,-0.254424443,0.675173614927125,-0.0543199330000002,-1.58234943,-1.78245394,-1.836773873,"ns","ns","ns"
"Q99878_SSR.cit.AGLQFPVGR_",0.912475288399867,0.00758550899999966,0.325098035017189,0.0594488979999999,0.536081486333283,0.0518633890000002,-2.654744996,-2.647159487,-2.595296098,"ns","ns","ns"
"Q99878_TR.cit.SSR.cit.AGLQFPVGR_",0.786335796594706,0.029127479,1.00312834869233e-05,0.334840101,1.49298020832513e-06,0.305712622,-2.994748796,-2.965621317,-2.659908695,"ns","up","up"
"Q99879_R.cit.STITSR.cit.EIQTAVR_",0.117712624042847,-0.0950760964999999,0.000187542417743744,0.220455311,7.35564102978346e-07,0.3155314075,-1.844010804,-1.9390869005,-1.623555493,"ns","ns","up"
"Q99879_STITSR.cit.EIQTAVR_",0.0123417321659107,-0.520782681,0.00900850510369678,-0.416532629,0.00305300685040448,0.104250052,-2.651621084,-3.172403765,-3.068153713,"down","down","ns"
"Q99880_R.cit.STITSR.cit.EIQTAVR_",0.592560276916651,-0.1334184405,0.0183612357946999,0.072765654,0.0540187001983073,0.2061840945,-0.984862207,-1.1182806475,-0.912096553,"ns","ns","ns"
"Q9BTM1_SR.cit.SSR.cit.AGLQFPVGR_",6.66642881643663e-05,0.606926297,2.48383189630241e-07,0.561085595,0.0128641633587203,-0.045840702,-1.464693438,-0.857767141,-0.903607843,"up","up","ns"
"Q9BVC6_R.cit.EAPVDVLTQIGR_",0.00162535163214758,0.6964293455,0.013921913328144,0.468026612,0.0230870256505386,-0.2284027335,-2.7920020405,-2.095572695,-2.3239754285,"up","up","ns"
"Q9C002_TDVILDR.cit.K_",NA,NA,0.118990720893124,0.326905912,NA,NA,-2.298606123,NA,-1.971700211,NA,"ns",NA
"Q9H1E3_NVR.cit.QQR.cit.QAASK_",0.00754623449045171,0.398837598,0.000308215807534941,0.57613788,0.012875093593048,0.177300282,-2.312994081,-1.914156483,-1.736856201,"up","up","ns"
"Q9H2A2_SSGIGR.cit.EGAK_",0.296411686566428,0.300060256,0.359166020421203,0.282026628,0.419782626253138,-0.018033628,-2.074505109,-1.774444853,-1.792478481,"ns","ns","ns"
"Q9H8H3_ALER.cit.ASFSK_",0.000156272552831138,-0.418255962,0.00222433126242433,-0.538443277,0.0107967877243962,-0.120187315,-0.509131593,-0.927387555,-1.04757487,"down","down","ns"
"Q9NZN4_R.cit.GGAR.cit.GQQPEAIR_",0.08888494073521,-0.1691681485,0.577845394194795,0.0941664159999998,0.0651329583653367,0.2633345645,-3.184740465,-3.3539086135,-3.090574049,"ns","ns","ns"
"Q9UJS0_LTVNDFVR.cit.DK_",1,0.0350605205000001,0.905972663637546,-0.0655439485,0.132919458185319,-0.100604469,-1.5516550195,-1.516594499,-1.617198968,"ns","ns","ns"
"Q9UL46_YFSER.cit.GDAVAK_",0.387134797484537,-0.1047164895,4.7997255603537e-05,-0.268419634,0.0125610468859897,-0.1637031445,-2.773405796,-2.8781222855,-3.04182543,"ns","down","ns"
"Q9UM07_LLLASPR.cit.SCYK_",0.0301668363781214,0.3961798925,0.00231239340497827,0.430590278,0.53464680294084,0.0344103855000002,-3.832489246,-3.4363093535,-3.401898968,"up","up","ns"
"Q9UM07_R.cit.VMGPDFGYVTR_",0.0234248445023203,0.361564614,0.715176777258857,0.295561781,0.021167334205843,-0.0660028330000002,-2.197420525,-1.835855911,-1.901858744,"up","ns","ns"
"Q9UM07_VR.cit.VFQATR.cit.GK_",1.5422234944006e-07,0.653081082,3.94069982906181e-06,0.744042839,0.00630572489421735,0.0909617570000001,-2.919967115,-2.266886033,-2.175924276,"up","up","ns"
"Q9Y2J8_DMSQMILR.cit.TK_",6.30995699076291e-07,-0.406885087,1.61130146953085e-09,-0.412074284,0.904472327549769,-0.00518919699999998,-3.643937511,-4.050822598,-4.056011795,"down","down","ns"
"Q9Y2J8_GFPVVLDSPR.cit.DGNLK_",0.02330888174525,-1.017452778,0.0210782782962385,-0.704977904000001,0.000308825275057987,0.312474873999999,-7.624863211,-8.642315989,-8.329841115,"down","down","up"
"Q9Y2J8_TVR.cit.LQYGSR_",0.456611839006619,0.1872484645,NA,NA,NA,NA,-1.76641883,-1.5791703655,NA,"ns",NA,NA
"Q9Y2J8_VCFQYLNR.cit.GDR_",0.0295040838496314,-0.0533742530000003,0.663330181256313,0.104828721,0.00152548350541828,0.158202974,-3.280888009,-3.334262262,-3.176059288,"ns","ns","ns"
"Q9Y2J8_VVR.cit.DFLK_",0.960303295578702,0.0689837440000005,0.728197671551999,0.0842714150000008,0.0710728728399864,0.0152876710000003,-4.359754277,-4.290770533,-4.275482862,"ns","ns","ns"
"Q9Y490_ER.cit.ELEEAR_",0.213373707093118,0.291566543,0.559583699775243,0.047429646,0.0043854893920938,-0.244136897,-0.834944087,-0.543377544,-0.787514441,"ns","ns","ns"
"Q9Y6N5_AR.cit.VTELNPDK_",0.63438850114788,-0.0559579680000002,0.194850648608869,0.138717856,0.000217794727698132,0.194675824,-1.279599692,-1.33555766,-1.140881836,"ns","ns","ns"
