"F_ID","F_p_preRA_Health_wilcox","F_fc_preRA_Health","F_p_RAA_Health_wilcox","F_fc_RAA_Health","F_p_RAA_preRA_wilcox","F_fc_RAA_preRA","F_median_Health","F_median_preRA","F_median_RA_A","F_preRA_Health","F_RAA_Health","F_RAA_preRA"
"P07305_NR.cit.AGSSR.cit.QSIQK_",0.323075641912126,-0.0482062089999999,0.00804892023674327,-0.110325748,7.53081398942976e-05,-0.0621195390000002,-4.692754999,-4.740961208,-4.803080747,"ns","ns","ns"
"P07339_VER.cit.QVFGEATK_",0.0316466815105165,-0.0137900200000001,4.35948895134224e-06,-0.0436383230000001,0.0022804686828704,-0.0298483030000001,-1.932187089,-1.945977109,-1.975825412,"ns","ns","ns"
"P07355_DIISDTSGDFR.cit.K_",0.0106944246075146,-0.0509873470000004,0.0442131039070204,-0.0269681260000003,0.00511173200777542,0.0240192210000001,-2.661988282,-2.712975629,-2.688956408,"ns","ns","ns"
"P08670_NNDALR.cit.QAK_",1.62895274740961e-07,-0.135649372,7.55440201560351e-20,-0.170631251,0.00179083552015233,-0.034981879,-3.195593854,-3.331243226,-3.366225105,"ns","ns","ns"
"P08670_SR.cit.LGDLYEEEMR_",0.261706044561004,-0.051318803,0.177635416089701,-0.0249861340000002,0.0643560670855305,0.0263326689999999,-2.246645987,-2.29796479,-2.271632121,"ns","ns","ns"
"P11142_R.cit.NTTIPTK_",1.59553229723048e-09,0.342620744,2.90472734054136e-09,0.145660492,1.96489024973947e-07,-0.196960252,-3.152443825,-2.809823081,-3.006783333,"up","ns","ns"
"P14618_GPEIR.cit.TGLIK_",0.000954129737700868,0.171995385,3.38299837018132e-07,0.148579753,0.391879649104579,-0.0234156319999999,-2.8906721,-2.718676715,-2.742092347,"ns","ns","ns"
"P16401_ER.cit.NGLSLAALK_",0.0133667685951771,0.0761468070000006,0.000460962505510141,0.0690744260000002,0.0206899313835078,-0.00707238100000041,-4.802483664,-4.726336857,-4.733409238,"ns","ns","ns"
"P26038_EALLQASR.cit.DQK_",1.10330990054211e-10,-0.388640518,2.49648249316796e-17,-0.311054413,5.64569360847266e-07,0.077586105,-1.734513165,-2.123153683,-2.045567578,"down","down","ns"
"P30086_NR.cit.PTSISWDGLDSGK_",3.5152422344398e-10,-0.563357869,2.25342866880995e-10,-0.348538455,4.92138962342898e-11,0.214819414,-3.817796377,-4.381154246,-4.166334832,"down","down","ns"
"P31040_IYQR.cit.AFGGQSLK_",9.9026025574292e-08,0.459746137,2.57447591203988e-15,0.282730726,0.00131862734502111,-0.177015411,-3.267180177,-2.80743404,-2.984449451,"up","up","ns"
"P61978_ELR.cit.ENTQTTIK_",0.00472332541948378,-0.0984563299999999,6.84668351403078e-05,-0.132290191,0.0394717093162253,-0.0338338610000002,-3.845193682,-3.943650012,-3.977483873,"ns","ns","ns"
"P62081_AQLR.cit.ELNITAAK_",7.47920429850345e-12,0.373569372,1.37289310337191e-21,0.312814941,0.000752123167314218,-0.0607544309999999,-3.730059273,-3.356489901,-3.417244332,"up","up","ns"
"Q01995_R.cit.EFTESQLQEGK_",1.53556848470896e-06,0.174630899,0.0108822601242357,-0.0908383290000003,1.31977158362081e-13,-0.265469228000001,-5.805591777,-5.630960878,-5.896430106,"ns","ns","down"
"Q06830_R.cit.TIAQDYGVLK_",1.37564166221749e-09,0.301935263,4.32580550028486e-16,0.16150219,5.74718482951283e-08,-0.140433073,-3.473227387,-3.171292124,-3.311725197,"up","ns","ns"
"Q9UBQ7_R.cit.ILDAAGANLK_",0.0458823281360182,0.00930240699999985,3.93293572182346e-09,0.115652072,0.016990932129864,0.106349665,-3.096553136,-3.087250729,-2.980901064,"ns","ns","ns"
"A0A0B4J1V0_GLEWVGR.cit.IK_",NA,NA,NA,NA,3.98988850336118e-07,0.165652301000001,NA,-4.723989,-4.558336699,NA,NA,"ns"
"A0A0B4J1X5_GR.cit.FTISR.cit.DNAK_",1.29323640508144e-06,-0.282425613,6.99222667608406e-10,-0.224174297,6.02323612423785e-05,0.0582513160000002,-3.627461765,-3.909887378,-3.851636062,"down","ns","ns"
"O00299_R.cit.TETVQK_",0.000202722000770879,0.721138245,2.0484345895629e-09,0.660432499,0.0378730398289679,-0.060705746,-2.506913604,-1.785775359,-1.846481105,"up","up","ns"
"O00483_MLR.cit.QIIGQAK_",0.102296754095438,-0.609901325,0.0430447071738849,-0.673228815,0.0253459706128263,-0.0633274899999998,-1.876336464,-2.486237789,-2.549565279,"ns","down","ns"
"O15144_R.cit.NCFASVFEK_",1,-0.323237034,1,-0.286299867,0.00944403733803532,0.036937167,-2.972950505,-3.296187539,-3.259250372,"ns","ns","ns"
"O15144_VLNR.cit.AR.cit.PDAEK_",2.52652040819104e-07,0.820277914,2.81906211584437e-11,0.424747975,3.41986298621931e-07,-0.395529939,-2.919128082,-2.098850168,-2.494380107,"up","up","down"
"O43707_AETAANR.cit.ICK_",0.00768851898756386,-0.0369475649999997,2.75019611967764e-10,-0.1857722,0.060372033396052,-0.148824635,-3.084075002,-3.121022567,-3.269847202,"ns","ns","ns"
"O43707_EGLLLWCQR.cit.K_",NA,NA,NA,NA,0.00131531736426751,0.0529797069999995,NA,-5.92904293,-5.876063223,NA,NA,"ns"
"O43866_SLSPSFR.cit.DR.cit.K_",0.0083613318500443,0.218599055,4.3693866960288e-07,-0.195100398,0.000406869549739658,-0.413699453,-3.140507572,-2.921908517,-3.33560797,"ns","ns","down"
"O75369_VR.cit.AGGPGLER_",8.05621962310896e-05,0.210979301,2.4184938270926e-11,0.216892348,0.00457449209162943,0.00591304699999995,-2.638078945,-2.427099644,-2.421186597,"ns","ns","ns"
"O75390_ALGFPLER.cit.PK_",0.102718791666128,-0.640500477,0.0882381094122708,-0.729481488,0.00587136469766264,-0.088981011,-2.656591586,-3.297092063,-3.386073074,"ns","ns","ns"
"O75947_AR.cit.IVEYEK_",0.387067466893862,-0.1175085675,3.54272085462766e-05,0.2282558005,2.37208457771292e-07,0.345764368,-2.6379350465,-2.755443614,-2.409679246,"ns","ns","up"
"O95831_VR.cit.R.cit.EGVK_",NA,NA,NA,NA,0.000101874183228611,-0.102055521,NA,-1.722827808,-1.824883329,NA,NA,"ns"
"P00325_AAGAAR.cit.IIAVDINK_",NA,NA,NA,NA,0.245764690023948,-0.0248705119999997,NA,-4.664517927,-4.689388439,NA,NA,"ns"
"P00325_NDLGNPR.cit.GTLQDGTR.cit.R_",0.037936240391686,0.140338725,0.118303760117393,0.0311715829999999,0.00328216704775068,-0.109167142,-2.17076441,-2.030425685,-2.139592827,"ns","ns","ns"
"P00325_NDLGNPR.cit.GTLQDGTR_",0.00922344387834346,-0.176626056,4.12527311700906e-12,-0.246055611,0.0810797758541255,-0.0694295550000001,-2.382166694,-2.55879275,-2.628222305,"ns","ns","ns"
"P00338_NR.cit.VIGSGCNLDSAR_",0.000321096682932654,-0.252442767,0.00290398014837942,-0.139457319,4.97515011456323e-05,0.112985448,-2.545478911,-2.797921678,-2.68493623,"ns","ns","ns"
"P00338_QQEGESR.cit.LNLVQR_",0.462903261477062,-0.015965537,0.000216943840951331,-0.238096376,5.66065528430556e-09,-0.222130839,-2.787406882,-2.803372419,-3.025503258,"ns","ns","ns"
"P00338_VTLTSEEEAR.cit.LK_",0.043183092398959,0.771056908,0.0148689539285576,0.747101514,0.00893322206526649,-0.0239553940000001,-3.047027454,-2.275970546,-2.29992594,"up","up","ns"
"P00387_SNPIIR.cit.TVK_",2.35075694680335e-06,0.459695632,3.86492938040479e-09,0.54715,0.00103691706293294,0.087454368,-0.818149046,-0.358453414,-0.270999046,"up","up","ns"
"P00450_EYTDASFTNR.cit.K_",0.373411259236539,-0.114554377,0.00361887763012446,-0.288030437,0.585523597638727,-0.17347606,-3.079438808,-3.193993185,-3.367469245,"ns","down","ns"
"P00558_IEAFR.cit.ASLSK_",0.00840893150868404,0.150157697,2.14778558319183e-12,0.157354608,0.147857740435026,0.00719691099999986,-3.180072219,-3.029914522,-3.022717611,"ns","ns","ns"
"P00558_NNQITNNQR.cit.IK_",0.491493570471176,-0.0681329980000003,0.895330409358328,-0.00286535900000029,0.0204648416745871,0.065267639,-4.516332884,-4.584465882,-4.519198243,"ns","ns","ns"
"P00558_YAEAVTR.cit.AK_",3.17506933041829e-05,-0.172685303,7.14726851925953e-18,-0.246817916,0.0483883121842023,-0.0741326130000002,-2.930797544,-3.103482847,-3.17761546,"ns","ns","ns"
"P00734_GR.cit.VTGWGNLK_",0.00103227065812796,0.0852698000000003,1.16107662365954e-05,0.0449191590000004,0.0103901746819771,-0.0403506409999999,-2.464683513,-2.379413713,-2.419764354,"ns","ns","ns"
"P00736_LR.cit.YTTEIIK_",0.000202722000770879,0.76115281,5.36102482101083e-10,0.598532381,0.00824047658505763,-0.162620429,-3.265421929,-2.504269119,-2.666889548,"up","up","ns"
"P00738_LR.cit.TEGDGVYTLNDK_",7.0198749433341e-06,-0.225800372,6.39378233151265e-07,-0.139791541,5.9449046592305e-06,0.086008831,-4.495063556,-4.720863928,-4.634855097,"ns","ns","ns"
"P00738_LR.cit.TEGDGVYTLNNEK_",3.73777678851045e-05,0.232687459,1.57453187841439e-18,0.349168683,3.78542634458211e-09,0.116481224,-4.229668759,-3.9969813,-3.880500076,"ns","up","ns"
"P00738_VGYVSGWGR.cit.NANFK_",7.69407817276088e-05,0.247797542,0.00485087435461951,0.0560965429999998,0.000168338786876229,-0.191700999,-3.276258541,-3.028460999,-3.220161998,"ns","ns","ns"
"P00747_NYR.cit.GTMSK_",0.0279566416318509,0.156885829,0.0305147293071231,-0.106235301,8.21510619921889e-06,-0.26312113,-3.056591396,-2.899705567,-3.162826697,"ns","ns","down"
"P00747_SPR.cit.PSSYK_",0.173371430544871,0.1095099525,0.533688250070596,-0.0126480120000001,0.0450873670020804,-0.1221579645,-2.511294854,-2.4017849015,-2.523942866,"ns","ns","ns"
"P00751_ISVIR.cit.PSK_",0.00355784926891912,0.225939876,0.000147843945730649,0.179552642,0.00691317035984703,-0.046387234,-4.620549673,-4.394609797,-4.440997031,"ns","ns","ns"
"P00966_EDFEEAR.cit.K_",1.51396346042723e-10,0.788842306,7.44364018174696e-17,1.423544183,8.57926252016032e-15,0.634701877,-2.915155637,-2.126313331,-1.491611454,"up","up","up"
"P00966_GR.cit.NDLMEYAK_",0.00159957985066187,-0.141352016,0.0147548200809867,-0.0551101439999999,3.67655941292638e-06,0.086241872,-2.496195106,-2.637547122,-2.55130525,"ns","ns","ns"
"P00966_QVEIAQR.cit.EGAK_",0.0379971896318153,-0.0491604519999997,1.28016553353023e-16,-0.214068376,7.98977127632939e-07,-0.164907924,-3.006748099,-3.055908551,-3.220816475,"ns","ns","ns"
"P00966_SQER.cit.VEGK_",0.167351159227254,-0.214298521,0.0885141355053355,-0.462648516,0.000229852824467487,-0.248349995,-2.655430358,-2.869728879,-3.118078874,"ns","ns","ns"
"P01008_ENAEQSR.cit.AAINK_",4.29609429357464e-09,0.49174906,6.19291115983572e-21,0.363680676,9.4409391771346e-05,-0.128068384,-3.163046281,-2.671297221,-2.799365605,"up","up","ns"
"P01008_FSPENTR.cit.K_",0.0072368227667262,-0.311196543,0.623129455538958,-0.16493842,1.75528246978788e-06,0.146258123,-2.169773194,-2.480969737,-2.334711614,"down","ns","ns"
"P01008_LVSANR.cit.LFGDK_",NA,NA,NA,NA,9.7659691333366e-05,-0.104406531,NA,-5.51793563,-5.622342161,NA,NA,"ns"
"P01009_FLENEDR.cit.R_",1.98696530650294e-06,0.540480396,3.8951348362636e-20,0.395596922,0.000164213200456216,-0.144883474,-3.181737954,-2.641257558,-2.786141032,"up","up","ns"
"P01023_R.cit.TTVMVK_",0.0014892996945582,0.0902338569999999,0.532234383543313,-0.0193497489999999,1.46887198649008e-06,-0.109583606,-3.363851168,-3.273617311,-3.383200917,"ns","ns","ns"
"P01023_YGAATFTR.cit.TGK_",0.663526458151804,-0.00686854599999975,0.0394935790402074,-0.0405590980000001,0.000325475431927514,-0.0336905520000004,-3.362666372,-3.369534918,-3.40322547,"ns","ns","ns"
"P01024_CR.cit.EALK_",0.00119852960732169,-0.360979442,0.137573725057905,-0.0541970579999997,0.00011933959259336,0.306782384,-2.14717809,-2.508157532,-2.201375148,"down","ns","up"
"P01024_LGR.cit.EGVQK_",4.50376703244029e-05,-0.301437319,0.00346460242073442,-0.138347511,1.11082746844539e-06,0.163089808,-1.22492334,-1.526360659,-1.363270851,"down","ns","ns"
"P01024_NR.cit.WEDPGK_",0.00555526070204385,0.163954794,4.03050819066832e-09,0.195682347,0.0409074980973642,0.0317275530000001,-2.983132836,-2.819178042,-2.787450489,"ns","ns","ns"
"P01024_QLANGVDR.cit.YISK_",1.02504909956396e-06,0.274888978,2.10835814130626e-08,0.211764165,0.00150786948230331,-0.0631248129999999,-3.897422611,-3.622533633,-3.685658446,"up","ns","ns"
"P01024_TVAVR.cit.TLDPER_",0.533078806670031,0.0183826090000001,0.885310318116512,-0.057898826,0.0140899957956176,-0.0762814350000001,-1.186562106,-1.168179497,-1.244460932,"ns","ns","ns"
"P01042_AR.cit.VQVVAGK_",6.65799799874483e-05,-0.123244652,0.066848778723555,-0.0102658249999998,1.08386688179571e-05,0.112978827,-2.009557264,-2.132801916,-2.019823089,"ns","ns","ns"
"P01833_AAGSR.cit.DVSLAK_",0.000150703903729486,-0.203418763,0.000162652112337307,-0.114292279,0.00194725695206996,0.089126484,-0.009802919,-0.213221682,-0.124095198,"ns","ns","ns"
"P01871_VTER.cit.TVDK_",7.73151532364639e-07,0.216898517,7.2141385539816e-10,0.114902205,4.5643835234483e-07,-0.101996312,-3.652844736,-3.435946219,-3.537942531,"ns","ns","ns"
"P01876_TIDR.cit.LAGK_",0.0118989367492848,0.240824533,6.32866616912361e-07,0.263996904,0.011860992585067,0.0231723709999998,-2.535101064,-2.294276531,-2.27110416,"ns","up","ns"
"P01876_WLQGSQELPR.cit.EK_",0.159490076926192,0.111179079999999,4.79435917707725e-15,0.287058977,7.40071173134602e-11,0.175879897000001,-4.348461476,-4.237282396,-4.061402499,"ns","up","ns"
"P02545_AAYEAELGDAR.cit.K_",NA,NA,NA,NA,0.840282735739883,0.0749618505000003,NA,-3.10694276,-3.0319809095,NA,NA,"ns"
"P02545_FVR.cit.LR.cit.NK_",1.47564464966465e-05,-0.518276229,3.43656585106578e-14,-0.421114568,0.00157376093606507,0.0971616609999999,-1.239396722,-1.757672951,-1.66051129,"down","down","ns"
"P02545_ITR.cit.LQEK_",0.610365602124299,0.00751523500000006,0.00259973628948708,-0.071894157,0.0024874355534834,-0.0794093920000001,-1.437719263,-1.430204028,-1.50961342,"ns","ns","ns"
"P02545_NIYSEELR.cit.ETK_",2.79207178948584e-06,-0.273706139,2.19761183522742e-05,-0.110449206,2.02528166399917e-07,0.163256933,-0.775606563,-1.049312702,-0.886055769,"down","ns","ns"
"P02647_ENGGAR.cit.LAEYHAK_",0.000223698175078813,0.197429598,8.00083072836487e-12,0.344205357,0.0175948359789929,0.146775759,-3.663362735,-3.465933137,-3.319157378,"ns","up","ns"
"P02647_ETEGLR.cit.QEMSK_",0.000259226304557423,1.552229018,2.84071141737447e-06,-0.1547487605,0.000197159648976511,-1.7069777785,-2.963226727,-1.410997709,-3.1179754875,"up","ns","down"
"P02647_LAAR.cit.LEALK_",NA,NA,NA,NA,0.000821990326119698,-0.0160530119999995,NA,-4.402988051,-4.419041063,NA,NA,"ns"
"P02649_LLR.cit.DADDLQK_",0.0242528970544442,-0.114037323,0.00853662963098457,-0.0760683579999997,0.00876937124621558,0.0379689650000001,-2.114221177,-2.2282585,-2.190289535,"ns","ns","ns"
"P02655_LR.cit.DLYSK_",0.0104711706661068,0.987453374,0.00064852643283476,1.010028931,9.53607218151015e-06,0.022575557,-1.668691924,-0.68123855,-0.658662993,"up","up","ns"
"P02671_DLLPSR.cit.DR_",0.267652636631068,0.13711662,0.0103651073292345,0.098769259,0.578196823857496,-0.0383473609999998,-1.31888273,-1.18176611,-1.220113471,"ns","ns","ns"
"P02671_DR.cit.QHLPLIK_",0.0219436290777596,0.118687663,9.73873415080020e-09,0.147122541,0.0295864704751752,0.0284348780000001,-3.104794251,-2.986106588,-2.95767171,"ns","ns","ns"
"P02671_GDKELR.cit.TGK_",0.000139922305499086,0.399534263,6.69689759812786e-10,0.4331807,0.0330224657963778,0.0336464369999998,-2.769253138,-2.369718875,-2.336072438,"up","up","ns"
"P02671_GPR.cit.VVER_",9.17016816330356e-05,1.021017019,3.43018687404172e-07,1.145336804,1.97754873314318e-07,0.124319785,-3.406753052,-2.385736033,-2.261416248,"up","up","ns"
"P02671_NVR.cit.AQLVDMK_",0.222329962845292,-0.0229325659999997,0.237112313699591,-0.032569149,0.137910693345657,-0.00963658300000025,-2.111344261,-2.134276827,-2.14391341,"ns","ns","ns"
"P02671_SCR.cit.GSCSR.cit.ALAR_",0.673253321812915,-0.0514349309999997,0.000453154149595465,0.0830867460000002,0.00490127850318687,0.134521677,-2.964493995,-3.015928926,-2.881407249,"ns","ns","ns"
"P02671_VTSGSTTTTR.cit.R.cit.SCSK_",5.11026081451744e-05,0.248330682,5.1064805944992e-12,0.284285093999999,0.0010859233856125,0.0359544119999997,-5.966668658,-5.718337976,-5.682383564,"ns","up","ns"
"P02675_ECEEIIR.cit.K_",6.81202254423918e-12,0.581470013,1.53108821123584e-33,0.541772999,0.00378996907900884,-0.0396970140000001,-3.97447248,-3.393002467,-3.432699481,"up","up","ns"
"P02675_R.cit.EEAPSLR_",0.843129947606552,-0.0115512470000001,0.428705083529556,0.0213110329999999,0.000486810420348468,0.03286228,-1.253699884,-1.265251131,-1.232388851,"ns","ns","ns"
"P02675_SILENLR.cit.SK_",4.14110901711744e-10,0.640386255,1.12136744352072e-20,0.685420252,0.0169292067076675,0.045033997,-3.440564797,-2.800178542,-2.755144545,"up","up","ns"
"P02679_R.cit.LDGSVDFK_",1.35840379025777e-05,0.227438133,2.18030405686987e-08,0.128356069,4.64583353080848e-05,-0.0990820640000001,-2.498502764,-2.271064631,-2.370146695,"ns","ns","ns"
"P02679_TR.cit.WYSMK_",0.00329434925890123,-0.139584886,3.7112456878932e-05,-0.197608351,0.0039434512504753,-0.058023465,-1.391522456,-1.531107342,-1.589130807,"ns","ns","ns"
"P02749_ATVVYQGER.cit.VK_",1.65055080070771e-13,0.458721441,5.66207696696927e-32,0.496797748000001,0.00149102917013942,0.0380763070000003,-4.056780726,-3.598059285,-3.559982978,"up","up","ns"
"P02749_LPECR.cit.EVK_",7.69718742284459e-05,0.67088876,0.000902823183389112,0.530313316,1.30298505897543e-09,-0.140575444,-1.153182217,-0.482293457,-0.622868901,"up","up","ns"
"P02751_LTVGLTR.cit.R.cit.GQPR_",0.390415183223567,0.0774448854999998,3.96726245791437e-12,0.426586586,0.00858516241949989,0.3491417005,-1.933183889,-1.8557390035,-1.506597303,"ns","up","up"
"P02751_SEPLIGR.cit.K_",0.00022488783111251,-1.68707573,2.43073816456364e-05,-1.636802821,0.000640311579959224,0.0502729090000003,-1.780216222,-3.467291952,-3.417019043,"down","down","ns"
"P02774_SR.cit.LSNLIK_",0.231900487064591,0.1839990425,0.0172514302614844,0.4402646315,0.000149198903713924,0.256265589,-1.8643577615,-1.680358719,-1.42409313,"ns","up","ns"
"P02787_AVGNLR.cit.K_",0.000319650965918551,-0.279600193,2.20661043881137e-09,-0.184406979,0.0253085762383191,0.095193214,-4.139927436,-4.419527629,-4.324334415,"down","ns","ns"
"P02787_DSGFQMNQLR.cit.GK_",5.00431590602824e-11,-0.477577821000001,2.69903584121699e-24,-0.402474338,2.53331026791146e-06,0.0751034830000004,-4.138407865,-4.615985686,-4.540882203,"down","down","ns"
"P02787_LHDR.cit.NTYEK_",0.00282690238011772,-0.132154386,0.15881893810235,-0.0594052720000002,4.8229882992209e-05,0.0727491139999996,-5.316130116,-5.448284502,-5.375535388,"ns","ns","ns"
"P02787_VPPR.cit.MDAK_",0.0669442370876983,0.0579817850000004,0.700787342989583,-0.005376826,0.00374084565851159,-0.0633586110000004,-2.676740833,-2.618759048,-2.682117659,"ns","ns","ns"
"P02790_WDR.cit.ELISER_",0.00198477749096196,-0.0981729290000001,3.77295420170853e-06,-0.107025083,0.150009323885862,-0.00885215399999995,0.879802975,0.781630046,0.772777892,"ns","ns","ns"
"P04075_ADDGR.cit.PFPQVIK_",0.0262004205771136,0.21736822,4.58252770957439e-10,0.274273859,0.113203623202785,0.056905639,-3.256067903,-3.038699683,-2.981794044,"ns","up","ns"
"P04075_R.cit.ALANSLACQGK_",0.0241767559424334,-0.051085005,2.98676728546881e-08,0.189630179,3.40403754355352e-07,0.240715184,-2.3431161,-2.394201105,-2.153485921,"ns","ns","ns"
"P04083_R.cit.NNAQR.cit.QQIK_",0.010913925778787,0.0388304690000001,7.41538775563552e-14,0.206113488,1.30510753333125e-09,0.167283019,-3.288611635,-3.249781166,-3.082498147,"ns","ns","ns"
"P04114_INSR.cit.FFGEGTK_",0.000952648233355717,-0.318538448,2.09336874290516e-06,-0.268233697,0.316516701555984,0.0503047510000005,-3.823395286,-4.141933734,-4.091628983,"down","down","ns"
"P04114_NR.cit.NNALDFVTK_",2.75007047924006e-07,-0.638922379,1.5558867386355e-10,-0.369268535000001,1.03174599546128e-06,0.269653844,-4.026970238,-4.665892617,-4.396238773,"down","down","up"
"P04406_LVTR.cit.AAFNSGK_",0.00214628026711219,0.165280265,5.82925363794946e-16,0.404356708,4.43270128049808e-07,0.239076443,-1.533215568,-1.367935303,-1.12885886,"ns","up","ns"
"P04406_VGVNGFGR.cit.IGR_",NA,NA,5.86794401657782e-06,-0.2070629415,NA,NA,-0.972910164,NA,-1.1799731055,NA,"ns",NA
"P04844_SVASR.cit.ATVLQK_",4.68026162133838e-06,0.281919197,6.66929203900236e-12,0.35082048,0.000167330041731194,0.0689012830000002,-3.837970696,-3.556051499,-3.487150216,"up","up","ns"
"P04844_TTR.cit.VTYPAK_",0.000697996534316002,0.33998494,1.12262417104954e-05,0.285836287,0.0123727049095794,-0.0541486530000002,-2.25079863,-1.91081369,-1.964962343,"up","up","ns"
"P04899_NLR.cit.EDGEK_",2.20169155332166e-05,-0.268905803,0.150983716388773,-0.0372181839999999,1.98861900422178e-08,0.231687619,-2.404366517,-2.67327232,-2.441584701,"down","ns","ns"
"P05023_LNIPVSQVNPR.cit.DAK_",0.000394144933403683,-0.575880845,0.553284710741372,0.0815484369999999,0.015492721531226,0.657429282,-2.954320997,-3.530201842,-2.87277256,"down","ns","up"
"P05023_R.cit.AVAGDASESALLK_",0.0147305801636329,0.16773064,0.0260496301767992,0.0761486910000002,0.0454174824049841,-0.0915819490000001,-2.430407204,-2.262676564,-2.354258513,"ns","ns","ns"
"P05026_TEISFR.cit.PNDPK_",0.111307707931339,-0.0814171099999998,0.00177350980783106,-0.0958588799999998,0.0124175473838507,-0.0144417699999999,-2.062362728,-2.143779838,-2.158221608,"ns","ns","ns"
"P05062_AHR.cit.FPALTQEQK_",0.160429130976111,0.0341062679999999,0.0537844279917394,-0.0756845160000001,0.000307762589527697,-0.109790784,-1.303371994,-1.269265726,-1.37905651,"ns","ns","ns"
"P05062_LFR.cit.NILK_",6.28059559266836e-09,0.303642939,2.74941385766615e-19,0.455053275999999,7.53691660054498e-08,0.151410337,-5.312294977,-5.008652038,-4.857241701,"up","up","ns"
"P05062_VENTEENR.cit.R.cit.QFR_",0.00729015338752643,-0.2957057045,0.00252846460408019,-0.520673935,5.42776369465243e-06,-0.2249682305,-1.827509027,-2.1232147315,-2.348182962,"down","down","ns"
"P05091_SR.cit.VVGNPFDSK_",0.00861383109193937,0.0856198720000001,6.95314058185581e-13,0.207189161,4.96748748970587e-06,0.121569289,-1.927959283,-1.842339411,-1.720770122,"ns","ns","ns"
"P05141_AGAER.cit.EFR_",0.873637223015315,0.017958901,0.0518439610217275,0.008418183,0.988390226181477,-0.009540718,-0.076020305,-0.058061404,-0.067602122,"ns","ns","ns"
"P05141_TR.cit.LAADVGK_",0.0629248727831459,-0.143098634,0.633224120950187,-0.035808391,0.000770227671455253,0.107290243,-1.85679878,-1.999897414,-1.892607171,"ns","ns","ns"
"P05783_ASLENSLR.cit.EVEAR_",2.46576416227209e-05,0.5527569595,1.94716728110727e-08,0.4868992115,0.12083861148949,-0.065857748,-1.8740524995,-1.32129554,-1.387153288,"up","up","ns"
"P05783_NR.cit.EELDK_",0.0223921696801368,0.392538963,1.73481114884204e-06,0.239878058,0.135588901391355,-0.152660905,-2.816044959,-2.423505996,-2.576166901,"up","ns","ns"
"P05783_TTTR.cit.R.cit.IVDGK_",0.861854922879588,-0.00975951800000008,7.18301771754196e-15,0.273313796,1.60548835567672e-08,0.283073314,-3.067711121,-3.077470639,-2.794397325,"ns","up","up"
"P06727_GR.cit.LTPYADEFK_",0.134216095570068,0.077337414,9.34846253692558e-10,0.146307697,0.00371012373670863,0.0689702830000001,-3.292978497,-3.215641083,-3.1466708,"ns","ns","ns"
"P06733_FAGR.cit.NFR.cit.NPLAK_",2.10039888978512e-05,0.23077776,2.03946769574906e-21,0.380096408,8.77425686868469e-06,0.149318647999999,-4.841237267,-4.610459507,-4.461140859,"ns","up","ns"
"P06733_NFR.cit.NPLAK_",0.336844669071457,-0.0579104530000003,0.00657608461363988,0.148177951,0.0468738726859235,0.206088404,-2.874406711,-2.932317164,-2.72622876,"ns","ns","ns"
"P06744_AALTR.cit.DPQFQK_",0.217981327479476,-0.1407978755,0.0481233829574651,-0.2404000985,7.27826586748694e-05,-0.099602223,-0.8820376785,-1.022835554,-1.122437777,"ns","ns","ns"
"P06744_STEEAR.cit.K_",0.00916693727288685,0.186831321,0.318928747899555,0.0319003159999998,0.000161007919470949,-0.154931005,-2.227443916,-2.040612595,-2.1955436,"ns","ns","ns"
"P06748_SIR.cit.DTPAK_",0.0532663815634217,0.134489436,0.00217587156432623,0.0905656279999998,0.000274835925809517,-0.0439238080000002,-2.623390249,-2.488900813,-2.532824621,"ns","ns","ns"
"P07237_FFR.cit.NGDTASPK_",0.00158362921838129,-0.357208562,1.2665291207907e-08,-0.328062164,0.525713649865299,0.029146398,-2.580440766,-2.937649328,-2.90850293,"down","down","ns"
"P07305_GVGASGSFR.cit.LAK_",0.842105263157895,0.0164245259999998,4.99589012947565e-09,0.406406532,0.0178885721585814,0.389982006,-2.122898708,-2.106474182,-1.716492176,"ns","up","up"
"P07355_IR.cit.SEFK_",0.00988112846497867,-0.091940712,2.98351403102424e-05,-0.101208926,0.188794813823198,-0.009268214,-2.683506743,-2.775447455,-2.784715669,"ns","ns","ns"
"P07355_VFDR.cit.YK_",2.17955236771288e-06,0.570345036,5.97857179225468e-10,0.207904053,4.38117678416272e-06,-0.362440983,-3.224746124,-2.654401088,-3.016842071,"up","ns","down"
"P07900_IR.cit.YESLTDPSK_",0.00625541017662187,0.244140002,4.87710470128625e-05,0.188276078,0.057413511819096,-0.0558639240000001,-2.947863272,-2.70372327,-2.759587194,"ns","ns","ns"
"P08263_NR.cit.YFPAFEK_",1,0.0406470080000001,0.33188350451277,0.0987454130000001,0.430468198566857,0.058098405,-3.336294715,-3.295647707,-3.237549302,"ns","ns","ns"
"P08263_SLEEAR.cit.K_",0.00436483219021306,0.165046118,3.34136759788993e-05,0.0754832350000001,0.0288141299355949,-0.0895628830000001,-4.122833334,-3.957787216,-4.047350099,"ns","ns","ns"
"P08263_TR.cit.ISNLPTVK_",0.0202080042393893,3.221016556,0.00084251058683446,2.468797807,0.000840612803874635,-0.752218749,-3.767695416,-0.54667886,-1.298897609,"up","up","down"
"P08311_VSMR.cit.R.cit.GTDTLR_",0.102369130420303,-0.117630951,0.00134072013811476,-0.222230766,0.000597262113475715,-0.104599815,-2.085365379,-2.20299633,-2.307596145,"ns","ns","ns"
"P08319_TSR.cit.FTCK_",2.16212588500028e-05,1.03121846,3.08496721136643e-09,0.907416823,0.000489878991020426,-0.123801637,-4.105121972,-3.073903512,-3.197705149,"up","up","ns"
"P08603_ENER.cit.FQYK_",NA,NA,2.19046290464674e-16,-0.361970396,NA,NA,-3.269191554,NA,-3.63116195,NA,"down",NA
"P08670_AR.cit.VEVER_",1.88037410389703e-11,0.240198508,3.18850575317591e-27,0.323552424,0.00392052812163932,0.0833539160000001,-2.106248963,-1.866050455,-1.782696539,"ns","up","ns"
"P08670_GTNESLER.cit.QMR_",7.61654503888124e-09,0.260233783,5.91357104165634e-19,0.244214448,0.00695721998250392,-0.0160193349999997,-2.551118045,-2.290884262,-2.306903597,"ns","ns","ns"
"P09210_NR.cit.YFPAFEK_",NA,NA,NA,NA,0.109548839278772,-0.0223657390000001,NA,-3.425478232,-3.447843971,NA,NA,"ns"
"P09210_SLEESR.cit.K_",0.0281603136610141,0.069318231,0.2586199883719,-0.0308416660000002,0.000302191631663907,-0.100159897,-2.996135367,-2.926817136,-3.026977033,"ns","ns","ns"
"P09382_VR.cit.GEVAPDAK_",1.38434487883064e-07,0.430210336,1.22607613473388e-11,0.44379638,0.0115749429661254,0.0135860439999997,-2.467430624,-2.037220288,-2.023634244,"up","up","ns"
"P09493_VIESR.cit.AQK_",4.23567041069036e-07,0.137261239,2.905369872724e-05,0.0406561609999998,1.25450900509144e-06,-0.0966050780000001,-3.180170864,-3.042909625,-3.139514703,"ns","ns","ns"
"P09669_FR.cit.VADQR.cit.K_",2.79391365824306e-05,0.341510676,3.27108292399703e-05,0.204042566,0.0513535304245688,-0.13746811,-1.954470733,-1.612960057,-1.750428167,"up","ns","ns"
"P09871_QR.cit.IIGGSDADIK_",0.0703114125221993,-0.352917037,0.0702744360107385,-0.498926437,0.000280065007744915,-0.1460094,-1.846131667,-2.199048704,-2.345058104,"ns","ns","ns"
"P0C0L4_NPSR.cit.NNVPCSPK_",0.00024011594467153,0.447185205999999,5.58874683995717e-08,0.286640387999999,0.0478626794016435,-0.160544818,-4.594810149,-4.147624943,-4.308169761,"up","up","ns"
"P0C0L4_QR.cit.VEASISK_",0.00154562328891038,0.375191752,2.98911006994562e-09,0.229205723,0.00615990802259132,-0.145986029,-3.20747021,-2.832278458,-2.978264487,"up","ns","ns"
"P0C0L4_QYR.cit.NGESVK_",0.125506471437469,0.250674456,0.220594490327296,-0.0508132610000001,0.100706460442173,-0.301487717,-3.986206362,-3.735531906,-4.037019623,"ns","ns","ns"
"P0C0L4_TFFR.cit.GLESQTK_",8.37163041962915e-07,0.565961042000001,1.0923940715927e-15,0.604904886,0.148894122937883,0.0389438439999998,-4.509562994,-3.943601952,-3.904658108,"up","up","ns"
"P0DMV9_LR.cit.TACER_",0.15959701441687,-0.141224057,0.117635200062322,-0.15743834,0.00475737838976392,-0.0162142830000001,-2.059299677,-2.200523734,-2.216738017,"ns","ns","ns"
"P0DMV9_R.cit.NSTIPTK_",5.77261482182273e-05,0.441658428,5.55117396083581e-11,0.512283036,0.099807938063972,0.0706246080000001,-3.319845006,-2.878186578,-2.80756197,"up","up","ns"
"P10412_ER.cit.SGVSLAALK_",0.0189659129389935,0.210155662,0.00256844982119103,0.161585354,0.0195013826329076,-0.0485703080000004,-4.971602378,-4.761446716,-4.810017024,"ns","ns","ns"
"P10515_GR.cit.VFVSPLAK_",0.363138680762923,-0.0820553589999999,2.15767833104136e-06,-0.16906673,0.0113702833550592,-0.087011371,-3.134634756,-3.216690115,-3.303701486,"ns","ns","ns"
"P10643_NAR.cit.CVQK_",0.00022547096851509,0.343746381,6.18971273383338e-09,0.407937988,0.0234220770114292,0.0641916070000002,-2.451081174,-2.107334793,-2.043143186,"up","up","ns"
"P10809_APGFGDNR.cit.K_",0.510498341344584,0.0182633659999998,2.55604579153727e-07,-0.28970144,5.32556040913897e-07,-0.307964806,-3.947492627,-3.929229261,-4.237194067,"ns","down","down"
"P11021_DNR.cit.AVQK_",0.0331823060235718,-0.0995009109999998,0.00198410308264694,-0.156287341,0.00499971755406465,-0.0567864299999998,-2.464708197,-2.564209108,-2.620995538,"ns","ns","ns"
"P11168_R.cit.LR.cit.GYDDVTK_",NA,NA,NA,NA,1.81679856077414e-07,-0.200704403,NA,-2.259717518,-2.460421921,NA,NA,"ns"
"P11177_VSR.cit.GLWK_",0.137563893909903,0.382930147,1.39630507543464e-05,0.492575623,0.346754179973579,0.109645476,-2.408102846,-2.025172699,-1.915527223,"ns","up","ns"
"P11310_EFQATAR.cit.K_",0.0039809465934137,-0.29970556,0.000493885664409938,-0.238562407,0.014278610311683,0.0611431530000002,-2.459066693,-2.758772253,-2.6976291,"down","ns","ns"
"P12111_FR.cit.QSSPDSVK_",0.00405948402740376,0.195296191,5.2411642544157e-10,-0.21392522,0.000218603231926194,-0.409221411,-2.339144032,-2.143847841,-2.553069252,"ns","ns","down"
"P12111_SSDR.cit.VDGPASNLK_",0.980231295728681,0.00535570800000018,0.133914211320515,-0.0209507449999999,0.600114485678485,-0.0263064530000001,-2.626066937,-2.620711229,-2.647017682,"ns","ns","ns"
"P12277_R.cit.LR.cit.LQK_",0.000215078114257743,2.09399959,2.15830161881429e-06,2.08662855,0.153610546300028,-0.00737104,-2.885295782,-0.791296192,-0.798667232,"up","up","ns"
"P12814_EAMLR.cit.QK_",0.121982838921517,0.152496087,0.000948277650339644,0.236653938,0.516632246122682,0.0841578509999998,-1.398019868,-1.245523781,-1.16136593,"ns","ns","ns"
"P13073_VELYR.cit.IK_",0.093867863008812,0.117070314,0.0377622615050359,-0.203381876,0.079026244170279,-0.32045219,-2.091148084,-1.97407777,-2.29452996,"ns","ns","ns"
"P13611_SPPVR.cit.GSLSGK_",NA,NA,NA,NA,0.000529838024741235,0.13454084,NA,-1.170278074,-1.035737234,NA,NA,"ns"
"P13639_GEGQLGPAER.cit.AK_",0.00142478076808632,-0.261493149,0.000339372231442318,-0.189368219,0.00238674358458665,0.07212493,-1.028452647,-1.289945796,-1.217820866,"ns","ns","ns"
"P13667_R.cit.FDVSGYPTLK_",0.138640633813219,0.683904142,0.0239118797977257,0.427550347,0.0100928180035782,-0.256353795,-3.693021218,-3.009117076,-3.265470871,"ns","up","ns"
"P13804_VVVSGGR.cit.GLK_",3.07291832425745e-06,-0.429791212,4.22004267069237e-15,-0.338709128,4.93099736941421e-06,0.091082084,-2.800705629,-3.230496841,-3.139414757,"down","down","ns"
"P14618_APIIAVTR.cit.NPQTAR_",4.07189951195017e-05,0.125392265,7.88171510968272e-17,0.199486719,0.00142228832112649,0.0740944539999999,-3.129961956,-3.004569691,-2.930475237,"ns","ns","ns"
"P14618_AR.cit.GFFK_",5.93368115902258e-05,1.052717521,9.0125907579515e-08,1.06916795,0.420493488738718,0.0164504290000003,-4.992555179,-3.939837658,-3.923387229,"up","up","ns"
"P14625_IYFMAGSSR.cit.K_",NA,NA,9.82428605538921e-07,-0.274750754,NA,NA,-2.962241337,NA,-3.236992091,NA,"down",NA
"P15311_AQAR.cit.EEK_",0.0892618241036079,0.136278544000001,0.000211858596752735,0.467317681,1.28710791073565e-09,0.331039136999999,-4.371148132,-4.234869588,-3.903830451,"ns","up","up"
"P15311_TLR.cit.QIR.cit.QGNTK_",0.00029708556209532,0.186745376,0.00291031111618564,0.108713305,0.000750104391389858,-0.078032071,-3.79504168,-3.608296304,-3.686328375,"ns","ns","ns"
"P15311_VSAQEVR.cit.K_",0.100874251867309,-0.816484404,0.0841605333533348,-1.084690446,1.66498028446358e-07,-0.268206042,-1.165182766,-1.98166717,-2.249873212,"ns","ns","down"
"P15924_QR.cit.TQEELR_",0.0232363413171844,-0.340201506,0.217514434939614,-0.019155864,0.0202076707304237,0.321045642,-1.883482962,-2.223684468,-1.902638826,"down","ns","up"
"P18077_TR.cit.VIWGK_",0.0179428113356381,-0.663464242,0.00141434904991817,-0.636388838,0.394061003939015,0.0270754040000001,-1.63808333,-2.301547572,-2.274472168,"down","down","ns"
"P18206_NR.cit.NFTVEK_",0.000295281280580257,-0.130469418,3.19890551144731e-10,-0.238664867,0.00445347363495144,-0.108195449,-1.648900274,-1.779369692,-1.887565141,"ns","ns","ns"
"P18621_NTR.cit.ETAQAIK_",0.00754623449045171,-1.0996582255,8.69557421099498e-05,-1.0132583205,0.334941642826003,0.0863999049999999,-0.8042825695,-1.903940795,-1.81754089,"down","down","ns"
"P19338_GQNQDYR.cit.GGK_",0.530002768249888,-0.0908542130000001,0.124192759266705,-0.113433794,0.00988845018099166,-0.0225795809999996,-4.008543427,-4.09939764,-4.121977221,"ns","ns","ns"
"P19827_AAISGENAGLVR.cit.ASGR_",0.00370996474537955,-0.500293156,0.000786646999152126,-0.52149219,0.928550269140959,-0.0211990339999999,-2.144616079,-2.644909235,-2.666108269,"down","down","ns"
"P19827_VTYDVSR.cit.DK_",0.098826648259831,0.691564336,3.32609139815835e-14,0.894501764,0.241224217079196,0.202937428,-2.242089355,-1.550525019,-1.347587591,"ns","up","ns"
"P20962_R.cit.AAEEEDEADPK_",0.134894248736608,-0.049791586,2.23852778453111e-09,0.309597189,5.83309242846702e-05,0.359388775,-2.70978971,-2.759581296,-2.400192521,"ns","up","up"
"P21333_AEISFEDR.cit.K_",0.00592952735235478,0.0864018289999997,0.0444890418269182,-0.0323801970000002,0.000378899671778052,-0.118782026,-2.552691935,-2.466290106,-2.585072132,"ns","ns","ns"
"P21333_R.cit.IANLQTDLSDGLR_",0.0537556577981051,0.181191316,0.00371178190727737,0.26372191,0.000869973761188576,0.0825305939999998,-2.060541652,-1.879350336,-1.796819742,"ns","up","ns"
"P21333_R.cit.LTVSSLQESGLK_",0.106406184642191,0.129889472,5.16146890591325e-07,0.251011118,1.24925608095117e-06,0.121121646,-3.167903147,-3.038013675,-2.916892029,"ns","ns","ns"
"P21695_VAEAFAR.cit.TGK_",2.34132905698121e-05,0.606595823,6.03222829940682e-12,0.645016703,0.0155797434396807,0.0384208799999999,-2.908141993,-2.30154617,-2.26312529,"up","up","ns"
"P21796_SAR.cit.DVFTK_",4.78685962324737e-11,-0.487037097,4.04138577720383e-23,-0.462462392,0.00153365027488139,0.024574705,-1.268996904,-1.756034001,-1.731459296,"down","down","ns"
"P21796_SR.cit.VTQSNFAVGYK_",0.00105147094824552,0.213314891,3.15813006269556e-12,0.327028194,0.154812535529355,0.113713303,-3.506596307,-3.293281416,-3.179568113,"ns","up","ns"
"P21810_AFSPLR.cit.K_",0.0560415030205916,0.172556697,0.667271832038833,0.00403662399999938,0.00049407767247458,-0.168520073000001,-4.861650168,-4.689093471,-4.857613544,"ns","ns","ns"
"P22626_LTDCVVMR.cit.DPASK_",0.0468532847881471,-0.4063445505,0.0082471179337048,-0.4823613835,0.0125553392947548,-0.076016833,-1.2066359165,-1.612980467,-1.6889973,"down","down","ns"
"P22626_TLETVPLER.cit.K_",8.40515399291709e-05,-0.15452056,1.63194308750443e-15,-0.248314618,2.09627040736765e-05,-0.0937940580000003,-2.440471562,-2.594992122,-2.68878618,"ns","ns","ns"
"P22695_ANYR.cit.GGEIR_",0.000520537127928322,0.126577948,0.715157901506634,-0.013381767,3.09094673521213e-06,-0.139959715,-1.603935615,-1.477357667,-1.617317382,"ns","ns","ns"
"P23284_VLEGMEVVR.cit.K_",0.00323168656367541,0.148857172,0.0556887893368011,0.041487069,0.00155546252945115,-0.107370103,-3.173187724,-3.024330552,-3.131700655,"ns","ns","ns"
"P24752_R.cit.VDFSK_",9.07134571701117e-05,0.96689697,6.45173902371611e-09,1.218311038,0.000974487955918415,0.251414068,-4.025433113,-3.058536143,-2.807122075,"up","up","ns"
"P25705_AVDSLVPIGR.cit.GQR_",0.891090515199969,-0.013039764,1.31442409002234e-06,0.118612578,0.307698029742514,0.131652342,-1.52195993,-1.534999694,-1.403347352,"ns","ns","ns"
"P25705_ELIIGDR.cit.QTGK_",0.637351888233937,-0.17743975,0.00353481561132915,0.365897006,0.00262018632406959,0.543336756,-2.50010868,-2.67754843,-2.134211674,"ns","up","up"
"P25705_ISVR.cit.EPMQTGIK_",0.0595126998584142,0.095850048,0.00782349514827362,0.0840955650000001,0.0185687739432375,-0.0117544829999998,-2.358775488,-2.26292544,-2.274679923,"ns","ns","ns"
"P25705_R.cit.LTDADAMK_",1.12568469105097e-06,0.298067758,1.57632994155662e-16,0.330142758,0.00335308146527007,0.0320749999999999,-3.176274418,-2.87820666,-2.84613166,"up","up","ns"
"P25705_R.cit.STVAQLVK_",0.00267889005380729,0.500127235,2.79525192891132e-11,0.531609388,0.59872890216876,0.0314821530000002,-2.775531066,-2.275403831,-2.243921678,"up","up","ns"
"P25705_VGSAAQTR.cit.AMK_",0.285714285714286,-1.287535426,0.0918617118278036,-1.773897721,6.9476326753102e-05,-0.486362295,-0.220673073,-1.508208499,-1.994570794,"ns","ns","down"
"P27348_YLAEVACGDDR.cit.K_",0.0379403960083389,-0.181830358,0.324623766238475,-0.0422706649999998,0.000222089642637691,0.139559693,-3.138276566,-3.320106924,-3.180547231,"ns","ns","ns"
"P29401_GR.cit.GITGVEDK_",0.000449483579297121,-0.140154348,3.15140543090965e-12,-0.258574139,7.92787813398523e-07,-0.118419791,-2.723924703,-2.864079051,-2.982498842,"ns","ns","ns"
"P30041_R.cit.VATPVDWK_",0.00737231451684007,0.120180014,9.38381946214456e-07,0.183994276,6.98090654870495e-06,0.0638142619999997,-2.834539255,-2.714359241,-2.650544979,"ns","ns","ns"
"P30050_EPPR.cit.DR.cit.K_",0.167835190732815,-0.828201973,0.0902932229890683,-0.654928931,0.000453650367218072,0.173273042,0.346849139,-0.481352834,-0.308079792,"ns","ns","ns"
"P30086_VASFR.cit.K_",2.11483519605809e-08,-0.308560864,5.02315288049105e-11,-0.184664598,1.95571357854978e-10,0.123896266,-4.46756992,-4.776130784,-4.652234518,"down","ns","ns"
"P30101_LNFAVASR.cit.K_",4.23665115052547e-05,-1.064202919,1.28405817882597e-12,-1.017852377,0.0673928105750307,0.0463505420000003,-2.225254453,-3.289457372,-3.24310683,"down","down","ns"
"P31327_ASR.cit.SFPFVSK_",0.0987910456363635,0.551860989,0.338017850659102,0.021735375,0.113948973886296,-0.530125614,-1.661218286,-1.109357297,-1.639482911,"ns","ns","ns"
"P31327_EWPSNLDLR.cit.K_",0.117443471798827,-0.244301876,0.000160327185069356,-0.369686065,0.00436315320795362,-0.125384189,-1.578697501,-1.822999377,-1.948383566,"ns","down","ns"
"P31327_LR.cit.DADPILR_",0.00736637853697334,-1.2675228425,1.3090747651645e-05,0.5512806405,0.000838479829685987,1.818803483,-2.7436881435,-4.011210986,-2.192407503,"down","up","up"
"P31930_NR.cit.PGSALEK_",1.28824128728107e-09,0.361661122,7.13795074515673e-22,0.444952464,1.39670463299597e-07,0.0832913419999999,-3.58794862,-3.226287498,-3.142996156,"up","up","ns"
"P32119_ASGNAR.cit.IGK_",0.024984171903913,-0.352054321,3.36314856349189e-06,-0.329800127,0.235585926266023,0.0222541940000001,-1.468214314,-1.820268635,-1.798014441,"down","down","ns"
"P35268_AGNLGGGVVTIER.cit.SK_",0.0145741566244202,-0.115486275999999,0.0112940045572423,0.0973493570000001,3.01705345982374e-06,0.212835633,-4.049871126,-4.165357402,-3.952521769,"ns","ns","ns"
"P35542_AEEWGR.cit.SGK_",0.0926006978206758,-0.1602667915,0.00803723761464353,-0.3912131365,7.1966620856005e-06,-0.230946345,-2.2892156285,-2.44948242,-2.680428765,"ns","down","ns"
"P35579_ASR.cit.EEILAQAK_",8.87579787718231e-05,1.5502638245,1.33802922851214e-05,1.6076468725,3.07806479581536e-06,0.0573830480000002,-5.1252610605,-3.574997236,-3.517614188,"up","up","ns"
"P35579_ER.cit.QAACK_",0.124418536425811,0.097543898,1.90057273156618e-12,0.307430792,0.00060362159772536,0.209886894,-0.667756119,-0.570212221,-0.360325327,"ns","up","ns"
"P35579_NENAR.cit.QQLER_",0.232643801381224,2.50440000000296e-05,0.331758814020916,-0.00214003799999984,0.0527809125388695,-0.00216508199999987,-2.127780118,-2.127755074,-2.129920156,"ns","ns","ns"
"P35749_ASR.cit.DEIFATAK_",1.4051600077626e-13,-0.568784552,1.61328758268679e-27,-0.487282334,2.0341841395039e-06,0.0815022180000002,-2.119892555,-2.688677107,-2.607174889,"down","down","ns"
"P35749_NESAR.cit.QQLER_",0.555089120698329,-0.0286713285000002,0.00917075376247042,-0.1772229005,0.000327866316820665,-0.148551572,-3.7848446565,-3.813515985,-3.962067557,"ns","ns","ns"
"P35749_R.cit.LVWVPSEK_",2.97938732234844e-06,-0.303034337,0.169658635781701,-0.00760190199999977,8.65576529966075e-08,0.295432435,-2.557748865,-2.860783202,-2.565350767,"down","ns","up"
"P35749_VGR.cit.DVVQK_",5.36320725921226e-10,0.429750179,8.10481724058631e-26,0.361151816,0.0728656929868515,-0.068598363,-2.761692447,-2.331942268,-2.400540631,"up","up","ns"
"P37802_DVGR.cit.PQPGR_",0.141086847348243,-0.556471643,0.00152780553780599,-0.371343038,0.179712494879,0.185128605,-0.638618603,-1.195090246,-1.009961641,"ns","down","ns"
"P38646_LINR.cit.NTTIPTK_",0.000104379310950601,-0.375821307,4.83843947254482e-08,-0.280023179,0.00706385843939921,0.0957981279999998,-2.622060213,-2.99788152,-2.902083392,"down","down","ns"
"P38646_R.cit.ETGVDLTK_",0.942741733667318,-0.0431777859999998,0.150111725425225,-0.123199112,0.0319885333074541,-0.0800213260000002,-2.352190595,-2.395368381,-2.475389707,"ns","ns","ns"
"P39023_LLPLR.cit.QK_",4.08202464741925e-06,0.444153601,3.04649522248723e-09,0.273567423,8.28386840182196e-06,-0.170586178,-1.300583472,-0.856429871,-1.027016049,"up","up","ns"
"P40429_R.cit.GQAALDR.cit.LK_",5.31470843196816e-08,0.262492795,7.56311117692503e-16,0.307128221,0.0258948128295014,0.0446354259999999,-2.156386519,-1.893893724,-1.849258298,"ns","up","ns"
"P42765_ISR.cit.EECDK_",9.60701951882802e-05,-0.122537919,1.85892146983499e-06,-0.11518619,0.00483192105106041,0.00735172900000003,-1.57648934,-1.699027259,-1.69167553,"ns","ns","ns"
"P42765_YALQSQQR.cit.WK_",0.0993178492789013,0.0795714360000002,0.0843022572087463,0.360639525,3.59604408649494e-07,0.281068089,-3.371392493,-3.291821057,-3.010752968,"ns","ns","up"
"P43146_R.cit.APR.cit.AK_",0.443480213683155,-0.00593212199999993,0.42224657917366,-0.0224018639999999,0.452011385290445,-0.016469742,-2.703779572,-2.709711694,-2.726181436,"ns","ns","ns"
"P45880_AAR.cit.DIFNK_",4.34715168890203e-05,0.698270159,1.28622955901721e-08,0.819179047,0.293361511628328,0.120908888,-2.814464581,-2.116194422,-1.995285534,"up","up","ns"
"P45954_YFR.cit.DAK_",0.0294528116957154,-1.042232868,7.92935358888915e-08,-0.842876565,0.0750458214716446,0.199356303,-1.708562085,-2.750794953,-2.55143865,"down","down","ns"
"P46776_R.cit.NQSFCPTVNLDK_",6.68109456359393e-06,-0.660144932,3.14888490358852e-09,-0.545724938,0.000149034579340082,0.114419994,-3.130477443,-3.790622375,-3.676202381,"down","down","ns"
"P46777_R.cit.FPGYDSESK_",0.00121485203352285,0.452925481,0.129660596708003,0.0365378600000001,0.00145476549598553,-0.416387621,-2.458015629,-2.005090148,-2.421477769,"up","ns","down"
"P46777_TDYYAR.cit.K_",NA,NA,NA,NA,0.395183841594652,-0.0338151395000001,NA,-2.3617047715,-2.395519911,NA,NA,"ns"
"P46778_SR.cit.DSFLK_",0.0108966927585827,-0.1918903715,1.26385898194227e-07,-0.3783110435,0.000949145747750615,-0.186420672,-1.1427688905,-1.334659262,-1.521079934,"ns","down","ns"
"P46781_SR.cit.LDQELK_",7.21069640396129e-09,-0.66828512,2.55180803226445e-22,-0.637824889,0.00730935341763634,0.0304602309999997,-1.760966192,-2.429251312,-2.398791081,"down","down","ns"
"P48735_ATDFVADR.cit.AGTFK_",0.000717664217183462,0.148418689,0.000127052934685615,0.0981949160000002,3.94742073796498e-06,-0.0502237729999999,-3.311064935,-3.162646246,-3.212870019,"ns","ns","ns"
"P48735_AYDGR.cit.FK_",0.00379708673469356,-0.579654233,0.00012776611130545,-0.515719755,0.0185357845108582,0.0639344780000002,-1.867999445,-2.447653678,-2.3837192,"down","down","ns"
"P50440_R.cit.VMVDANEVPIQK_",0.00128098597775377,0.254681407,1.07747761130685e-08,0.20237961,0.404840245154946,-0.0523017970000001,-2.81625542,-2.561574013,-2.61387581,"ns","ns","ns"
"P50914_MTDFDR.cit.FK_",0.144266214905144,-0.0950401900000002,2.60628256793094e-10,0.245313693,3.56213460711e-06,0.340353883,-2.597910438,-2.692950628,-2.352596745,"ns","ns","up"
"P50914_WAATR.cit.WAK_",0.000324670795486323,0.171290622,0.000398659444516523,0.0878741779999999,0.00710543056723801,-0.083416444,-2.269193108,-2.097902486,-2.18131893,"ns","ns","ns"
"P50914_YVR.cit.QAWQK_",0.000107665850552854,0.180833442,4.18209064353122e-17,0.232078023,0.0102717519510628,0.051244581,-1.89490089,-1.714067448,-1.662822867,"ns","ns","ns"
"P51888_LTDR.cit.GLPK_",0.00104812716231818,0.32691278,2.12011768824776e-15,0.412173363,0.0134081752593345,0.0852605830000002,-3.322350753,-2.995437973,-2.91017739,"up","up","ns"
"P52209_SFLEDIR.cit.K_",0.0970206822948115,-0.526880713,0.00539874504445672,0.205037662,0.13312848419606,0.731918375,-1.394702289,-1.921583002,-1.189664627,"ns","ns","ns"
"P53999_TGETSR.cit.ALSSSK_",0.000436147393771556,0.257145686,1.11449120092723e-11,0.272126969,0.87157223731343,0.014981283,-3.566631762,-3.309486076,-3.294504793,"ns","up","ns"
"P55072_LAGESESNLR.cit.K_",0.000717997332068479,1.10008946,2.87678494217946e-08,1.287766199,0.000320876157332006,0.187676739,-4.02854748,-2.92845802,-2.740781281,"up","up","ns"
"P56470_WGSEER.cit.K_",0.0268320981551927,-0.296567772,0.000173983991979542,-0.41754857,0.000813734611885011,-0.120980798,-2.92252714,-3.219094912,-3.34007571,"down","down","ns"
"P60174_LDER.cit.EAGITEK_",0.129956451971836,-0.0477682079999999,5.67108557037827e-05,-0.116164381,0.000111993470966531,-0.068396173,-3.243054244,-3.290822452,-3.359218625,"ns","ns","ns"
"P60709_IIAPPER.cit.K_",0.15313011448329,-0.0365666429999996,2.70632558609314e-07,0.360458753000001,4.37756249467237e-07,0.397025396,-4.178441796,-4.215008439,-3.817983043,"ns","up","up"
"P60709_ILTER.cit.GYSFTTTAER_",0.306318612126816,0.166953924,0.0013716307812582,-0.251171865,3.0087911593727e-05,-0.418125789,-2.538848437,-2.371894513,-2.790020302,"ns","ns","down"
"P60866_GPVR.cit.MPTK_",0.0811594726438688,-0.128104524,3.00841284889399e-06,0.165055005,0.00330654546372166,0.293159529,-2.431129863,-2.559234387,-2.266074858,"ns","ns","up"
"P60866_TLR.cit.ITTR.cit.K_",0.302340136294792,-0.0724290610000002,9.35254162236511e-09,-0.203415684,0.0027347000043961,-0.130986623,-2.180125348,-2.252554409,-2.383541032,"ns","ns","ns"
"P60866_VCADLIR.cit.GAK_",0.0671717137288246,0.0431251160000001,4.23314175657963e-08,-0.100945327,0.000203463301143996,-0.144070443,-2.835414021,-2.792288905,-2.936359348,"ns","ns","ns"
"P60903_EDLR.cit.VLMEK_",NA,NA,NA,NA,1.57843384882978e-06,-0.659837691,NA,-3.867536661,-4.527374352,NA,NA,"down"
"P61160_R.cit.LDIAGR_",0.0955702613728305,-0.81604057,0.0439617867849823,-0.125732658,0.276500480083433,0.690307912,-1.666522405,-2.482562975,-1.792255063,"ns","ns","ns"
"P61247_TLVTR.cit.TQGTK_",1.61086326535498e-06,-1.292578385,1.95325899976712e-14,-1.085196843,1.57050201092234e-05,0.207381542,-0.477671985,-1.77025037,-1.562868828,"down","down","ns"
"P61313_AR.cit.R.cit.LGYK_",0.0238703660649647,0.1315639465,0.00104213150943091,0.1536480795,0.00891772653992973,0.0220841329999999,-2.1516626545,-2.020098708,-1.998014575,"ns","ns","ns"
"P61353_DVFR.cit.DPALK_",0.0257755890305211,0.3814650265,1.2872922882161e-05,0.2568557125,0.0708732534032054,-0.124609314,-3.1256376215,-2.744172595,-2.868781909,"up","ns","ns"
"P61981_R.cit.ATVVESSEK_",0.00897797723737338,-0.0739759059999998,0.524705104060129,0.00723800300000033,0.00576291790024254,0.0812139090000001,-2.502799405,-2.576775311,-2.495561402,"ns","ns","ns"
"P62241_YELGR.cit.PAANTK_",0.286333474564957,0.0643614195,0.00402187865079839,0.0461895664999998,0.715703842633449,-0.0181718530000001,-3.0041262725,-2.939764853,-2.957936706,"ns","ns","ns"
"P62249_GPLQSVQVFGR.cit.K_",1.10783968895855e-05,0.631983814,7.96953553513787e-24,0.591283755,0.0165143554574898,-0.0407000589999997,-4.619532328,-3.987548514,-4.028248573,"up","up","ns"
"P62805_R.cit.ISGLIYEETR_",0.000779425678602535,0.206320453,8.6066879245609e-13,0.287469692,0.0139193085199082,0.0811492389999999,-2.128901938,-1.922581485,-1.841432246,"ns","up","ns"
"P62805_RQGR.cit.TLYGFGG_",0.0976585479901962,0.134443581,0.301261073082105,0.019778077,0.174159164476021,-0.114665504,-0.780178668,-0.645735087,-0.760400591,"ns","ns","ns"
"P62820_R.cit.MGPGATAGGAEK_",0.019606818983411,-0.926838423,2.575883592535e-05,-0.306466632,0.0207505255798189,0.620371791,-2.023602659,-2.950441082,-2.330069291,"down","down","up"
"P62834_YDPTIEDSYR.cit.K_",1.0636061377482e-09,-0.374342951,2.22009139696956e-15,-0.261305517,9.45366340639263e-07,0.113037434,-2.230911215,-2.605254166,-2.492216732,"down","ns","ns"
"P62937_FGSR.cit.NGK_",0.00404346403297686,0.953420631,7.80261214538438e-21,0.77549497,0.0520325843933964,-0.177925661,-4.545779044,-3.592358413,-3.770284074,"up","up","ns"
"P62937_TAENFR.cit.ALSTGEK_",0.000522267407390409,-0.0697216860000003,4.30487732316799e-17,-0.166611075,4.3103830874298e-06,-0.0968893890000002,-4.984313135,-5.054034821,-5.15092421,"ns","ns","ns"
"P63096_NLR.cit.EDGEK_",0.308210752160392,0.0315562590000003,1.35239059196201e-05,0.0734289870000002,0.0320571789543484,0.041872728,-2.584634335,-2.553078076,-2.511205348,"ns","ns","ns"
"P63261_GYSFTTTAER.cit.EIVR_",0.000663041321647481,1.8090615025,4.7500942686048e-07,2.0370940705,0.0508025878026176,0.228032568,-3.7700102235,-1.960948721,-1.732916153,"up","up","ns"
"P63261_IIAPPER.cit.K_",0.00204280111681607,0.169930271,2.51606329653285e-16,0.326701847,0.00133656214895976,0.156771576,-3.274671219,-3.104740948,-2.947969372,"ns","up","ns"
"P63267_CDIDIR.cit.K_",0.000313153219562819,-0.178031822,0.000102186633649813,-0.0984851249999998,0.000490197915441678,0.0795466970000001,-2.215786013,-2.393817835,-2.314271138,"ns","ns","ns"
"P67936_AEFAER.cit.TVAK_",6.63956042872872e-05,-0.453587148,5.43891172821656e-13,-0.385856928,0.0388696656024951,0.0677302200000001,-2.436531993,-2.890119141,-2.822388921,"down","down","ns"
"P68133_CDIDIR.cit.K_",0.896586664830203,-0.0713808,0.993190045794435,-0.010021354,0.182112189582825,0.061359446,-3.139387452,-3.210768252,-3.149408806,"ns","ns","ns"
"P84098_GTANAR.cit.MPEK_",0.113692606185515,-0.323584143,0.00928956049172097,-0.294651914,0.235156053875234,0.028932229,-1.888204596,-2.211788739,-2.18285651,"ns","down","ns"
"P84098_NTLAR.cit.R.cit.K_",0.00975830906997525,-0.188000682,3.8231633953461e-06,-0.359176823,0.0394594454001929,-0.171176141,-1.24619954,-1.434200222,-1.605376363,"ns","down","ns"
"Q00325_EDGVR.cit.GLAK_",0.00918370404464922,0.590079375,6.6903914388903e-08,0.171645849,0.00360198623540281,-0.418433526,-2.625633828,-2.035554453,-2.453987979,"up","ns","down"
"Q00796_ESPQEIAR.cit.K_",7.13076024326871e-05,0.147405335,3.23981591736153e-10,0.247154987,0.0014634080317476,0.0997496520000001,-1.89399367,-1.746588335,-1.646838683,"ns","ns","ns"
"Q00839_FIEIAAR.cit.K_",0.00286791618555302,0.1869385,1.21144430125129e-07,0.246284355,0.116013422665882,0.0593458549999997,-3.358278243,-3.171339743,-3.111993888,"ns","ns","ns"
"Q01082_AWER.cit.LEK_",0.0523152835309506,-0.0622752490000003,0.0373018891135036,-0.0826514680000003,0.657750784005357,-0.0203762190000001,-2.489303319,-2.551578568,-2.571954787,"ns","ns","ns"
"Q01082_NR.cit.EASLGEASK_",0.000177219064857323,0.415147998,5.5044452975264e-09,0.10399533,0.00948361874603385,-0.311152668,-2.113908656,-1.698760658,-2.009913326,"up","ns","down"
"Q01518_EVITFR.cit.EK_",0.231134279300773,0.0267117429999999,2.26202594594642e-08,0.206545704,0.0137400669576538,0.179833961,-3.025982848,-2.999271105,-2.819437144,"ns","ns","ns"
"Q01995_GPSYGMSR.cit.EVQSK_",0.00244886534251053,-0.109726877,0.0113828300928536,-0.0786795570000001,0.000719427464319344,0.0310473199999999,-4.533798044,-4.643524921,-4.612477601,"ns","ns","ns"
"Q02252_EGASILLDGR.cit.K_",0.00363462299872955,0.570114202,5.08129403231855e-09,0.183578454,0.00365410127975827,-0.386535748,-2.987406486,-2.417292284,-2.803828032,"up","ns","down"
"Q02252_ER.cit.VCNLIDSGTK_",0.000108632299552007,0.226685076,3.74704587178219e-13,0.359196356,0.000179579595305235,0.13251128,-4.42238642,-4.195701344,-4.063190064,"ns","up","ns"
"Q02543_VVGR.cit.CLPTPK_",1.92128614287898e-05,0.239085147,4.4059016838345e-09,0.224706824,0.411948251387319,-0.0143783230000003,-3.139346902,-2.900261755,-2.914640078,"ns","ns","ns"
"Q03135_EIDLVNR.cit.DPK_",0.00555949762247034,0.0945969720000002,3.72434832291244e-15,0.277194685,0.000650034410398786,0.182597713,-1.263486499,-1.168889527,-0.986291814,"ns","up","ns"
"Q04828_R.cit.EDIFYTSK_",6.85801595336284e-05,0.167778322,4.24152667122953e-14,0.271253815,0.0053483548660242,0.103475493,-3.961703152,-3.79392483,-3.690449337,"ns","up","ns"
"Q05682_IEER.cit.AEFLNK_",2.62373479444939e-05,0.384835827,7.99413992433108e-11,0.388130339,0.610272885121736,0.00329451200000008,-4.109070031,-3.724234204,-3.720939692,"up","up","ns"
"Q06323_YFSER.cit.GDAVTK_",2.2890133775121e-09,-0.362359081,2.83576047097167e-11,-0.233422633,1.21678173038141e-08,0.128936448,-2.674930819,-3.0372899,-2.908353452,"down","ns","ns"
"Q09666_FGVSTGR.cit.EGQTPK_",3.2521358310627e-08,0.494459541,4.30908888308821e-19,0.413454675,9.90537862057633e-05,-0.0810048660000002,-2.813934968,-2.319475427,-2.400480293,"up","up","ns"
"Q13017_R.cit.R.cit.VEMK_",NA,NA,0.682557074156926,0.0467903790000004,NA,NA,2.743938776,NA,2.790729155,NA,"ns",NA
"Q14764_SLQPLAPR.cit.NK_",0.0458555243790896,-0.581626712,0.0121519718037382,-0.47255822,0.000165746218579419,0.109068492,-1.793432483,-2.375059195,-2.265990703,"down","down","ns"
"Q14914_WQGDAR.cit.QK_",0.0950186288185396,-0.731475586,6.33664497304011e-05,-0.339523579,0.267291626645327,0.391952007,-0.147274402,-0.878749988,-0.486797981,"ns","down","ns"
"Q15084_NR.cit.PEDYQGGR_",0.0036023008100365,0.479655897,8.00655205979213e-06,0.613478256,0.0506541837393154,0.133822359,-2.317302025,-1.837646128,-1.703823769,"up","up","ns"
"Q15582_VIGTNR.cit.K_",0.000633952928184466,-0.222828571,2.45535156034204e-14,-0.302791658,0.000578537146438299,-0.0799630870000001,-1.627584752,-1.850413323,-1.93037641,"ns","down","ns"
"Q15643_SENER.cit.LK_",0.00140348228131984,-0.770865116,1.24725294727931e-05,-0.881353416,0.00139226078458986,-0.1104883,-3.39162957,-4.162494686,-4.272982986,"down","down","ns"
"Q15836_VLER.cit.DQK_",0.0245732173139546,0.606158637,2.45584582523802e-09,0.563535488,0.119557858960876,-0.0426231490000002,-2.49125234,-1.885093703,-1.927716852,"up","up","ns"
"Q16822_R.cit.YVAAAFPSACGK_",1.67263154746038e-09,0.306520284,3.09612013811734e-11,0.258405414,0.000241617475940522,-0.04811487,-3.604624771,-3.298104487,-3.346219357,"up","ns","ns"
"Q16851_DLDGFR.cit.K_",0.457198523314132,0.0573759579999999,0.126336096753008,-0.0283874180000001,0.16579060085683,-0.0857633760000001,-1.934768045,-1.877392087,-1.963155463,"ns","ns","ns"
"Q16851_R.cit.EFPTVPLVK_",NA,NA,NA,NA,6.47020854554908e-11,0.298367698,NA,-3.134129945,-2.835762247,NA,NA,"up"
"Q5VTE0_R.cit.GNVAGDSK_",0.957626789001943,-0.00334520849999986,0.00104237334494929,-0.3539106535,0.0145283958447635,-0.350565445,-2.2232214385,-2.226566647,-2.577132092,"ns","down","down"
"Q6NZI2_VR.cit.TR.cit.ENLEK_",0.387131973880934,-0.0777952260000001,0.136243421467143,-0.069433096,0.289151195533242,0.00836213000000008,-2.768698112,-2.846493338,-2.838131208,"ns","ns","ns"
"Q71DI3_LPFQR.cit.LVR_",NA,NA,NA,NA,0.00348134866441359,-0.0110569189999996,NA,-4.403608332,-4.414665251,NA,NA,"ns"
"Q71DI3_YR.cit.PGTVALR.cit.EIR_",0.000336978333853183,0.261049272,5.18970049774228e-07,0.418533737,0.00015317651334008,0.157484465,-2.678042414,-2.416993142,-2.259508677,"ns","up","ns"
"Q7Z4W1_TMLNR.cit.IPLGK_",0.0277236740650274,0.0884440049999999,1.80868363879472e-06,0.159119988,0.000257902640331409,0.0706759830000001,-3.168024891,-3.079580886,-3.008904903,"ns","ns","ns"
"Q96I99_ACR.cit.ELELK_",8.50415877112622e-06,0.304770225,1.29158306395152e-11,0.374605874,8.29039206646745e-09,0.0698356490000003,-3.086076718,-2.781306493,-2.711470844,"up","up","ns"
"Q96I99_AQILAGGR.cit.GK_",0.000400726835788971,-0.6482096565,5.88541122493265e-06,-0.6568094225,0.157531355582387,-0.00859976600000012,-1.1799644505,-1.828174107,-1.836773873,"down","down","ns"
"Q99878_SSR.cit.AGLQFPVGR_",0.234713603422304,-0.00685059100000007,0.000445464750900425,0.0594488979999999,7.90066704694116e-05,0.0662994889999999,-2.654744996,-2.661595587,-2.595296098,"ns","ns","ns"
"Q99878_TR.cit.SSR.cit.AGLQFPVGR_",0.15972573685013,0.029127479,8.50797034422738e-24,0.334840101,1.52444103275504e-08,0.305712622,-2.994748796,-2.965621317,-2.659908695,"ns","up","up"
"Q99879_R.cit.STITSR.cit.EIQTAVR_",0.00559916354086745,-0.110727617,0.000356361742904696,0.180118902,6.7960468867924e-07,0.290846519,-1.803674395,-1.914402012,-1.623555493,"ns","ns","up"
"Q99879_STITSR.cit.EIQTAVR_",0.0104711706661068,-0.935137869,0.00310834517382455,-0.830887817,0.00708584251964605,0.104250052,-2.237265896,-3.172403765,-3.068153713,"down","down","ns"
"Q99880_R.cit.STITSR.cit.EIQTAVR_",0.0129500400987914,-0.111309058,0.0340481748845396,0.072765654,0.00809074974452671,0.184074712,-0.984862207,-1.096171265,-0.912096553,"ns","ns","ns"
"Q9BTM1_SR.cit.SSR.cit.AGLQFPVGR_",6.55303587210131e-11,0.540685323,1.0540724557647e-20,0.494844621,6.21098049978046e-05,-0.045840702,-1.398452464,-0.857767141,-0.903607843,"up","up","ns"
"Q9BVC6_R.cit.EAPVDVLTQIGR_",2.1661514250128e-06,0.546541695,1.15266975045527e-13,0.337515975,0.00149806915781156,-0.20902572,-2.64211439,-2.095572695,-2.304598415,"up","up","ns"
"Q9C002_TDVILDR.cit.K_",NA,NA,9.91988988195572e-06,0.326905912,NA,NA,-2.298606123,NA,-1.971700211,NA,"up",NA
"Q9H1E3_NVR.cit.QQR.cit.QAASK_",0.000938792828489288,0.398837598,7.05702345080582e-07,0.554348318,0.00058430973217859,0.15551072,-2.312994081,-1.914156483,-1.758645763,"up","up","ns"
"Q9H2A2_SSGIGR.cit.EGAK_",7.67086699111842e-05,0.523668535,1.80927829501492e-11,0.505634907,0.231263333986292,-0.018033628,-2.298113388,-1.774444853,-1.792478481,"up","up","ns"
"Q9H8H3_ALER.cit.ASFSK_",0.000438271031073747,-0.392236393,1.25280850577002e-13,-0.512423708,0.000232124374579059,-0.120187315,-0.535151162,-0.927387555,-1.04757487,"down","down","ns"
"Q9NZN4_R.cit.GGAR.cit.GQQPEAIR_",0.593468943899346,-0.0538266909999998,0.00338538621396747,0.0941664159999998,0.00280714937509476,0.147993107,-3.184740465,-3.238567156,-3.090574049,"ns","ns","ns"
"Q9UJS0_LTVNDFVR.cit.DK_",0.337653211386383,-0.086320478,0.0016064093190107,-0.181666478,0.00772474927115242,-0.0953460000000002,-1.43553249,-1.521852968,-1.617198968,"ns","ns","ns"
"Q9UL46_YFSER.cit.GDAVAK_",0.14460736981242,-0.023785417,1.769490106335e-06,-0.181700093,0.151601484430273,-0.157914676,-2.896137938,-2.919923355,-3.077838031,"ns","ns","ns"
"Q9UM07_LLLASPR.cit.SCYK_",1.3804151418055e-05,0.375468265,6.0050410842707e-19,0.430590278,0.0381397172689306,0.0551220130000001,-3.832489246,-3.457020981,-3.401898968,"up","up","ns"
"Q9UM07_R.cit.VMGPDFGYVTR_",0.00207770584675708,0.395236787,3.25869801056896e-15,0.329233954,0.157392626563048,-0.0660028330000002,-2.231092698,-1.835855911,-1.901858744,"up","up","ns"
"Q9UM07_VR.cit.VFQATR.cit.GK_",1.01242294549105e-12,0.653081082,9.06195932897295e-26,0.744042839,4.88861246824951e-05,0.0909617570000001,-2.919967115,-2.266886033,-2.175924276,"up","up","ns"
"Q9Y2J8_DMSQMILR.cit.TK_",2.33853802655089e-08,-0.406885087,3.76874424900244e-22,-0.412074284,0.0824559849410596,-0.00518919699999998,-3.643937511,-4.050822598,-4.056011795,"down","down","ns"
"Q9Y2J8_GFPVVLDSPR.cit.DGNLK_",0.000252498924378943,-0.524137263,0.134053132939414,-0.211662389000001,2.68611336088208e-12,0.312474873999999,-8.118178726,-8.642315989,-8.329841115,"down","ns","up"
"Q9Y2J8_TVR.cit.LQYGSR_",0.0450371264844018,0.3578887315,0.785852601245145,-0.0763571710000002,0.133333333333333,-0.4342459025,-1.9014502895,-1.543561558,-1.9778074605,"up","ns","ns"
"Q9Y2J8_VCFQYLNR.cit.GDR_",0.0264735762156211,-0.0533742530000003,5.90268124768797e-09,0.104828721,4.33654895020565e-12,0.158202974,-3.280888009,-3.334262262,-3.176059288,"ns","ns","ns"
"Q9Y2J8_VVR.cit.DFLK_",0.000328672290391669,0.0689837440000005,9.81778963123128e-08,0.0842714150000008,0.415783827147267,0.0152876710000003,-4.359754277,-4.290770533,-4.275482862,"ns","ns","ns"
"Q9Y490_ER.cit.ELEEAR_",0.00112177146514405,0.448887214,0.0253850125479865,0.204750317,7.90250409913756e-07,-0.244136897,-0.992264758,-0.543377544,-0.787514441,"up","ns","ns"
"Q9Y6N5_AR.cit.VTELNPDK_",0.780789299449116,-0.0559579685,0.0192350286295943,0.1387178555,5.47219903953978e-08,0.194675824,-1.2795996915,-1.33555766,-1.140881836,"ns","ns","ns"
