ID,n_PRA,n_HC,n_RAA,p_PRA_vs_HC,fc_PRA_vs_HC,p_RAA_vs_HC,fc_RAA_vs_HC,median_HC,median_PRA,median_RAA,sig_PRA_HC,sig_RAA_HC
P07305_NR(cit)AGSSR(cit)QSIQK_,46,84,192,0.054404912,-0.048206209,2.10E-06,-0.110325748,-4.692754999,-4.740961208,-4.803080747,ns,ns
P07339_VER(cit)QVFGEATK_,48,53,171,0.174665894,-0.01379002,6.17E-06,-0.043638323,-1.932187089,-1.945977109,-1.975825412,ns,ns
P07355_DIISDTSGDFR(cit)K_,39,73,144,0.014647873,-0.050987347,0.011085292,-0.026968126,-2.661988282,-2.712975629,-2.688956408,ns,ns
P08670_NNDALR(cit)QAK_,43,85,180,4.24E-09,-0.135649372,5.19E-23,-0.170631251,-3.195593854,-3.331243226,-3.366225105,ns,ns
P08670_SR(cit)LGDLYEEEMR_,46,87,149,0.063663749,-0.051318803,0.076692389,-0.024986134,-2.246645987,-2.29796479,-2.271632121,ns,ns
P11142_R(cit)NTTIPTK_,37,88,140,3.57E-12,0.342620744,2.66E-07,0.145660492,-3.152443825,-2.809823081,-3.006783333,"up in PRA, wilcox",ns
P14618_GPEIR(cit)TGLIK_,32,62,136,7.59E-06,0.171995385,2.61E-07,0.148579753,-2.8906721,-2.718676715,-2.742092347,ns,ns
P16401_ER(cit)NGLSLAALK_,44,62,117,0.030166301,0.076146807,0.014939925,0.069074426,-4.802483664,-4.726336857,-4.733409238,ns,ns
P26038_EALLQASR(cit)DQK_,39,93,152,1.00E-13,-0.388640518,1.20E-22,-0.311054413,-1.734513165,-2.123153683,-2.045567578,"down in PRA, wilcox","down in RAA, wilcox"
P30086_NR(cit)PTSISWDGLDSGK_,37,60,140,2.36E-14,-0.563357869,4.79E-15,-0.348538455,-3.817796377,-4.381154246,-4.166334832,"down in PRA, wilcox","down in RAA, wilcox"
P31040_IYQR(cit)AFGGQSLK_,36,58,157,3.10E-10,0.459746137,4.24E-13,0.282730726,-3.267180177,-2.80743404,-2.984449451,"up in PRA, wilcox","up in RAA, wilcox"
P61978_ELR(cit)ENTQTTIK_,52,75,199,0.000281811,-0.09845633,2.13E-08,-0.132290191,-3.845193682,-3.943650012,-3.977483873,ns,ns
P62081_AQLR(cit)ELNITAAK_,47,84,170,2.11E-16,0.373569372,1.88E-25,0.312814941,-3.730059273,-3.356489901,-3.417244332,"up in PRA, wilcox","up in RAA, wilcox"
Q01995_R(cit)EFTESQLQEGK_,56,97,209,9.08E-07,0.174630899,5.20E-05,-0.090838329,-5.805591777,-5.630960878,-5.896430106,ns,ns
Q06830_R(cit)TIAQDYGVLK_,39,92,163,3.88E-11,0.301935263,2.71E-13,0.16150219,-3.473227387,-3.171292124,-3.311725197,"up in PRA, wilcox",ns
Q9UBQ7_R(cit)ILDAAGANLK_,34,80,137,0.147800895,0.009302407,2.04E-10,0.115652072,-3.096553136,-3.087250729,-2.980901064,ns,ns
A0A0B4J1V0_GLEWVGR(cit)IK_,32,0,71,NA,NA,NA,NA,NA,-4.723989,-4.558336699,NA,NA
A0A0B4J1X5_GR(cit)FTISR(cit)DNAK_,40,80,147,2.45E-10,-0.282425613,1.05E-13,-0.224174297,-3.627461765,-3.909887378,-3.851636062,"down in PRA, wilcox",ns
O00299_R(cit)TETVQK_,11,18,56,9.07E-06,0.721138245,1.28E-10,0.660432499,-2.506913604,-1.785775359,-1.846481105,"up in PRA, wilcox","up in RAA, wilcox"
O00483_MLR(cit)QIIGQAK_,43,1,83,NA,NA,NA,NA,-1.876336464,-2.486237789,-2.549565279,NA,NA
O15144_R(cit)NCFASVFEK_,21,2,50,NA,NA,NA,NA,-2.972950505,-3.296187539,-3.259250372,NA,NA
O15144_VLNR(cit)AR(cit)PDAEK_,31,26,140,4.89E-10,0.806457711,1.38E-09,0.410927772,-2.905307879,-2.098850168,-2.494380107,"up in PRA, wilcox","up in RAA, wilcox"
O43707_AETAANR(cit)ICK_,39,76,138,0.16976684,-0.036947565,1.68E-10,-0.1857722,-3.084075002,-3.121022567,-3.269847202,ns,ns
O43707_EGLLLWCQR(cit)K_,34,0,61,NA,NA,NA,NA,NA,-5.92904293,-5.876063223,NA,NA
O43866_SLSPSFR(cit)DR(cit)K_,17,83,79,0.000225181,0.218599055,1.51E-10,-0.195100398,-3.140507572,-2.921908517,-3.33560797,ns,ns
O75369_VR(cit)AGGPGLER_,23,40,114,2.47E-07,0.210979301,3.27E-12,0.216892348,-2.638078945,-2.427099644,-2.421186597,ns,ns
O75390_ALGFPLER(cit)PK_,23,2,62,NA,NA,NA,NA,-1.978825806,-3.297092063,-3.386073074,NA,NA
O75947_AR(cit)IVEYEK_,22,8,34,0.279190215,-0.096061239,4.29E-06,0.249703129,-2.659382375,-2.755443614,-2.409679246,ns,ns
O95831_VR(cit)R(cit)EGVK_,27,0,89,NA,NA,NA,NA,NA,-1.722827808,-1.824883329,NA,NA
P00325_AAGAAR(cit)IIAVDINK_,20,0,60,NA,NA,NA,NA,NA,-4.664517927,-4.689388439,NA,NA
P00325_NDLGNPR(cit)GTLQDGTR(cit)R_,36,81,145,0.000241845,0.140338725,0.022773076,0.031171583,-2.17076441,-2.030425685,-2.139592827,ns,ns
P00325_NDLGNPR(cit)GTLQDGTR_,23,61,95,0.008188286,-0.143694628,1.86E-13,-0.246055611,-2.382166694,-2.525861322,-2.628222305,ns,ns
P00338_NR(cit)VIGSGCNLDSAR_,21,10,117,9.78E-05,-0.231656056,0.00105034,-0.118670608,-2.566265622,-2.797921678,-2.68493623,ns,ns
P00338_QQEGESR(cit)LNLVQR_,23,8,94,0.367793452,0.05156027,0.000642471,-0.170570569,-2.854932689,-2.803372419,-3.025503258,ns,ns
P00338_VTLTSEEEAR(cit)LK_,15,2,39,NA,NA,NA,NA,-3.047027454,-2.275970546,-2.29992594,NA,NA
P00387_SNPIIR(cit)TVK_,33,23,102,1.53E-10,0.494541292,3.75E-14,0.58199566,-0.852994706,-0.358453414,-0.270999046,"up in PRA, wilcox","up in RAA, wilcox"
P00450_EYTDASFTNR(cit)K_,9,32,50,0.189464125,-0.114554377,3.55E-05,-0.288030437,-3.079438808,-3.193993185,-3.367469245,ns,"down in RAA, wilcox"
P00558_IEAFR(cit)ASLSK_,13,86,115,0.006037876,0.150157697,1.64E-13,0.157354608,-3.180072219,-3.029914522,-3.022717611,ns,ns
P00558_NNQITNNQR(cit)IK_,36,73,178,0.092035214,-0.068132998,0.268730685,-0.002865359,-4.516332884,-4.584465882,-4.519198243,ns,ns
P00558_YAEAVTR(cit)AK_,39,76,147,5.28E-07,-0.172685303,6.01E-21,-0.246817916,-2.930797544,-3.103482847,-3.17761546,ns,ns
P00734_GR(cit)VTGWGNLK_,41,87,175,8.68E-05,0.0852698,0.000225531,0.044919159,-2.464683513,-2.379413713,-2.419764354,ns,ns
P00736_LR(cit)YTTEIIK_,12,21,71,2.54E-06,0.76115281,4.92E-12,0.598532381,-3.265421929,-2.504269119,-2.666889548,"up in PRA, wilcox","up in RAA, wilcox"
P00738_LR(cit)TEGDGVYTLNDK_,42,74,167,2.27E-07,-0.225800372,3.02E-09,-0.139791541,-4.495063556,-4.720863928,-4.634855097,ns,ns
P00738_LR(cit)TEGDGVYTLNNEK_,48,83,193,3.64E-07,0.232687459,3.92E-21,0.349168683,-4.229668759,-3.9969813,-3.880500076,ns,"up in RAA, wilcox"
P00738_VGYVSGWGR(cit)NANFK_,25,76,105,4.33E-06,0.247797542,0.013844673,0.056096543,-3.276258541,-3.028460999,-3.220161998,ns,ns
P00747_NYR(cit)GTMSK_,13,65,108,0.03168747,0.156885829,0.000967457,-0.106235301,-3.056591396,-2.899705567,-3.162826697,ns,ns
P00747_SPR(cit)PSSYK_,4,31,65,NA,NA,0.32686406,-0.012648012,-2.511294854,-2.408360484,-2.523942866,NA,ns
P00751_ISVIR(cit)PSK_,30,13,46,0.000139844,0.228698207,1.74E-05,0.182310973,-4.623308004,-4.394609797,-4.440997031,ns,ns
P00966_EDFEEAR(cit)K_,43,36,114,1.83E-14,0.788842306,2.33E-20,1.423544183,-2.915155637,-2.126313331,-1.491611454,"up in PRA, wilcox","up in RAA, wilcox"
P00966_GR(cit)NDLMEYAK_,50,13,188,0.000225691,-0.172385504,0.001387509,-0.086143632,-2.465161618,-2.637547122,-2.55130525,ns,ns
P00966_QVEIAQR(cit)EGAK_,48,98,187,0.01283978,-0.049160452,1.03E-19,-0.214068376,-3.006748099,-3.055908551,-3.220816475,ns,ns
P00966_SQER(cit)VEGK_,24,1,82,NA,NA,NA,NA,-2.655430358,-2.869728879,-3.118078874,NA,NA
P01008_ENAEQSR(cit)AAINK_,30,70,126,2.92E-14,0.49174906,3.22E-24,0.363680676,-3.163046281,-2.671297221,-2.799365605,"up in PRA, wilcox","up in RAA, wilcox"
P01008_FSPENTR(cit)K_,31,7,88,0.000192683,-0.485495308,0.013584376,-0.339237185,-1.995474429,-2.480969737,-2.334711614,"down in PRA, wilcox","down in RAA, wilcox"
P01008_LVSANR(cit)LFGDK_,32,0,56,NA,NA,NA,NA,NA,-5.51793563,-5.622342161,NA,NA
P01009_FLENEDR(cit)R_,23,80,102,2.09E-12,0.540480396,1.35E-26,0.395596922,-3.181737954,-2.641257558,-2.786141032,"up in PRA, wilcox","up in RAA, wilcox"
P01023_R(cit)TTVMVK_,43,27,125,0.003324035,0.090233857,0.1427536,-0.019349749,-3.363851168,-3.273617311,-3.383200917,ns,ns
P01023_YGAATFTR(cit)TGK_,53,93,163,0.347434993,-0.006868546,0.000508575,-0.040559098,-3.362666372,-3.369534918,-3.40322547,ns,ns
P01024_CR(cit)EALK_,12,56,62,3.37E-06,-0.360979442,0.006447273,-0.054197058,-2.14717809,-2.508157532,-2.201375148,"down in PRA, wilcox",ns
P01024_LGR(cit)EGVQK_,27,68,153,1.40E-06,-0.303968816,1.63E-05,-0.140879008,-1.222391843,-1.526360659,-1.363270851,"down in PRA, wilcox",ns
P01024_NR(cit)WEDPGK_,12,44,100,0.001242062,0.149964912,1.21E-09,0.181692465,-2.969142954,-2.819178042,-2.787450489,ns,ns
P01024_QLANGVDR(cit)YISK_,47,53,147,2.95E-09,0.274888978,6.55E-10,0.211764165,-3.897422611,-3.622533633,-3.685658446,"up in PRA, wilcox",ns
P01024_TVAVR(cit)TLDPER_,14,36,80,0.417155629,-0.095951234,0.025967107,-0.172232669,-1.072228263,-1.168179497,-1.244460932,ns,ns
P01042_AR(cit)VQVVAGK_,45,79,178,4.47E-06,-0.123244652,0.05183699,-0.010265825,-2.009557264,-2.132801916,-2.019823089,ns,ns
P01833_AAGSR(cit)DVSLAK_,30,57,80,2.24E-06,-0.203418763,1.17E-07,-0.114292279,-0.009802919,-0.213221682,-0.124095198,ns,ns
P01871_VTER(cit)TVDK_,46,94,184,3.76E-07,0.216898517,2.32E-07,0.114902205,-3.652844736,-3.435946219,-3.537942531,ns,ns
P01876_TIDR(cit)LAGK_,20,36,47,0.000269675,0.240824533,4.46E-08,0.263996904,-2.535101064,-2.294276531,-2.27110416,ns,"up in RAA, wilcox"
P01876_WLQGSQELPR(cit)EK_,43,64,191,0.001592554,0.11117908,8.44E-21,0.287058977,-4.348461476,-4.237282396,-4.061402499,ns,"up in RAA, wilcox"
P02545_AAYEAELGDAR(cit)K_,4,0,54,NA,NA,NA,NA,NA,-3.235766737,-3.024263011,NA,NA
P02545_FVR(cit)LR(cit)NK_,18,43,76,1.33E-09,-0.518276229,1.36E-16,-0.421114568,-1.239396722,-1.757672951,-1.66051129,"down in PRA, wilcox","down in RAA, wilcox"
P02545_ITR(cit)LQEK_,33,21,124,0.09947661,0.042654224,0.106720536,-0.036755168,-1.472858252,-1.430204028,-1.50961342,ns,ns
P02545_NIYSEELR(cit)ETK_,31,68,121,6.34E-09,-0.273706139,5.40E-06,-0.110449206,-0.775606563,-1.049312702,-0.886055769,"down in PRA, wilcox",ns
P02647_ENGGAR(cit)LAEYHAK_,11,44,106,0.001776092,0.175980082,5.81E-12,0.322755841,-3.641913219,-3.465933137,-3.319157378,ns,"up in RAA, wilcox"
P02647_ETEGLR(cit)QEMSK_,9,59,94,1.52E-06,1.552229018,2.61E-07,-0.161983004,-2.963226727,-1.410997709,-3.125209731,"up in PRA, wilcox",ns
P02647_LAAR(cit)LEALK_,24,0,82,NA,NA,NA,NA,NA,-4.402988051,-4.419041063,NA,NA
P02649_LLR(cit)DADDLQK_,27,28,117,0.002044492,-0.114037323,0.000740004,-0.076068358,-2.114221177,-2.2282585,-2.190289535,ns,ns
P02655_LR(cit)DLYSK_,14,4,30,NA,NA,NA,NA,-1.609790572,-0.68123855,-0.658662993,NA,NA
P02671_DLLPSR(cit)DR_,3,31,68,NA,NA,0.011827593,0.088896917,-1.31888273,-1.121670329,-1.229985813,NA,ns
P02671_DR(cit)QHLPLIK_,11,41,91,0.075267917,0.079437476,0.00051054,0.107872354,-3.065544064,-2.986106588,-2.95767171,ns,ns
P02671_GDKELR(cit)TGK_,20,21,68,5.02E-07,0.399534263,6.14E-12,0.4331807,-2.769253138,-2.369718875,-2.336072438,"up in PRA, wilcox","up in RAA, wilcox"
P02671_GPR(cit)VVER_,29,13,47,2.03E-07,1.021017019,2.03E-09,1.145336804,-3.406753052,-2.385736033,-2.261416248,"up in PRA, wilcox","up in RAA, wilcox"
P02671_NVR(cit)AQLVDMK_,36,91,175,0.16355711,-0.022932566,0.043220441,-0.032569149,-2.111344261,-2.134276827,-2.14391341,ns,ns
P02671_SCR(cit)GSCSR(cit)ALAR_,18,68,113,0.183928389,-0.051434931,0.004073845,0.083086746,-2.964493995,-3.015928926,-2.881407249,ns,ns
P02671_VTSGSTTTTR(cit)R(cit)SCSK_,55,74,206,3.61E-05,0.248330682,1.28E-10,0.284285094,-5.966668658,-5.718337976,-5.682383564,ns,"up in RAA, wilcox"
P02675_ECEEIIR(cit)K_,45,96,171,4.17E-18,0.581470013,6.02E-36,0.541772999,-3.97447248,-3.393002467,-3.432699481,"up in PRA, wilcox","up in RAA, wilcox"
P02675_R(cit)EEAPSLR_,45,25,145,0.699409899,0.013591388,0.071080784,0.046453668,-1.278842519,-1.265251131,-1.232388851,ns,ns
P02675_SILENLR(cit)SK_,42,57,120,4.26E-14,0.640386255,4.66E-24,0.685420252,-3.440564797,-2.800178542,-2.755144545,"up in PRA, wilcox","up in RAA, wilcox"
P02679_R(cit)LDGSVDFK_,41,87,153,3.58E-07,0.227438133,3.58E-11,0.128356069,-2.498502764,-2.271064631,-2.370146695,ns,ns
P02679_TR(cit)WYSMK_,25,10,31,0.000972734,-0.139584886,1.09E-05,-0.197608351,-1.391522456,-1.531107342,-1.589130807,ns,ns
P02749_ATVVYQGER(cit)VK_,52,96,199,1.89E-19,0.458721441,3.73E-38,0.496797748,-4.056780726,-3.598059285,-3.559982978,"up in PRA, wilcox","up in RAA, wilcox"
P02749_LPECR(cit)EVK_,33,11,84,1.77E-06,0.546068589,6.33E-06,0.405493145,-1.028362046,-0.482293457,-0.622868901,"up in PRA, wilcox","up in RAA, wilcox"
P02751_LTVGLTR(cit)R(cit)GQPR_,9,44,69,0.098530294,0.155559719,3.02E-13,0.426586586,-1.933183889,-1.77762417,-1.506597303,ns,"up in RAA, wilcox"
P02751_SEPLIGR(cit)K_,38,8,94,7.27E-06,-1.827310126,1.10E-06,-1.777037217,-1.639981827,-3.467291952,-3.417019043,"down in PRA, wilcox","down in RAA, wilcox"
P02774_SR(cit)LSNLIK_,15,5,95,0.004821301,0.178092176,0.00019524,0.434357765,-1.858450895,-1.680358719,-1.42409313,ns,"up in RAA, wilcox"
P02787_AVGNLR(cit)K_,9,98,76,3.60E-05,-0.279600193,1.59E-12,-0.184406979,-4.139927436,-4.419527629,-4.324334415,"down in PRA, wilcox",ns
P02787_DSGFQMNQLR(cit)GK_,41,88,174,4.27E-17,-0.477577821,3.34E-31,-0.402474338,-4.138407865,-4.615985686,-4.540882203,"down in PRA, wilcox","down in RAA, wilcox"
P02787_LHDR(cit)NTYEK_,56,93,205,5.95E-06,-0.132154386,0.002040683,-0.059405272,-5.316130116,-5.448284502,-5.375535388,ns,ns
P02787_VPPR(cit)MDAK_,45,73,162,0.033152341,0.057981785,0.218571039,-0.005376826,-2.676740833,-2.618759048,-2.682117659,ns,ns
P02790_WDR(cit)ELISER_,41,56,134,0.000606048,-0.098172929,7.47E-08,-0.107025083,0.879802975,0.781630046,0.772777892,ns,ns
P04075_ADDGR(cit)PFPQVIK_,14,47,65,0.001513556,0.21736822,1.42E-10,0.274273859,-3.256067903,-3.038699683,-2.981794044,ns,"up in RAA, wilcox"
P04075_R(cit)ALANSLACQGK_,29,31,76,0.069556097,-0.051085005,2.94E-08,0.189630179,-2.3431161,-2.394201105,-2.153485921,ns,ns
P04083_R(cit)NNAQR(cit)QQIK_,45,65,137,0.048537857,0.038830469,1.96E-11,0.206113488,-3.288611635,-3.249781166,-3.082498147,ns,ns
P04114_INSR(cit)FFGEGTK_,18,25,85,1.55E-06,-0.370324698,4.17E-10,-0.320019947,-3.771609036,-4.141933734,-4.091628983,"down in PRA, wilcox","down in RAA, wilcox"
P04114_NR(cit)NNALDFVTK_,24,34,51,1.03E-10,-0.638922379,6.19E-13,-0.369268535,-4.026970238,-4.665892617,-4.396238773,"down in PRA, wilcox","down in RAA, wilcox"
P04406_LVTR(cit)AAFNSGK_,23,76,68,0.000157424,0.165280265,8.22E-19,0.404356708,-1.533215568,-1.367935303,-1.12885886,ns,"up in RAA, wilcox"
P04406_VGVNGFGR(cit)IGR_,3,69,23,NA,NA,2.76E-07,-0.211738062,-0.972910164,-1.188303341,-1.184648226,NA,ns
P04844_SVASR(cit)ATVLQK_,53,44,193,1.90E-06,0.269663661,1.87E-12,0.338564944,-3.82571516,-3.556051499,-3.487150216,"up in PRA, wilcox","up in RAA, wilcox"
P04844_TTR(cit)VTYPAK_,8,29,29,0.000512431,0.33998494,7.85E-06,0.285836287,-2.25079863,-1.91081369,-1.964962343,"up in PRA, wilcox","up in RAA, wilcox"
P04899_NLR(cit)EDGEK_,24,16,57,1.42E-05,-0.268905803,0.195404792,-0.037218184,-2.404366517,-2.67327232,-2.441584701,"down in PRA, wilcox",ns
P05023_LNIPVSQVNPR(cit)DAK_,8,77,75,0.00072514,-0.575880845,0.540335769,0.081548437,-2.954320997,-3.530201842,-2.87277256,"down in PRA, wilcox",ns
P05023_R(cit)AVAGDASESALLK_,10,34,100,0.004458294,0.16773064,0.010450012,0.076148691,-2.430407204,-2.262676564,-2.354258513,ns,ns
P05026_TEISFR(cit)PNDPK_,31,12,83,0.536726799,0.024884649,0.945631888,0.010442879,-2.168664487,-2.143779838,-2.158221608,ns,ns
P05062_AHR(cit)FPALTQEQK_,35,97,156,0.216512609,0.034106268,0.000304483,-0.075684516,-1.303371994,-1.269265726,-1.37905651,ns,ns
P05062_LFR(cit)NILK_,34,51,110,2.13E-09,0.303642939,4.08E-19,0.455053276,-5.312294977,-5.008652038,-4.857241701,"up in PRA, wilcox","up in RAA, wilcox"
P05062_VENTEENR(cit)R(cit)QFR_,30,3,139,NA,NA,NA,NA,-1.827509027,-2.112836377,-2.348182962,NA,NA
P05091_SR(cit)VVGNPFDSK_,47,84,148,0.011539603,0.085619872,4.88E-12,0.207189161,-1.927959283,-1.842339411,-1.720770122,ns,ns
P05141_AGAER(cit)EFR_,26,60,61,0.447525093,0.017958901,0.149322527,0.008418183,-0.076020305,-0.058061404,-0.067602122,ns,ns
P05141_TR(cit)LAADVGK_,18,56,102,0.001705559,-0.176697095,0.009005349,-0.069406852,-1.823200319,-1.999897414,-1.892607171,ns,ns
P05783_ASLENSLR(cit)EVEAR_,29,22,66,8.21E-09,0.526207883,5.56E-11,0.460350135,-1.847503423,-1.32129554,-1.387153288,"up in PRA, wilcox","up in RAA, wilcox"
P05783_NR(cit)EELDK_,2,31,15,NA,NA,0.000109122,0.239878058,-2.816044959,-2.423505996,-2.576166901,NA,ns
P05783_TTTR(cit)R(cit)IVDGK_,44,64,149,0.367420702,-0.009759518,1.35E-15,0.273313796,-3.067711121,-3.077470639,-2.794397325,ns,"up in RAA, wilcox"
P06727_GR(cit)LTPYADEFK_,29,65,113,0.019588299,0.077337414,1.44E-08,0.146307697,-3.292978497,-3.215641083,-3.1466708,ns,ns
P06733_FAGR(cit)NFR(cit)NPLAK_,39,75,132,3.38E-07,0.23077776,5.25E-21,0.380096408,-4.841237267,-4.610459507,-4.461140859,ns,"up in RAA, wilcox"
P06733_NFR(cit)NPLAK_,10,56,52,0.149580941,-0.061713098,0.002980821,0.144375306,-2.870604066,-2.932317164,-2.72622876,ns,ns
P06744_AALTR(cit)DPQFQK_,20,4,102,NA,NA,NA,NA,-0.882037679,-1.022835554,-1.122437777,NA,NA
P06744_STEEAR(cit)K_,11,29,48,0.007125793,0.186831321,0.159233365,0.031900316,-2.227443916,-2.040612595,-2.1955436,ns,ns
P06748_SIR(cit)DTPAK_,49,52,109,0.000151564,0.134489436,3.46E-05,0.090565628,-2.623390249,-2.488900813,-2.532824621,ns,ns
P07237_FFR(cit)NGDTASPK_,8,30,61,9.88E-05,-0.357208562,2.71E-10,-0.328062164,-2.580440766,-2.937649328,-2.90850293,"down in PRA, wilcox","down in RAA, wilcox"
P07305_GVGASGSFR(cit)LAK_,5,19,61,0.56950641,0.056135746,1.83E-10,0.43376728,-2.14706788,-2.090932134,-1.7133006,ns,"up in RAA, wilcox"
P07355_IR(cit)SEFK_,26,58,123,0.000186653,-0.091940712,1.31E-06,-0.101208926,-2.683506743,-2.775447455,-2.784715669,ns,ns
P07355_VFDR(cit)YK_,15,44,76,1.14E-08,0.550954319,7.04E-10,0.188513336,-3.205355407,-2.654401088,-3.016842071,"up in PRA, wilcox",ns
P07900_IR(cit)YESLTDPSK_,28,23,70,0.051118867,0.162294439,0.023496694,0.106430515,-2.866017709,-2.70372327,-2.759587194,ns,ns
P08263_NR(cit)YFPAFEK_,3,1,67,NA,NA,NA,NA,-3.336294715,-3.295647707,-3.237549302,NA,NA
P08263_SLEEAR(cit)K_,7,39,71,0.00794596,0.165046118,0.003615804,0.075483235,-4.122833334,-3.957787216,-4.047350099,ns,ns
P08263_TR(cit)ISNLPTVK_,7,4,60,NA,NA,NA,NA,-3.767695416,-0.54667886,-1.298897609,NA,NA
P08311_VSMR(cit)R(cit)GTDTLR_,15,20,75,0.067496243,-0.117630951,7.00E-05,-0.222230766,-2.085365379,-2.20299633,-2.307596145,ns,ns
P08319_TSR(cit)FTCK_,25,17,102,9.76E-08,1.03121846,1.42E-08,0.907416823,-4.105121972,-3.073903512,-3.197705149,"up in PRA, wilcox","up in RAA, wilcox"
P08603_ENER(cit)FQYK_,2,41,96,NA,NA,7.57E-19,-0.361970396,-3.269191554,-3.589484644,-3.63116195,NA,"down in RAA, wilcox"
P08670_AR(cit)VEVER_,48,76,179,6.35E-13,0.240198508,8.94E-32,0.323552424,-2.106248963,-1.866050455,-1.782696539,ns,"up in RAA, wilcox"
P08670_GTNESLER(cit)QMR_,37,71,132,1.18E-11,0.260233783,4.92E-21,0.244214448,-2.551118045,-2.290884262,-2.306903597,ns,ns
P09210_NR(cit)YFPAFEK_,15,0,45,NA,NA,NA,NA,NA,-3.425478232,-3.447843971,NA,NA
P09210_SLEESR(cit)K_,20,87,26,0.004678582,0.069318231,0.091302744,-0.030841666,-2.996135367,-2.926817136,-3.026977033,ns,ns
P09382_VR(cit)GEVAPDAK_,41,36,135,2.28E-11,0.430210336,2.09E-13,0.44379638,-2.467430624,-2.037220288,-2.023634244,"up in PRA, wilcox","up in RAA, wilcox"
P09493_VIESR(cit)AQK_,38,77,172,1.15E-06,0.137261239,0.002390023,0.040656161,-3.180170864,-3.042909625,-3.139514703,ns,ns
P09669_FR(cit)VADQR(cit)K_,39,76,160,4.55E-10,0.341510676,2.53E-06,0.204042566,-1.954470733,-1.612960057,-1.750428167,"up in PRA, wilcox",ns
P09871_QR(cit)IIGGSDADIK_,20,1,57,NA,NA,NA,NA,-1.846131667,-2.199048704,-2.345058104,NA,NA
P0C0L4_NPSR(cit)NNVPCSPK_,14,29,42,3.25E-06,0.447185206,7.23E-07,0.286640388,-4.594810149,-4.147624943,-4.308169761,"up in PRA, wilcox","up in RAA, wilcox"
P0C0L4_QR(cit)VEASISK_,6,31,83,0.000694483,0.375191752,1.48E-08,0.229205723,-3.20747021,-2.832278458,-2.978264487,"up in PRA, wilcox",ns
P0C0L4_QYR(cit)NGESVK_,3,22,42,NA,NA,0.085171822,-0.042460595,-3.986206362,-3.735531906,-4.028666957,NA,ns
P0C0L4_TFFR(cit)GLESQTK_,20,37,88,6.68E-10,0.565961042,6.15E-18,0.604904886,-4.509562994,-3.943601952,-3.904658108,"up in PRA, wilcox","up in RAA, wilcox"
P0DMV9_LR(cit)TACER_,42,6,162,0.134477702,-0.141224057,0.109211589,-0.15743834,-2.059299677,-2.200523734,-2.216738017,ns,ns
P0DMV9_R(cit)NSTIPTK_,17,20,74,2.44E-07,0.441658428,9.70E-12,0.512283036,-3.319845006,-2.878186578,-2.80756197,"up in PRA, wilcox","up in RAA, wilcox"
P10412_ER(cit)SGVSLAALK_,20,17,89,0.000252538,0.24392807,7.27E-05,0.195357762,-5.005374786,-4.761446716,-4.810017024,ns,ns
P10515_GR(cit)VFVSPLAK_,18,86,113,0.024093654,-0.082055359,7.60E-09,-0.16906673,-3.134634756,-3.216690115,-3.303701486,ns,ns
P10643_NAR(cit)CVQK_,17,45,26,3.68E-07,0.343746381,9.09E-10,0.407937988,-2.451081174,-2.107334793,-2.043143186,"up in PRA, wilcox","up in RAA, wilcox"
P10809_APGFGDNR(cit)K_,16,35,37,0.894917686,0.004491589,1.34E-09,-0.303473217,-3.93372085,-3.929229261,-4.237194067,ns,"down in RAA, wilcox"
P11021_DNR(cit)AVQK_,35,35,164,0.016370231,-0.099500911,5.66E-05,-0.156287341,-2.464708197,-2.564209108,-2.620995538,ns,ns
P11168_R(cit)LR(cit)GYDDVTK_,16,1,67,NA,NA,NA,NA,-2.602647593,-2.259717518,-2.460421921,NA,NA
P11177_VSR(cit)GLWK_,1,11,40,NA,NA,1.77E-06,0.492575623,-2.408102846,-2.025172699,-1.915527223,NA,"up in RAA, wilcox"
P11310_EFQATAR(cit)K_,13,11,108,0.00101041,-0.29970556,3.26E-05,-0.238562407,-2.459066693,-2.758772253,-2.6976291,"down in PRA, wilcox",ns
P12111_FR(cit)QSSPDSVK_,10,62,100,0.019345694,0.195296191,2.02E-11,-0.21392522,-2.339144032,-2.143847841,-2.553069252,ns,ns
P12111_SSDR(cit)VDGPASNLK_,11,85,95,0.45255682,0.005355708,0.062519127,-0.020950745,-2.626066937,-2.620711229,-2.647017682,ns,ns
P12277_R(cit)LR(cit)LQK_,27,10,74,2.54E-06,2.09399959,1.51E-07,2.08662855,-2.885295782,-0.791296192,-0.798667232,"up in PRA, wilcox","up in RAA, wilcox"
P12814_EAMLR(cit)QK_,4,19,39,NA,NA,2.49E-05,0.236653938,-1.398019868,-1.245523781,-1.16136593,NA,ns
P13073_VELYR(cit)IK_,12,40,34,0.253633622,0.099368219,0.022389143,-0.221083971,-2.073445989,-1.97407777,-2.29452996,ns,ns
P13611_SPPVR(cit)GSLSGK_,16,0,50,NA,NA,NA,NA,NA,-1.162709833,-1.035737234,NA,NA
P13639_GEGQLGPAER(cit)AK_,36,42,147,3.12E-06,-0.261493149,8.36E-07,-0.189368219,-1.028452647,-1.289945796,-1.217820866,ns,ns
P13667_R(cit)FDVSGYPTLK_,4,2,31,NA,NA,NA,NA,-3.693021218,-2.992579378,-3.265470871,NA,NA
P13804_VVVSGGR(cit)GLK_,23,78,70,2.46E-11,-0.429791212,5.80E-20,-0.338709128,-2.800705629,-3.230496841,-3.139414757,"down in PRA, wilcox","down in RAA, wilcox"
P14618_APIIAVTR(cit)NPQTAR_,44,93,162,1.69E-05,0.125392265,2.84E-18,0.199486719,-3.129961956,-3.004569691,-2.930475237,ns,ns
P14618_AR(cit)GFFK_,20,17,81,1.57E-07,1.052717521,6.01E-11,1.06916795,-4.992555179,-3.939837658,-3.923387229,"up in PRA, wilcox","up in RAA, wilcox"
P14625_IYFMAGSSR(cit)K_,0,27,28,NA,NA,1.05E-07,-0.274750754,-2.962241337,NA,-3.236992091,NA,"down in RAA, wilcox"
P15311_AQAR(cit)EEK_,36,5,112,0.099975672,0.136278544,0.000197404,0.467317681,-4.371148132,-4.234869588,-3.903830451,ns,"up in RAA, wilcox"
P15311_TLR(cit)QIR(cit)QGNTK_,30,7,100,0.000204598,0.186745376,0.002710397,0.108713305,-3.79504168,-3.608296304,-3.686328375,ns,ns
P15311_VSAQEVR(cit)K_,36,2,145,NA,NA,NA,NA,-1.359547798,-1.98166717,-2.249873212,NA,NA
P15924_QR(cit)TQEELR_,2,27,35,NA,NA,0.150309314,-0.019155864,-1.883482962,-2.223684468,-1.902638826,NA,ns
P18077_TR(cit)VIWGK_,5,7,52,0.005430801,-1.120941547,2.93E-05,-1.093866143,-1.180606025,-2.301547572,-2.274472168,"down in PRA, wilcox","down in RAA, wilcox"
P18206_NR(cit)NFTVEK_,31,57,94,0.000107214,-0.130469418,3.55E-13,-0.238664867,-1.648900274,-1.779369692,-1.887565141,ns,ns
P18621_NTR(cit)ETAQAIK_,6,9,49,0.00170633,-1.177305692,1.95E-06,-1.090905787,-0.726635103,-1.903940795,-1.81754089,"down in PRA, wilcox","down in RAA, wilcox"
P19338_GQNQDYR(cit)GGK_,23,44,147,0.049934275,-0.090854213,0.00174458,-0.113433794,-4.008543427,-4.09939764,-4.121977221,ns,ns
P19827_AAISGENAGLVR(cit)ASGR_,20,6,60,0.000608504,-0.664654742,4.49E-05,-0.685853776,-1.980254493,-2.644909235,-2.666108269,"down in PRA, wilcox","down in RAA, wilcox"
P19827_VTYDVSR(cit)DK_,5,53,49,0.000310677,0.637024603,1.44E-17,0.839962031,-2.187549622,-1.550525019,-1.347587591,"up in PRA, wilcox","up in RAA, wilcox"
P20962_R(cit)AAEEEDEADPK_,12,69,49,0.104171451,-0.049791586,5.77E-11,0.309597189,-2.70978971,-2.759581296,-2.400192521,ns,"up in RAA, wilcox"
P21333_AEISFEDR(cit)K_,28,39,113,0.003449802,0.086401829,0.01734434,-0.032380197,-2.552691935,-2.466290106,-2.585072132,ns,ns
P21333_R(cit)IANLQTDLSDGLR_,22,5,65,0.010636534,0.181191316,0.00019139,0.26372191,-2.060541652,-1.879350336,-1.796819742,ns,"up in RAA, wilcox"
P21333_R(cit)LTVSSLQESGLK_,33,24,131,0.006172129,0.129889472,4.47E-08,0.251011118,-3.167903147,-3.038013675,-2.916892029,ns,ns
P21695_VAEAFAR(cit)TGK_,15,30,73,2.18E-06,0.606595823,2.77E-12,0.645016703,-2.908141993,-2.30154617,-2.26312529,"up in PRA, wilcox","up in RAA, wilcox"
P21796_SAR(cit)DVFTK_,39,67,151,1.41E-16,-0.489939871,3.70E-28,-0.465365166,-1.26609413,-1.756034001,-1.731459296,"down in PRA, wilcox","down in RAA, wilcox"
P21796_SR(cit)VTQSNFAVGYK_,12,50,92,0.002340467,0.213314891,1.24E-12,0.327028194,-3.506596307,-3.293281416,-3.179568113,ns,"up in RAA, wilcox"
P21810_AFSPLR(cit)K_,13,48,53,0.013173529,0.172556697,0.591173807,0.004036624,-4.861650168,-4.689093471,-4.857613544,ns,ns
P22626_LTDCVVMR(cit)DPASK_,15,4,68,NA,NA,NA,NA,-1.224401974,-1.612980467,-1.6889973,NA,NA
P22626_TLETVPLER(cit)K_,44,72,123,8.78E-08,-0.15452056,5.82E-21,-0.248314618,-2.440471562,-2.594992122,-2.68878618,ns,ns
P22695_ANYR(cit)GGEIR_,26,45,36,0.003319739,0.126577948,0.086165829,-0.013381767,-1.603935615,-1.477357667,-1.617317382,ns,ns
P23284_VLEGMEVVR(cit)K_,25,83,80,2.77E-05,0.148857172,0.017321982,0.041487069,-3.173187724,-3.024330552,-3.131700655,ns,ns
P24752_R(cit)VDFSK_,14,19,45,1.15E-06,0.96689697,2.59E-10,1.218311038,-4.025433113,-3.058536143,-2.807122075,"up in PRA, wilcox","up in RAA, wilcox"
P25705_AVDSLVPIGR(cit)GQR_,5,81,101,1,-0.013039764,3.34E-06,0.118612578,-1.52195993,-1.534999694,-1.403347352,ns,ns
P25705_ELIIGDR(cit)QTGK_,4,4,53,NA,NA,NA,NA,-2.50010868,-2.67754843,-2.134211674,NA,NA
P25705_ISVR(cit)EPMQTGIK_,48,62,159,0.004066798,0.095850048,0.000391904,0.084095565,-2.358775488,-2.26292544,-2.274679923,ns,ns
P25705_R(cit)LTDADAMK_,46,95,172,1.46E-08,0.298067758,6.45E-16,0.330142758,-3.176274418,-2.87820666,-2.84613166,"up in PRA, wilcox","up in RAA, wilcox"
P25705_R(cit)STVAQLVK_,13,26,69,3.41E-06,0.537842929,1.82E-12,0.531609388,-2.775531066,-2.237688137,-2.243921678,"up in PRA, wilcox","up in RAA, wilcox"
P25705_VGSAAQTR(cit)AMK_,11,2,73,NA,NA,NA,NA,-0.220673073,-1.576088271,-1.994570794,NA,NA
P27348_YLAEVACGDDR(cit)K_,19,6,65,0.001980775,-0.181830358,0.014640871,-0.042270665,-3.138276566,-3.320106924,-3.180547231,ns,ns
P29401_GR(cit)GITGVEDK_,43,43,175,7.82E-06,-0.140154348,2.33E-17,-0.258574139,-2.723924703,-2.864079051,-2.982498842,ns,ns
P30041_R(cit)VATPVDWK_,35,36,115,0.138677247,0.064547498,0.002151053,0.12836176,-2.778906739,-2.714359241,-2.650544979,ns,ns
P30050_EPPR(cit)DR(cit)K_,11,1,52,NA,NA,NA,NA,0.346849139,-0.481352834,-0.308079792,NA,NA
P30086_VASFR(cit)K_,32,54,63,2.44E-12,-0.308560864,2.47E-14,-0.184664598,-4.46756992,-4.776130784,-4.652234518,"down in PRA, wilcox",ns
P30101_LNFAVASR(cit)K_,16,39,38,6.58E-09,-1.063400768,2.28E-14,-1.017050226,-2.226056604,-3.289457372,-3.24310683,"down in PRA, wilcox","down in RAA, wilcox"
P31327_ASR(cit)SFPFVSK_,2,39,25,NA,NA,0.354431708,0.021735375,-1.661218286,-1.109357297,-1.639482911,NA,ns
P31327_EWPSNLDLR(cit)K_,20,77,122,0.01514879,-0.244301876,3.17E-06,-0.369686065,-1.578697501,-1.822999377,-1.948383566,ns,"down in RAA, wilcox"
P31327_LR(cit)DADPILR_,4,10,61,NA,NA,0.000142876,0.523150169,-2.715557672,-4.011210986,-2.192407503,NA,"up in RAA, wilcox"
P31930_NR(cit)PGSALEK_,45,59,166,2.32E-13,0.361661122,5.88E-26,0.444952464,-3.58794862,-3.226287498,-3.142996156,"up in PRA, wilcox","up in RAA, wilcox"
P32119_ASGNAR(cit)IGK_,6,24,45,0.002763304,-0.352054321,2.96E-08,-0.329800127,-1.468214314,-1.820268635,-1.798014441,"down in PRA, wilcox","down in RAA, wilcox"
P35268_AGNLGGGVVTIER(cit)SK_,36,18,50,0.008669813,-0.115486276,0.02686595,0.097349357,-4.049871126,-4.165357402,-3.952521769,ns,ns
P35542_AEEWGR(cit)SGK_,11,2,58,NA,NA,NA,NA,-2.289215629,-2.44948242,-2.680428765,NA,NA
P35579_ASR(cit)EEILAQAK_,43,9,156,1.53E-06,1.180724989,1.58E-07,1.238108037,-4.755722225,-3.574997236,-3.517614188,"up in PRA, wilcox","up in RAA, wilcox"
P35579_ER(cit)QAACK_,6,50,69,0.133639496,0.097543898,1.11E-14,0.307430792,-0.667756119,-0.570212221,-0.360325327,ns,"up in RAA, wilcox"
P35579_NENAR(cit)QQLER_,24,58,79,0.457684057,2.50E-05,0.173504549,-0.002140038,-2.127780118,-2.127755074,-2.129920156,ns,ns
P35749_ASR(cit)DEIFATAK_,52,77,149,6.21E-21,-0.568784552,5.42E-33,-0.487282334,-2.119892555,-2.688677107,-2.607174889,"down in PRA, wilcox","down in RAA, wilcox"
P35749_NESAR(cit)QQLER_,21,22,64,0.15873509,-0.055970628,4.00E-05,-0.2045222,-3.757545357,-3.813515985,-3.962067557,ns,ns
P35749_R(cit)LVWVPSEK_,32,80,88,2.35E-09,-0.303034337,0.134137416,-0.007601902,-2.557748865,-2.860783202,-2.565350767,"down in PRA, wilcox",ns
P35749_VGR(cit)DVVQK_,37,94,153,2.05E-12,0.429750179,3.33E-20,0.361151816,-2.761692447,-2.331942268,-2.400540631,"up in PRA, wilcox","up in RAA, wilcox"
P37802_DVGR(cit)PQPGR_,3,28,8,NA,NA,0.000354843,-0.371343038,-0.638618603,-1.10102068,-1.009961641,NA,"down in RAA, wilcox"
P38646_LINR(cit)NTTIPTK_,17,84,138,4.40E-07,-0.375821307,1.77E-12,-0.280023179,-2.622060213,-2.99788152,-2.902083392,"down in PRA, wilcox","down in RAA, wilcox"
P38646_R(cit)ETGVDLTK_,13,7,58,0.424606489,-0.124018711,0.052902007,-0.204040037,-2.27134967,-2.395368381,-2.475389707,ns,ns
P39023_LLPLR(cit)QK_,24,20,93,4.31E-08,0.444153601,4.66E-09,0.273567423,-1.300583472,-0.856429871,-1.027016049,"up in PRA, wilcox","up in RAA, wilcox"
P40429_R(cit)GQAALDR(cit)LK_,44,66,120,2.31E-10,0.262492795,2.02E-17,0.307128221,-2.156386519,-1.893893724,-1.849258298,ns,"up in RAA, wilcox"
P42765_ISR(cit)EECDK_,34,68,104,1.88E-05,-0.122537919,7.35E-09,-0.11518619,-1.57648934,-1.699027259,-1.69167553,ns,ns
P42765_YALQSQQR(cit)WK_,17,1,92,NA,NA,NA,NA,-3.371392493,-3.291821057,-3.010752968,NA,NA
P43146_R(cit)APR(cit)AK_,20,20,61,0.43595303,-0.015438699,0.334241109,-0.031908441,-2.694272995,-2.709711694,-2.726181436,ns,ns
P45880_AAR(cit)DIFNK_,14,18,64,2.55E-06,0.698270159,1.77E-10,0.819179047,-2.814464581,-2.116194422,-1.995285534,"up in PRA, wilcox","up in RAA, wilcox"
P45954_YFR(cit)DAK_,3,17,44,NA,NA,2.04E-09,-0.842876565,-1.708562085,-2.750794953,-2.55143865,NA,"down in RAA, wilcox"
P46776_R(cit)NQSFCPTVNLDK_,27,14,116,3.73E-07,-0.660144932,4.57E-10,-0.545724938,-3.130477443,-3.790622375,-3.676202381,"down in PRA, wilcox","down in RAA, wilcox"
P46777_R(cit)FPGYDSESK_,6,35,45,0.000225954,0.452925481,0.090014956,0.03653786,-2.458015629,-2.005090148,-2.421477769,"up in PRA, wilcox",ns
P46777_TDYYAR(cit)K_,16,0,28,NA,NA,NA,NA,NA,-2.311951054,-2.395519911,NA,NA
P46778_SR(cit)DSFLK_,22,19,72,0.000469106,-0.25472106,1.36E-09,-0.441141732,-1.079938202,-1.334659262,-1.521079934,ns,"down in RAA, wilcox"
P46781_SR(cit)LDQELK_,26,59,116,2.77E-13,-0.66828512,2.53E-27,-0.637824889,-1.760966192,-2.429251312,-2.398791081,"down in PRA, wilcox","down in RAA, wilcox"
P48735_ATDFVADR(cit)AGTFK_,48,83,178,0.000133172,0.148418689,2.04E-05,0.098194916,-3.311064935,-3.162646246,-3.212870019,ns,ns
P48735_AYDGR(cit)FK_,18,6,62,0.000304195,-0.579654233,2.76E-05,-0.515719755,-1.867999445,-2.447653678,-2.3837192,"down in PRA, wilcox","down in RAA, wilcox"
P50440_R(cit)VMVDANEVPIQK_,14,85,128,0.000385452,0.254681407,1.37E-09,0.20237961,-2.81625542,-2.561574013,-2.61387581,ns,ns
P50914_MTDFDR(cit)FK_,14,46,68,0.020623796,-0.09504019,4.40E-13,0.245313693,-2.597910438,-2.692950628,-2.352596745,ns,ns
P50914_WAATR(cit)WAK_,20,52,126,1.39E-06,0.171290622,9.30E-06,0.087874178,-2.269193108,-2.097902486,-2.18131893,ns,ns
P50914_YVR(cit)QAWQK_,26,77,147,1.41E-05,0.180833442,1.42E-15,0.232078023,-1.89490089,-1.714067448,-1.662822867,ns,ns
P51888_LTDR(cit)GLPK_,13,64,56,2.04E-05,0.32691278,4.28E-17,0.412173363,-3.322350753,-2.995437973,-2.91017739,"up in PRA, wilcox","up in RAA, wilcox"
P52209_SFLEDIR(cit)K_,2,50,16,NA,NA,0.0033569,0.205037662,-1.394702289,-1.640558763,-1.189664627,NA,ns
P53999_TGETSR(cit)ALSSSK_,17,57,73,0.000236074,0.257145686,1.65E-09,0.272126969,-3.566631762,-3.309486076,-3.294504793,ns,"up in RAA, wilcox"
P55072_LAGESESNLR(cit)K_,15,17,61,1.54E-06,1.035616921,2.43E-10,1.22329366,-3.964074941,-2.92845802,-2.740781281,"up in PRA, wilcox","up in RAA, wilcox"
P56470_WGSEER(cit)K_,28,10,85,0.000490354,-0.374778624,2.69E-06,-0.495759422,-2.844316288,-3.219094912,-3.34007571,"down in PRA, wilcox","down in RAA, wilcox"
P60174_LDER(cit)EAGITEK_,45,91,115,0.058827192,-0.047768208,1.25E-07,-0.116164381,-3.243054244,-3.290822452,-3.359218625,ns,ns
P60709_IIAPPER(cit)K_,21,14,110,0.251537524,-0.036566643,1.23E-08,0.360458753,-4.178441796,-4.215008439,-3.817983043,ns,"up in RAA, wilcox"
P60709_ILTER(cit)GYSFTTTAER_,16,11,83,0.030814512,0.166953924,0.000139332,-0.251171865,-2.538848437,-2.371894513,-2.790020302,ns,ns
P60866_GPVR(cit)MPTK_,7,49,29,0.027012845,-0.128104524,2.49E-06,0.165055005,-2.431129863,-2.559234387,-2.266074858,ns,ns
P60866_TLR(cit)ITTR(cit)K_,16,61,90,0.09696702,-0.072429061,9.28E-11,-0.203415684,-2.180125348,-2.252554409,-2.383541032,ns,ns
P60866_VCADLIR(cit)GAK_,8,52,54,0.026328316,0.072164085,6.57E-09,-0.100945327,-2.835414021,-2.763249936,-2.936359348,ns,ns
P60903_EDLR(cit)VLMEK_,37,0,83,NA,NA,NA,NA,NA,-3.867536661,-4.527374352,NA,NA
P61160_R(cit)LDIAGR_,2,55,4,NA,NA,NA,NA,-1.666522405,-2.476317084,-1.792255063,NA,NA
P61247_TLVTR(cit)TQGTK_,22,33,97,4.03E-10,-1.295614492,5.41E-19,-1.08823295,-0.474635878,-1.77025037,-1.562868828,"down in PRA, wilcox","down in RAA, wilcox"
P61313_AR(cit)R(cit)LGYK_,22,9,53,0.015213763,0.110636257,0.00219965,0.13272039,-2.130734965,-2.020098708,-1.998014575,ns,ns
P61353_DVFR(cit)DPALK_,6,24,29,0.004671679,0.438691701,0.000642725,0.244432067,-3.113213976,-2.674522276,-2.868781909,"up in PRA, wilcox",ns
P61981_R(cit)ATVVESSEK_,25,91,91,0.00269717,-0.073975906,0.239894387,0.007238003,-2.502799405,-2.576775311,-2.495561402,ns,ns
P62241_YELGR(cit)PAANTK_,13,49,79,0.367920736,0.057747169,0.058103648,0.039575316,-2.997512022,-2.939764853,-2.957936706,ns,ns
P62249_GPLQSVQVFGR(cit)K_,20,82,136,7.20E-10,0.631983814,4.31E-26,0.591283755,-4.619532328,-3.987548514,-4.028248573,"up in PRA, wilcox","up in RAA, wilcox"
P62805_R(cit)ISGLIYEETR_,11,43,102,0.000117521,0.206320453,4.48E-13,0.287469692,-2.128901938,-1.922581485,-1.841432246,ns,"up in RAA, wilcox"
P62805_RQGR(cit)TLYGFGG_,10,52,57,0.010337328,0.148263574,0.244513278,0.019778077,-0.780178668,-0.631915094,-0.760400591,ns,ns
P62820_R(cit)MGPGATAGGAEK_,2,56,20,NA,NA,2.73E-07,-0.306466632,-2.023602659,-2.950441082,-2.330069291,NA,"down in RAA, wilcox"
P62834_YDPTIEDSYR(cit)K_,40,74,61,5.41E-15,-0.374342951,1.51E-18,-0.261305517,-2.230911215,-2.605254166,-2.492216732,"down in PRA, wilcox",ns
P62937_FGSR(cit)NGK_,8,59,95,4.67E-06,0.901784882,1.02E-24,0.77549497,-4.545779044,-3.643994162,-3.770284074,"up in PRA, wilcox","up in RAA, wilcox"
P62937_TAENFR(cit)ALSTGEK_,49,85,187,0.002667737,-0.069721686,3.25E-19,-0.166611075,-4.984313135,-5.054034821,-5.15092421,ns,ns
P63096_NLR(cit)EDGEK_,25,63,132,0.24908719,0.031556259,0.000330644,0.073428987,-2.584634335,-2.553078076,-2.511205348,ns,ns
P63261_GYSFTTTAER(cit)EIVR_,11,27,15,1.77E-06,1.797763976,8.41E-08,2.025796544,-3.758712697,-1.960948721,-1.732916153,"up in PRA, wilcox","up in RAA, wilcox"
P63261_IIAPPER(cit)K_,10,79,64,0.001359548,0.169930271,5.17E-18,0.326701847,-3.274671219,-3.104740948,-2.947969372,ns,"up in RAA, wilcox"
P63267_CDIDIR(cit)K_,32,44,132,1.71E-06,-0.178031822,8.46E-07,-0.098485125,-2.215786013,-2.393817835,-2.314271138,ns,ns
P67936_AEFAER(cit)TVAK_,13,74,60,1.78E-07,-0.453587148,5.40E-17,-0.385856928,-2.436531993,-2.890119141,-2.822388921,"down in PRA, wilcox","down in RAA, wilcox"
P68133_CDIDIR(cit)K_,5,40,26,0.355677497,-0.0713808,0.270463326,-0.010021354,-3.139387452,-3.210768252,-3.149408806,ns,ns
P84098_GTANAR(cit)MPEK_,5,5,72,0.113692606,-0.323584143,0.008414909,-0.294651914,-1.888204596,-2.211788739,-2.18285651,ns,"down in RAA, wilcox"
P84098_NTLAR(cit)R(cit)K_,14,25,58,8.42E-05,-0.188000682,7.49E-09,-0.359176823,-1.24619954,-1.434200222,-1.605376363,ns,"down in RAA, wilcox"
Q00325_EDGVR(cit)GLAK_,6,71,91,0.000745216,0.590079375,9.86E-09,0.17646083,-2.625633828,-2.035554453,-2.449172998,"up in PRA, wilcox",ns
Q00796_ESPQEIAR(cit)K_,41,72,109,3.53E-05,0.147405335,7.31E-12,0.247154987,-1.89399367,-1.746588335,-1.646838683,ns,ns
Q00839_FIEIAAR(cit)K_,7,21,72,0.01637915,0.1869385,2.85E-05,0.246284355,-3.358278243,-3.171339743,-3.111993888,ns,ns
Q01082_AWER(cit)LEK_,14,30,31,0.271272918,-0.062275249,0.063442081,-0.079882779,-2.489303319,-2.551578568,-2.569186098,ns,ns
Q01082_NR(cit)EASLGEASK_,22,88,128,5.75E-08,0.415147998,9.05E-07,0.10399533,-2.113908656,-1.698760658,-2.009913326,"up in PRA, wilcox",ns
Q01518_EVITFR(cit)EK_,13,45,73,0.058690539,0.026711743,6.86E-10,0.206545704,-3.025982848,-2.999271105,-2.819437144,ns,ns
Q01995_GPSYGMSR(cit)EVQSK_,50,96,187,0.000275384,-0.109726877,3.38E-05,-0.078679557,-4.533798044,-4.643524921,-4.612477601,ns,ns
Q02252_EGASILLDGR(cit)K_,8,77,66,3.19E-06,0.570114202,2.80E-09,0.183578454,-2.987406486,-2.417292284,-2.803828032,"up in PRA, wilcox",ns
Q02252_ER(cit)VCNLIDSGTK_,19,37,152,1.22E-05,0.226685076,2.59E-16,0.359196356,-4.42238642,-4.195701344,-4.063190064,ns,"up in RAA, wilcox"
Q02543_VVGR(cit)CLPTPK_,22,54,109,1.67E-07,0.239085147,1.46E-09,0.224706824,-3.139346902,-2.900261755,-2.914640078,ns,ns
Q03135_EIDLVNR(cit)DPK_,28,69,75,0.001782274,0.094596972,1.75E-16,0.277194685,-1.263486499,-1.168889527,-0.986291814,ns,"up in RAA, wilcox"
Q04828_R(cit)EDIFYTSK_,14,40,98,7.13E-05,0.167778322,6.01E-17,0.271253815,-3.961703152,-3.79392483,-3.690449337,ns,"up in RAA, wilcox"
Q05682_IEER(cit)AEFLNK_,17,40,41,7.61E-08,0.384835827,2.27E-12,0.388130339,-4.109070031,-3.724234204,-3.720939692,"up in PRA, wilcox","up in RAA, wilcox"
Q06323_YFSER(cit)GDAVTK_,52,89,200,8.56E-16,-0.362359081,1.01E-14,-0.233422633,-2.674930819,-3.0372899,-2.908353452,"down in PRA, wilcox",ns
Q09666_FGVSTGR(cit)EGQTPK_,27,54,127,5.53E-11,0.494459541,2.90E-21,0.413454675,-2.813934968,-2.319475427,-2.400480293,"up in PRA, wilcox","up in RAA, wilcox"
Q13017_R(cit)R(cit)VEMK_,4,31,32,NA,NA,0.567742605,0.046790379,2.743938776,2.055375639,2.790729155,NA,ns
Q14764_SLQPLAPR(cit)NK_,12,2,67,NA,NA,NA,NA,-1.793432483,-2.375059195,-2.265990703,NA,NA
Q14914_WQGDAR(cit)QK_,2,53,14,NA,NA,0.00023557,-0.310790404,-0.147274402,-0.878749988,-0.458064806,NA,"down in RAA, wilcox"
Q15084_NR(cit)PEDYQGGR_,5,13,66,0.194419025,0.27990432,0.003041027,0.413726679,-2.117550448,-1.837646128,-1.703823769,ns,"up in RAA, wilcox"
Q15582_VIGTNR(cit)K_,21,57,59,1.81E-07,-0.222828571,4.52E-18,-0.302791658,-1.627584752,-1.850413323,-1.93037641,ns,"down in RAA, wilcox"
Q15643_SENER(cit)LK_,15,9,68,5.24E-05,-1.029191365,7.83E-07,-1.139679665,-3.133303321,-4.162494686,-4.272982986,"down in PRA, wilcox","down in RAA, wilcox"
Q15836_VLER(cit)DQK_,7,27,28,0.000209108,0.592768536,4.16E-10,0.550145387,-2.477862239,-1.885093703,-1.927716852,"up in PRA, wilcox","up in RAA, wilcox"
Q16822_R(cit)YVAAAFPSACGK_,45,46,116,3.64E-09,0.306520284,1.26E-09,0.258405414,-3.604624771,-3.298104487,-3.346219357,"up in PRA, wilcox",ns
Q16851_DLDGFR(cit)K_,3,38,52,NA,NA,0.072094064,-0.028387418,-1.934768045,-1.877392087,-1.963155463,NA,ns
Q16851_R(cit)EFPTVPLVK_,40,0,63,NA,NA,NA,NA,NA,-3.134129945,-2.835762247,NA,NA
Q5VTE0_R(cit)GNVAGDSK_,17,37,104,0.172810466,-0.154395239,1.57E-07,-0.504960684,-2.072171408,-2.226566647,-2.577132092,ns,"down in RAA, wilcox"
Q6NZI2_VR(cit)TR(cit)ENLEK_,10,52,89,0.078997577,-0.077795226,0.003649626,-0.069433096,-2.768698112,-2.846493338,-2.838131208,ns,ns
Q71DI3_LPFQR(cit)LVR_,22,0,37,NA,NA,NA,NA,NA,-4.403608332,-4.414665251,NA,NA
Q71DI3_YR(cit)PGTVALR(cit)EIR_,19,14,31,4.85E-06,0.261049272,8.30E-08,0.418533737,-2.678042414,-2.416993142,-2.259508677,ns,"up in RAA, wilcox"
Q7Z4W1_TMLNR(cit)IPLGK_,48,37,168,0.026293975,0.088444005,1.13E-05,0.159119988,-3.168024891,-3.079580886,-3.008904903,ns,ns
Q96I99_ACR(cit)ELELK_,38,26,123,0.002771122,0.182597702,3.72E-06,0.252433351,-2.963904195,-2.781306493,-2.711470844,ns,ns
Q96I99_AQILAGGR(cit)GK_,14,9,44,5.78E-05,-0.6088564,1.51E-06,-0.617456166,-1.219317707,-1.828174107,-1.836773873,"down in PRA, wilcox","down in RAA, wilcox"
Q99878_SSR(cit)AGLQFPVGR_,34,73,124,0.418355701,-0.006850591,0.000362061,0.059448898,-2.654744996,-2.661595587,-2.595296098,ns,ns
Q99878_TR(cit)SSR(cit)AGLQFPVGR_,34,83,146,0.220658366,0.029127479,4.80E-28,0.334840101,-2.994748796,-2.965621317,-2.659908695,ns,"up in RAA, wilcox"
Q99879_R(cit)STITSR(cit)EIQTAVR_,30,45,104,0.000235949,-0.110727617,4.51E-07,0.180118902,-1.803674395,-1.914402012,-1.623555493,ns,ns
Q99879_STITSR(cit)EIQTAVR_,19,6,78,0.00023236,-0.727960276,3.84E-05,-0.623710224,-2.44444349,-3.172403765,-3.068153713,"down in PRA, wilcox","down in RAA, wilcox"
Q99880_R(cit)STITSR(cit)EIQTAVR_,15,50,78,0.018495843,-0.111309058,0.00386992,0.072765654,-0.984862207,-1.096171265,-0.912096553,ns,ns
Q9BTM1_SR(cit)SSR(cit)AGLQFPVGR_,38,58,173,1.13E-14,0.540685323,2.31E-26,0.494844621,-1.398452464,-0.857767141,-0.903607843,"up in PRA, wilcox","up in RAA, wilcox"
Q9BVC6_R(cit)EAPVDVLTQIGR_,19,42,75,1.17E-09,0.546541695,1.39E-15,0.337515975,-2.64211439,-2.095572695,-2.304598415,"up in PRA, wilcox","up in RAA, wilcox"
Q9C002_TDVILDR(cit)K_,0,46,13,NA,NA,1.91E-06,0.326905912,-2.298606123,NA,-1.971700211,NA,"up in RAA, wilcox"
Q9H1E3_NVR(cit)QQR(cit)QAASK_,12,15,106,1.11E-05,0.398837598,3.46E-10,0.554348318,-2.312994081,-1.914156483,-1.758645763,"up in PRA, wilcox","up in RAA, wilcox"
Q9H2A2_SSGIGR(cit)EGAK_,14,29,58,2.76E-06,0.523668535,1.98E-11,0.505634907,-2.298113388,-1.774444853,-1.792478481,"up in PRA, wilcox","up in RAA, wilcox"
Q9H8H3_ALER(cit)ASFSK_,17,38,54,4.85E-08,-0.392236393,9.08E-17,-0.512423708,-0.535151162,-0.927387555,-1.04757487,"down in PRA, wilcox","down in RAA, wilcox"
Q9NZN4_R(cit)GGAR(cit)GQQPEAIR_,10,63,37,0.173866603,-0.053826691,0.003336014,0.094166416,-3.184740465,-3.238567156,-3.090574049,ns,ns
Q9UJS0_LTVNDFVR(cit)DK_,19,14,93,0.37075712,-0.086320478,0.003591342,-0.181666478,-1.43553249,-1.521852968,-1.617198968,ns,ns
Q9UL46_YFSER(cit)GDAVAK_,12,92,92,0.376520523,-0.023785417,9.74E-10,-0.181700093,-2.896137938,-2.919923355,-3.077838031,ns,ns
Q9UM07_LLLASPR(cit)SCYK_,15,63,99,3.07E-07,0.375468265,1.04E-20,0.430590278,-3.832489246,-3.457020981,-3.401898968,"up in PRA, wilcox","up in RAA, wilcox"
Q9UM07_R(cit)VMGPDFGYVTR_,20,60,65,3.27E-07,0.395236787,6.96E-14,0.329233954,-2.231092698,-1.835855911,-1.901858744,"up in PRA, wilcox","up in RAA, wilcox"
Q9UM07_VR(cit)VFQATR(cit)GK_,51,82,112,7.35E-21,0.653081082,6.74E-31,0.744042839,-2.919967115,-2.266886033,-2.175924276,"up in PRA, wilcox","up in RAA, wilcox"
Q9Y2J8_DMSQMILR(cit)TK_,46,98,188,6.60E-14,-0.406885087,3.40E-30,-0.412074284,-3.643937511,-4.050822598,-4.056011795,"down in PRA, wilcox","down in RAA, wilcox"
Q9Y2J8_GFPVVLDSPR(cit)DGNLK_,43,13,149,3.01E-05,-0.530535519,0.021093833,-0.218060645,-8.11178047,-8.642315989,-8.329841115,"down in PRA, wilcox",ns
Q9Y2J8_TVR(cit)LQYGSR_,4,27,4,NA,NA,NA,NA,-1.882562919,-1.579170366,-1.977807461,NA,NA
Q9Y2J8_VCFQYLNR(cit)GDR_,48,85,189,0.015903314,-0.053374253,7.68E-07,0.104828721,-3.280888009,-3.334262262,-3.176059288,ns,ns
Q9Y2J8_VVR(cit)DFLK_,38,91,191,0.000568389,0.068983744,6.37E-07,0.084271415,-4.359754277,-4.290770533,-4.275482862,ns,ns
Q9Y490_ER(cit)ELEEAR_,15,6,52,0.000181611,0.448887214,0.013054818,0.204750317,-0.992264758,-0.543377544,-0.787514441,"up in PRA, wilcox",ns
Q9Y6N5_AR(cit)VTELNPDK_,36,5,87,0.472245012,-0.055957968,0.006115475,0.138717856,-1.279599692,-1.33555766,-1.140881836,ns,ns
