epoch,dataset,atten_masks,train_acc,train_f1_score,train_recall,train_precision,train_loss,test_acc,test_f1_score,test_recall,test_precision,test_loss,train_num,train_tp,train_fp,train_tn,train_fn,test_num,test_tp,test_fp,test_tn,test_fn,Score
3,1,1,92.7274,92.96,96.0319,90.0786,24121.04404,87.9822,61.9917,84.6939,48.8874,2473.602255,121318,58252,6416,54243,2407,7622,747,781,5959,135,86.33805
7,5,5,94.4641,94.7423,99.7544,90.2098,18586.19444,86.3159,59.3372,86.2812,45.2169,3136.65365,121318,60510,6567,54092,149,7622,761,922,5818,121,86.29855
21,5,5,96.7408,96.8421,99.9489,93.9226,15322.67411,88.7562,63.2662,83.6735,50.8615,4459.842148,121318,60628,3923,56736,31,7622,738,713,6027,144,86.21485
18,1,1,97.2131,97.2882,99.9819,94.7359,10750.38553,89.058,63.7706,83.22,51.6901,3827.834511,121318,60648,3370,57289,11,7622,734,686,6054,148,86.139
5,1,1,94.9323,95.0654,97.6294,92.6327,17731.47784,89.7271,65.029,82.5397,53.6478,2382.193958,121318,59221,4710,55949,1438,7622,728,629,6111,154,86.1334
1,5,5,88.5285,88.0172,84.2612,92.1236,34838.82789,91.1703,67.9676,80.9524,58.5726,2304.420371,121318,51112,4370,56289,9547,7622,714,505,6235,168,86.06135
8,1,1,96.4902,96.5858,99.2895,94.0254,12512.34367,90.042,65.5782,81.9728,54.6485,2575.06596,121318,60228,3827,56832,431,7622,723,600,6140,159,86.0074
3,5,5,93.0769,93.1829,94.6323,91.7773,23073.52673,89.2417,64.0351,82.7664,52.2175,2279.721998,121318,57403,5143,55516,3256,7622,730,668,6072,152,86.00405
1,2,2,88.2977,88.4264,89.4097,87.4645,35795.96901,86.1454,58.8144,85.4875,44.8276,3069.685513,121318,54235,7773,52886,6424,7622,754,928,5812,128,85.81645
3,2,2,92.912,93.0215,94.4806,91.6067,23211.13267,88.6644,62.8227,82.7664,50.6241,2460.789806,121318,57311,5251,55408,3348,7622,730,712,6028,152,85.7154
5,5,5,93.7231,94.057,99.3422,89.3058,21187.63274,86.4602,59.2095,84.9206,45.449,2877.95621,121318,60260,7216,53443,399,7622,749,899,5841,133,85.6904
0,2,2,86.6071,86.2132,83.7501,88.8256,41926.09503,87.851,61.3845,83.4467,48.5488,3103.583511,121318,50802,6391,54268,9857,7622,736,780,5960,146,85.64885
2,5,5,91.3294,91.4478,92.7134,90.2162,27580.80872,88.179,61.9349,83.1066,49.3603,2365.129061,121318,56239,6099,54560,4420,7622,733,752,5988,149,85.6428
7,1,1,95.2324,95.4138,99.1889,91.9156,16269.34093,87.8116,61.3078,83.4467,48.4529,2917.207817,121318,60167,5292,55367,492,7622,736,783,5957,146,85.62915
4,1,1,94.0347,94.1622,96.2182,92.1921,20403.687,89.7271,64.7138,81.4059,53.7023,2265.379881,121318,58365,4943,55716,2294,7622,718,619,6121,164,85.5665
33,1,1,97.5593,97.6175,100,95.3458,11235.04893,89.609,64.4843,81.5193,53.3383,5081.518501,121318,60659,2961,57698,0,7622,719,629,6111,163,85.56415
5,2,2,94.6331,94.8078,97.997,91.8196,18729.99871,88.3495,62.1483,82.6531,49.7951,2625.953838,121318,59444,5296,55363,1215,7622,729,735,6005,153,85.5013
0,1,1,85.4201,85.582,86.5428,84.6423,43362.96814,84.3742,56.1649,86.5079,41.5804,3308.151691,121318,52496,9525,51134,8163,7622,763,1072,5668,119,85.44105
1,1,1,87.9136,87.9836,88.4963,87.4768,35806.05466,86.5783,59.2268,84.2404,45.6669,2823.161631,121318,53681,7685,52974,6978,7622,743,884,5856,139,85.40935
12,3,3,97.7242,97.7715,99.8483,95.7793,9542.2978,90.9866,67.1763,79.7052,58.0512,2979.486491,121318,60567,2669,57990,92,7622,703,508,6232,179,85.3459
13,5,5,98.0976,98.1308,99.878,96.4438,7860.223654,91.4196,68.1287,79.2517,59.7436,2769.781973,121318,60585,2234,58425,74,7622,699,471,6269,183,85.33565
8,3,3,96.0393,96.1807,99.7412,92.8657,13976.81169,88.3364,62.0248,82.3129,49.7601,2878.489834,121318,60502,4648,56011,157,7622,726,733,6007,156,85.32465
12,5,5,98.0275,98.0605,99.7313,96.4449,8628.879178,91.9313,69.2961,78.6848,61.909,2776.71161,121318,60496,2230,58429,163,7622,694,427,6313,188,85.30805
15,5,5,98.3226,98.3477,99.8417,96.8977,7615.828478,91.5245,68.3333,79.0249,60.19,2954.452021,121318,60563,1939,58720,96,7622,697,461,6279,185,85.2747
4,2,2,94.0858,94.2965,97.7794,91.0531,20424.47123,87.6673,60.8333,82.7664,48.0896,2613.284086,121318,59312,5828,54831,1347,7622,730,788,5952,152,85.21685
4,5,5,94.5334,94.6343,96.4144,92.9188,19148.98572,89.8452,64.722,80.4989,54.1159,2174.367702,121318,58484,4457,56202,2175,7622,710,602,6138,172,85.17205
14,3,3,97.2494,97.3218,99.9538,94.8248,10091.77338,89.4909,64.0323,80.839,53.0112,3238.544218,121318,60631,3309,57350,28,7622,713,632,6108,169,85.16495
14,1,1,98.1924,98.2215,99.8318,96.6623,7308.691664,91.7476,68.7841,78.5714,61.165,2804.18068,121318,60557,2091,58568,102,7622,693,440,6300,189,85.1595
20,3,3,98.1742,98.2062,99.9588,96.5141,7470.185283,90.5405,66.0706,79.5918,56.4763,3562.372002,121318,60634,2190,58469,25,7622,702,541,6199,180,85.06615
8,5,5,97.1859,97.2482,99.4477,95.1438,11438.68655,90.9735,66.9866,79.1383,58.0699,2245.756319,121318,60324,3079,57580,335,7622,698,504,6236,184,85.0559
10,3,3,96.8908,96.9819,99.9093,94.2212,11275.34048,88.7038,62.5163,81.4059,50.742,2982.584751,121318,60604,3717,56942,55,7622,718,697,6043,164,85.05485
3,9,9,92.7546,93.0098,96.4061,89.8447,24815.2679,87.1209,59.7456,82.9157,46.6966,2603.592005,121318,58479,6610,54049,2180,7617,728,831,5908,150,85.0183
23,1,1,98.4001,98.4241,99.9275,96.9654,5847.801351,90.9604,66.9227,79.0249,58.035,3405.25795,121318,60615,1897,58762,44,7622,697,504,6236,185,84.99265
2,2,2,90.9923,90.9766,90.8192,91.1347,27637.0553,88.625,62.3207,81.2925,50.5285,2364.211103,121318,55090,5359,55300,5569,7622,717,702,6038,165,84.95875
16,1,1,98.7454,98.7601,99.9291,97.6182,5604.522657,92.2068,69.7556,77.6644,63.3087,2953.507135,121318,60616,1479,59180,43,7622,685,397,6343,197,84.9356
4,4,4,94.7947,94.9117,97.0952,92.8243,19042.04431,89.8058,64.5043,80.0454,54.0168,2239.510529,121318,58897,4553,56106,1762,7622,706,601,6139,176,84.9256
6,3,3,94.338,94.6046,99.2779,90.3514,18600.1823,86.0535,58.1661,83.7868,44.5449,2898.815134,121318,60221,6431,54228,438,7622,739,920,5820,143,84.92015
5,3,3,95.1392,95.3006,98.5723,92.239,17064.00052,88.4676,61.9974,81.2925,50.1048,2640.996477,121318,59793,5031,55628,866,7622,717,714,6026,165,84.88005
11,3,3,98.0176,98.0428,99.306,96.8114,8548.658908,92.1936,69.6893,77.551,63.2747,2640.458215,121318,60238,1984,58675,421,7622,684,397,6343,198,84.8723
6,5,5,94.9744,95.1911,99.4807,91.2561,17196.86303,86.9719,59.519,82.7664,46.4672,2765.129,121318,60344,5782,54877,315,7622,730,841,5899,152,84.86915
3,0,0,93.2294,93.3502,95.0461,91.7137,22574.27222,88.8874,62.7365,80.839,51.2581,2409.824542,121318,57654,5209,55450,3005,7622,713,678,6062,169,84.8632
3,4,4,93.517,93.6452,95.5341,91.8296,22370.33966,89.2023,63.3081,80.4989,52.1675,2289.386645,121318,57950,5156,55503,2709,7622,710,651,6089,172,84.8506
2,9,9,90.9997,91.1308,92.4776,89.8226,29055.9755,88.0137,61.0993,81.6629,48.8087,2499.967331,121318,56096,6356,54303,4563,7617,717,752,5987,161,84.8383
7,4,4,95.0494,95.2714,99.7445,91.1823,17999.63938,87.2868,59.9752,82.3129,47.1735,3212.813666,121318,60504,5851,54808,155,7622,726,813,5927,156,84.79985
0,3,3,86.9269,86.3035,82.3752,90.6252,40820.08278,89.5434,63.9203,80.0454,53.2027,2689.455791,121318,49968,5169,55490,10691,7622,706,621,6119,176,84.7944
6,1,1,96.1844,96.1917,96.3748,96.0092,14244.33609,92.3511,70.0257,77.2109,64.064,2047.76247,121318,58460,2430,58229,2199,7622,681,382,6358,201,84.781
10,2,2,97.8132,97.8478,99.423,96.3218,9021.217935,91.7476,68.5657,77.7778,61.3047,2711.358556,121318,60309,2303,58356,350,7622,686,433,6307,196,84.7627
4,3,3,94.2473,94.4358,97.6343,91.4402,19514.09506,87.8641,60.8879,81.6327,48.5502,2397.916536,121318,59224,5544,55115,1435,7622,720,763,5977,162,84.7484
6,4,4,96.477,96.5609,98.9169,94.3146,13723.14458,90.5799,65.9716,78.9116,56.6775,2316.314579,121318,60002,3617,57042,657,7622,696,532,6208,186,84.74575
2,1,1,89.5341,90.0288,94.4955,85.9654,32483.35145,83.4033,54.5455,86.0544,39.9264,3138.531712,121318,57320,9358,51301,3339,7622,759,1142,5598,123,84.72885
5,4,4,94.2053,94.463,98.8592,90.4411,19966.20186,87.4442,60.1748,81.9728,47.5345,2808.159715,121318,59967,6338,54321,692,7622,723,798,5942,159,84.7085
1,4,4,88.836,88.8849,89.2761,88.4971,34883.34142,87.5361,60.3175,81.8594,47.7513,2740.776815,121318,54154,7039,53620,6505,7622,722,790,5950,160,84.69775
2,3,3,90.956,91.2314,94.0965,88.5356,29346.87193,85.9486,57.8844,83.4467,44.3107,2721.780064,121318,57078,7391,53268,3581,7622,736,925,5815,146,84.69765
10,4,4,97.5807,97.6343,99.8434,95.5208,9677.958076,91.1178,67.088,78.2313,58.7234,2705.619555,121318,60564,2840,57819,95,7622,690,485,6255,192,84.67455
7,9,9,96.8653,96.9094,98.2921,95.565,12429.98672,91.8341,68.6176,77.4487,61.5942,2386.171962,121318,59623,2767,57892,1036,7617,680,424,6315,198,84.6414
0,5,5,84.8629,85.1953,87.1083,83.3646,45737.01216,83.1147,54.1503,86.1678,39.4805,3708.785995,121318,52839,10544,50115,7820,7622,760,1165,5575,122,84.64125
1,9,9,88.5639,88.6472,89.2975,88.0063,36107.42832,86.924,59.2138,82.3462,46.2276,3028.963007,121318,54167,7382,53277,6492,7617,723,841,5898,155,84.6351
16,3,3,98.2748,98.3012,99.8302,96.8183,7669.937734,91.4852,67.8872,77.7778,60.2283,3253.402811,121318,60556,1990,58669,103,7622,686,453,6287,196,84.6315
1,3,3,87.8476,88.1917,90.7615,85.7635,36939.45575,84.3348,55.6464,84.9206,41.3812,3282.796131,121318,55055,9139,51520,5604,7622,749,1061,5679,133,84.6277
21,1,1,98.5575,98.5776,99.9703,97.2232,6288.757061,91.0916,66.9908,78.1179,58.6383,3607.422469,121318,60641,1732,58927,18,7622,689,486,6254,193,84.60475
4,0,0,94.3092,94.5,97.7794,91.4335,19242.08247,88.4545,61.8056,80.7256,50.0703,2485.879675,121318,59312,5557,55102,1347,7622,712,710,6030,170,84.59005
11,9,9,97.0837,97.1603,99.7807,94.6739,10768.59669,90.2192,65.0399,78.9294,55.3073,2665.270748,121318,60526,3405,57254,133,7617,693,560,6179,185,84.5743
16,4,4,98.1536,98.1836,99.8055,96.6136,8768.420133,92.1543,69.4274,76.9841,63.2216,3306.809748,121318,60541,2122,58537,118,7622,679,395,6345,203,84.5692
11,1,1,98.2954,98.3162,99.5335,97.1284,7397.239658,92.5741,70.4593,76.5306,65.2805,2592.680896,121318,60376,1785,58874,283,7622,675,359,6381,207,84.55235
14,2,2,98.0555,98.0888,99.7972,96.4379,7976.210377,91.1834,67.1554,77.8912,59.0206,2999.615507,121318,60536,2236,58423,123,7622,687,477,6263,195,84.5373
39,4,4,98.4182,98.442,99.9456,96.983,7658.682519,90.8161,66.3462,78.2313,57.596,4786.939116,121318,60626,1886,58773,33,7622,690,508,6232,192,84.5237
43,3,3,98.8081,98.822,99.9901,97.6809,5320.2818,90.8948,66.5058,78.1179,57.8992,5268.731672,121318,60653,1440,59219,6,7622,689,501,6239,193,84.50635
6,2,2,96.4622,96.5301,98.4207,94.7109,13737.02921,90.593,65.8409,78.3447,56.779,2466.104824,121318,59701,3334,57325,958,7622,691,526,6214,191,84.46885
13,3,3,98.527,98.5422,99.5664,97.5388,6726.542975,92.3904,69.9482,76.5306,64.4084,2599.659256,121318,60396,1524,59135,263,7622,675,373,6367,207,84.4605
7,3,3,96.5339,96.6156,98.9466,94.3918,12771.14037,89.9764,64.564,78.9116,54.6311,2497.834106,121318,60020,3566,57093,639,7622,696,578,6162,186,84.444
10,5,5,96.8389,96.9071,99.0455,94.8592,11611.76905,89.6746,63.9487,79.1383,53.651,2803.693156,121318,60080,3256,57403,579,7622,698,603,6137,184,84.40645
11,4,4,97.7687,97.8088,99.5994,96.0814,9366.285192,91.8263,68.5512,76.9841,61.7834,2699.151208,121318,60416,2464,58195,243,7622,679,420,6320,203,84.4052
22,1,1,98.9532,98.9635,99.9538,97.9927,4376.372942,91.8919,68.693,76.8707,62.0879,3361.175257,121318,60631,1242,59417,28,7622,678,414,6326,204,84.3813
41,1,1,99.2054,99.209,99.6555,98.7664,3115.197962,93.3876,72.4891,75.2834,69.8947,4147.456944,121318,60450,755,59904,209,7622,664,286,6454,218,84.3355
34,3,3,98.7158,98.7312,99.9357,97.5555,6113.980999,91.5639,67.8982,77.0975,60.6601,4206.392952,121318,60620,1519,59140,39,7622,680,441,6299,202,84.3307
2,7,7,91.1225,91.2415,92.4809,90.0348,28454.92732,87.4574,59.9665,81.1791,47.5432,2625.99865,121318,56098,6209,54450,4561,7622,716,790,5950,166,84.31825
8,7,7,96.9469,97.0054,98.9004,95.1816,11940.06095,90.9473,66.5049,77.6644,58.1494,2671.959008,121318,59992,3037,57622,667,7622,685,493,6247,197,84.30585
16,2,2,98.2154,98.245,99.9027,96.6415,7609.443612,90.6061,65.7744,78.0045,56.8595,3539.538514,121318,60600,2106,58553,59,7622,688,522,6218,194,84.3053
7,0,0,95.6783,95.8468,99.7346,92.2507,15483.85479,87.9559,60.7692,80.6122,48.7654,3071.242936,121318,60498,5082,55577,161,7622,711,747,5993,171,84.28405
17,5,5,98.6259,98.6373,99.4593,97.8288,6222.729569,92.3642,69.7819,76.1905,64.3678,2870.610743,121318,60331,1339,59320,328,7622,672,372,6368,210,84.27735
17,2,2,97.9319,97.9703,99.8253,96.183,8529.497542,89.6353,63.7947,78.9116,53.5385,3678.760868,121318,60553,2403,58256,106,7622,696,604,6136,186,84.27345
13,0,0,97.2073,97.2812,99.9225,94.7759,11227.19123,89.8583,64.2295,78.6848,54.2611,3514.142432,121318,60612,3341,57318,47,7622,694,585,6155,188,84.27155
51,3,3,98.9152,98.9268,99.9885,97.8874,5107.709785,90.7636,66.0886,77.7778,57.4539,6003.928679,121318,60652,1309,59350,7,7622,686,508,6232,196,84.2707
2,4,4,91.3986,91.4325,91.7935,91.0743,27370.28668,88.8218,62.2675,79.7052,51.0901,2208.540997,121318,55681,5457,55202,4978,7622,703,673,6067,179,84.2635
9,3,3,97.8363,97.8617,99.0241,96.7262,9494.689382,91.9706,68.8073,76.5306,62.5,2513.515636,121318,60067,2033,58626,592,7622,675,405,6335,207,84.2506
28,1,1,99.1526,99.1596,99.9753,98.357,3549.997861,91.8525,68.5251,76.644,61.9615,3885.760365,121318,60644,1013,59646,15,7622,676,415,6325,206,84.24825
0,9,9,85.9229,85.7868,84.9651,86.6245,43331.66139,86.0312,57.6433,82.4601,44.3084,3325.098286,121318,51539,7958,52701,9120,7617,724,910,5829,154,84.24565
1,8,8,88.221,87.4956,82.4198,93.2377,34335.4262,91.6164,67.9699,76.8707,60.9164,2118.669271,121318,49995,3626,57033,10664,7622,678,435,6305,204,84.24355
1,6,6,88.676,88.6096,88.0925,89.1328,35193.58508,87.6935,60.2879,80.7256,48.1081,2811.171333,121318,53436,6515,54144,7223,7622,712,768,5972,170,84.20955
0,7,7,86.8775,86.3629,83.1039,89.8878,41400.55449,88.8087,62.2065,79.5918,51.0545,2955.905937,121318,50410,5671,54988,10249,7622,702,673,6067,180,84.20025
2,6,6,90.4936,90.8659,94.5696,87.4413,29929.62133,84.7153,55.8879,83.6735,41.9557,2935.259464,121318,57365,8239,52420,3294,7622,738,1021,5719,144,84.1944
0,4,4,85.4201,85.5175,86.0927,84.95,45667.87027,84.8071,56.003,83.5601,42.1143,3609.546444,121318,52223,9252,51407,8436,7622,737,1013,5727,145,84.1836
1,0,0,88.3274,87.6051,82.5005,93.3831,34453.85503,91.9181,68.6354,76.4172,62.2921,2106.032406,121318,50044,3546,57113,10615,7622,674,408,6332,208,84.16765
5,0,0,94.887,95.0938,99.1015,91.3976,17645.3938,87.2474,59.5337,81.0658,47.0395,2729.953196,121318,60114,5658,55001,545,7622,715,805,5935,167,84.1566
7,2,2,97.0417,97.0814,98.4042,95.7937,11698.89283,91.3933,67.3956,76.8707,60,2372.52664,121318,59691,2621,58038,968,7622,678,452,6288,204,84.132
18,3,3,98.7265,98.7405,99.8401,97.6649,5616.379716,91.8394,68.4264,76.4172,61.9485,3145.126613,121318,60562,1448,59211,97,7622,674,414,6326,208,84.1283
35,4,4,99.3455,99.3494,99.9489,98.7571,3350.527417,93.2957,72.1222,74.9433,69.5058,3603.94995,121318,60628,763,59896,31,7622,661,290,6450,221,84.1195
52,7,7,98.8394,98.8523,99.9604,97.7684,5391.086219,90.8685,66.2136,77.3243,57.8947,5930.891123,121318,60635,1384,59275,24,7622,682,496,6244,200,84.0964
21,7,7,97.5807,97.6372,99.972,95.4091,9915.289511,88.9399,62.3829,79.2517,51.4349,4272.600933,121318,60642,2918,57741,17,7622,699,660,6080,183,84.0958
19,1,1,98.4083,98.4321,99.9258,96.9824,6574.695292,91.1309,66.765,76.9841,58.941,3399.477827,121318,60614,1886,58773,45,7622,679,473,6267,203,84.0575
12,1,1,98.4149,98.4318,99.4889,97.3968,6851.532431,92.456,69.8795,75.6236,64.9464,2574.419374,121318,60349,1613,59046,310,7622,667,360,6380,215,84.0398
42,5,5,99.3315,99.3349,99.8483,98.8268,3130.078534,93.1252,71.6143,74.9433,68.5685,3824.674583,121318,60567,719,59940,92,7622,661,303,6437,221,84.03425
2,0,0,91.0887,91.2657,93.1156,89.4879,28891.97967,87.1031,59.2285,80.9524,46.6972,2627.691877,121318,56483,6635,54024,4176,7622,714,815,5925,168,84.02775
14,4,4,98.0267,98.0622,99.8599,96.3281,8179.622045,91.3671,67.2637,76.644,59.9291,2986.771365,121318,60574,2309,58350,85,7622,676,452,6288,206,84.00555
0,0,0,86.4389,86.1843,84.5959,87.8336,42149.58238,86.8276,58.7849,81.1791,46.0746,3106.445505,121318,51315,7108,53551,9344,7622,716,838,5902,166,84.00335
13,9,9,98.1412,98.1729,99.8764,96.5267,8077.081737,91.217,66.8319,76.7654,59.1747,3113.331808,121318,60584,2180,58479,75,7617,674,465,6274,204,83.9912
9,7,7,97.4876,97.53,99.2054,95.9103,9878.285219,91.5508,67.6707,76.4172,60.7207,2647.733572,121318,60177,2566,58093,482,7622,674,436,6304,208,83.984
1,7,7,88.2144,88.2748,88.7288,87.8253,36154.03803,86.211,57.842,81.746,44.7548,3070.780914,121318,53822,7461,53198,6837,7622,721,890,5850,161,83.9785
4,7,7,94.0166,94.2296,97.7085,90.9899,20436.97086,87.4442,59.7392,80.4989,47.4916,2631.324385,121318,59269,5869,54790,1390,7622,710,785,5955,172,83.97155
0,8,8,86.3384,86.2127,85.4267,87.0132,42266.89771,85.9617,57.4722,81.9728,44.2472,3197.09145,121318,51819,7734,52925,8840,7622,723,911,5829,159,83.96725
13,2,2,97.4027,97.464,99.8203,95.2164,10104.46933,89.6484,63.6238,78.2313,53.6131,3255.658379,121318,60550,3042,57617,109,7622,690,597,6143,192,83.93985
47,3,3,99.2227,99.2287,100,98.4692,3379.961344,91.7869,68.1911,76.0771,61.7864,5188.833256,121318,60659,943,59716,0,7622,671,415,6325,211,83.932
39,2,2,99.3455,99.3495,99.9571,98.7492,2556.165488,92.01,68.7211,75.8503,62.8169,4680.061891,121318,60633,768,59891,26,7622,669,396,6344,213,83.93015
57,2,2,99.1559,99.163,100,98.3399,4039.088009,90.9735,66.3405,76.8707,58.3477,6521.050274,121318,60659,1024,59635,0,7622,678,484,6256,204,83.9221
16,7,7,97.7143,97.7644,99.9571,95.6658,9845.839251,90.6193,65.5753,77.2109,56.9874,3709.801777,121318,60633,2747,57912,26,7622,681,514,6226,201,83.9151
9,4,4,97.101,97.1734,99.662,94.806,10854.46985,90.1076,64.5009,77.6644,55.153,2605.542795,121318,60454,3312,57347,205,7622,685,557,6183,197,83.886
9,2,2,97.9014,97.9326,99.4098,96.4986,9242.079859,92.0887,68.8694,75.6236,63.2227,2364.018237,121318,60301,2188,58471,358,7622,667,388,6352,215,83.85615
14,9,9,97.7629,97.8101,99.9176,95.7897,8996.952499,90.4687,65.1297,77.221,56.3123,3264.482429,121318,60609,2664,57995,50,7617,678,526,6213,200,83.84485
33,2,2,98.6828,98.6997,99.9802,97.4515,5712.498178,90.6586,65.6039,76.9841,57.1549,4829.536942,121318,60647,1586,59073,12,7622,679,509,6231,203,83.82135
7,8,8,96.4276,96.5274,99.3027,93.9031,13493.74368,89.2023,62.6757,78.3447,52.2298,2740.525591,121318,60236,3911,56748,423,7622,691,632,6108,191,83.7735
0,6,6,86.4084,86.0529,83.8589,88.3647,42507.6507,87.3524,59.4617,80.1587,47.2594,3122.180864,121318,50868,6698,53961,9791,7622,707,789,5951,175,83.75555
32,1,1,98.9309,98.9419,99.967,97.9375,4826.729504,91.3802,67.1336,76.0771,60.0716,4473.463774,121318,60639,1277,59382,20,7622,671,446,6294,211,83.72865
12,7,7,98.0151,98.049,99.7527,96.4026,8589.889646,91.3671,67.1,76.0771,60.0179,3105.664536,121318,60509,2258,58401,150,7622,671,447,6293,211,83.7221
11,0,0,97.7456,97.792,99.8483,95.8187,8963.453012,90.7898,65.8228,76.644,57.6792,3001.851637,121318,60567,2643,58016,92,7622,676,496,6244,206,83.7169
28,3,3,98.8361,98.8468,99.7659,97.9446,5009.108908,92.1281,68.8797,75.2834,63.4799,3574.187006,121318,60517,1270,59389,142,7622,664,382,6358,218,83.70575
29,3,3,97.8676,97.912,99.9967,95.9125,8389.138348,88.7169,61.7438,78.6848,50.8053,4641.728212,121318,60657,2585,58074,2,7622,694,672,6068,188,83.70085
12,2,2,98.2781,98.2953,99.2895,97.3209,7501.378257,92.2068,69.0625,75.1701,63.8728,2707.894599,121318,60228,1658,59001,431,7622,663,375,6365,219,83.68845
15,4,4,97.9912,98.0278,99.845,96.2755,8826.152887,90.8292,65.8858,76.5306,57.8406,3395.165447,121318,60565,2343,58316,94,7622,675,492,6248,207,83.6799
2,8,8,90.6865,90.9825,93.9696,88.1795,29709.64698,85.3844,56.4844,81.9728,43.087,2884.492868,121318,57001,7641,53018,3658,7622,723,955,5785,159,83.6786
28,0,0,97.3912,97.4521,99.7824,95.2281,12147.63847,90.0157,64.1882,77.3243,54.8673,5021.442637,121318,60527,3033,57626,132,7622,682,561,6179,200,83.67
11,2,2,98.2253,98.2487,99.5598,96.9716,7658.120855,91.7082,67.8535,75.6236,61.5314,2792.443589,121318,60392,1886,58773,267,7622,667,417,6323,215,83.6659
9,8,8,97.176,97.2076,98.3086,96.1311,11099.30619,91.8132,68.0982,75.5102,62.0112,2729.741978,121318,59633,2400,58259,1026,7622,666,408,6332,216,83.6617
33,4,4,99.1378,99.1445,99.9176,98.3832,4089.634101,92.3642,69.4328,74.9433,64.6771,3753.04765,121318,60609,996,59663,50,7622,661,361,6379,221,83.65375
59,3,3,99.4873,99.4899,100,98.985,2271.709229,91.8919,68.2752,75.3968,62.3827,5497.606121,121318,60659,622,60037,0,7622,665,401,6339,217,83.64435
3,3,3,92.7257,92.5833,90.806,94.4317,23237.71935,91.1965,66.6667,76.0771,59.328,1847.137774,121318,55082,3248,57411,5577,7622,671,460,6280,211,83.6368
6,8,8,96.5051,96.5455,97.6755,95.4413,13532.19209,91.5245,67.4067,75.737,60.7273,2197.518245,121318,59249,2830,57829,1410,7622,668,432,6308,214,83.63075
50,1,1,99.4428,99.4456,99.9439,98.9521,2147.77727,92.5348,69.8463,74.7166,65.5721,4304.821095,121318,60625,642,60017,34,7622,659,346,6394,223,83.6257
19,0,0,98.5081,98.5298,99.9868,97.1146,6548.472752,91.6951,67.7863,75.5102,61.4958,3713.653096,121318,60651,1802,58857,8,7622,666,417,6323,216,83.60265
54,2,2,98.8336,98.8461,99.9143,97.8005,5158.987307,90.9997,66.2069,76.1905,58.5366,6279.925044,121318,60607,1363,59296,52,7622,672,476,6264,210,83.5951
3,6,6,89.7179,90.548,98.4998,83.7842,32461.64985,79.7297,49.9514,87.415,34.966,3763.827208,121318,59749,11564,49095,910,7622,771,1434,5306,111,83.57235
57,3,3,99.7313,99.7319,99.9753,99.4898,1240.551636,92.9677,70.9328,74.1497,67.9834,4922.885011,121318,60644,311,60348,15,7622,654,308,6432,228,83.5587
10,8,8,97.7959,97.8381,99.7494,95.9987,9209.096363,90.9079,65.9794,76.1905,58.1818,2965.782008,121318,60507,2522,58137,152,7622,672,483,6257,210,83.5492
11,7,7,97.9236,97.9572,99.5681,96.3977,9201.567862,91.8132,68.0328,75.2834,62.0561,2922.361735,121318,60397,2257,58402,262,7622,664,406,6334,218,83.5483
23,8,8,95.9017,96.0625,99.9868,92.4347,17243.8573,86.2372,57.6162,80.839,44.7583,5285.869558,121318,60651,4964,55695,8,7622,713,880,5860,169,83.5381
12,0,0,98.1973,98.2205,99.4988,96.9745,7697.159015,92.2461,69.0738,74.8299,64.1399,2923.623822,121318,60355,1883,58776,304,7622,660,369,6371,222,83.538
4,8,8,94.2614,94.4737,98.1042,91.1024,20935.8808,87.1425,58.9958,79.932,46.7507,2697.267004,121318,59509,5812,54847,1150,7622,705,803,5937,177,83.53725
5,6,6,94.5021,94.6983,98.2031,91.435,19165.46086,87.3524,59.3249,79.7052,47.2446,2768.143513,121318,59569,5580,55079,1090,7622,703,785,5955,179,83.5288
25,3,3,99.1065,99.1135,99.8928,98.3461,4204.921365,92.4429,69.556,74.6032,65.1485,3459.511341,121318,60594,1019,59640,65,7622,658,352,6388,224,83.52305
39,3,3,99.4411,99.4441,99.9654,98.9281,2553.972603,92.3117,69.2227,74.7166,64.4814,4410.623018,121318,60638,657,60002,21,7622,659,363,6377,223,83.51415
29,7,7,98.6877,98.704,99.9439,97.4945,5715.319067,91.1572,66.501,75.8503,59.2035,4382.044552,121318,60625,1558,59101,34,7622,669,461,6279,213,83.50375
4,6,6,93.7256,93.6724,92.8848,94.4734,20357.25611,91.1441,66.468,75.8503,59.1512,2007.363953,121318,56343,3296,57363,4316,7622,669,462,6278,213,83.4972
9,1,1,97.8379,97.8566,98.7108,97.0171,8957.748827,92.3904,69.4093,74.6032,64.8915,2323.212671,121318,59877,1841,58818,782,7622,658,356,6384,224,83.4968
6,6,6,96.2421,96.3418,98.968,93.8514,13708.99953,89.3204,62.7289,77.6644,52.6114,2445.041024,121318,60033,3933,56726,626,7622,685,617,6123,197,83.4924
42,1,1,99.451,99.4538,99.9538,98.9587,2197.888975,92.4692,69.5975,74.4898,65.3082,4193.834831,121318,60631,638,60021,28,7622,657,349,6391,225,83.4795
33,3,3,99.2779,99.283,99.9852,98.5906,3017.393337,92.01,68.4619,74.9433,63.0124,4032.694472,121318,60650,867,59792,9,7622,661,388,6352,221,83.47665
20,9,9,98.6037,98.6216,99.906,97.3698,6043.768231,91.4139,66.9697,75.5125,60.1633,3474.96522,121318,60602,1637,59022,57,7617,663,439,6300,215,83.4632
5,7,7,93.4552,93.8336,99.5912,88.7053,21121.67305,83.9937,54.5116,82.8798,40.6111,3208.163158,121318,60411,7692,52967,248,7622,731,1069,5671,151,83.43675
15,1,1,98.4718,98.4789,98.9367,98.0253,6638.491373,93.2826,71.7127,73.5828,69.9353,2733.417203,121318,60014,1209,59450,645,7622,649,279,6461,233,83.4327
24,1,1,99.0117,99.0206,99.9176,98.1395,4271.848307,91.7607,67.8279,75.0567,61.8692,3630.756438,121318,60609,1149,59510,50,7622,662,408,6332,220,83.4087
13,7,7,97.5766,97.6312,99.8797,95.4817,9578.446096,89.8321,63.6662,76.9841,54.2766,3360.198376,121318,60586,2867,57792,73,7622,679,572,6168,203,83.4081
5,9,9,93.1824,93.0447,91.2033,94.9621,21195.63746,91.9785,68.2597,74.8292,62.7507,2086.712239,121318,55323,2935,57724,5336,7617,657,390,6349,221,83.40385
37,2,2,98.7347,98.7503,99.9769,97.5533,5315.520819,90.0026,63.9887,76.7574,54.8622,4972.354919,121318,60645,1521,59138,14,7622,677,557,6183,205,83.38
8,4,4,97.4027,97.4403,98.8724,96.0491,10560.93688,91.7869,67.8645,74.9433,62.0075,2384.015862,121318,59975,2467,58192,684,7622,661,405,6335,221,83.3651
29,8,8,98.2319,98.2622,99.972,96.6098,7335.87719,89.6877,63.3396,76.9841,53.8035,4662.358799,121318,60642,2128,58531,17,7622,679,583,6157,203,83.3359
8,8,8,97.4489,97.4937,99.2384,95.8093,10263.39068,90.4618,64.8962,76.1905,56.5181,2653.780366,121318,60197,2633,58026,462,7622,672,517,6223,210,83.32615
25,5,5,98.7034,98.7185,99.8797,97.584,6303.561046,91.1309,66.3347,75.5102,59.1474,3795.336516,121318,60586,1500,59159,73,7622,666,460,6280,216,83.32055
6,7,7,96.4985,96.5728,98.6663,94.5662,13459.33228,90.3044,64.5564,76.3039,55.9435,2238.107644,121318,59850,3439,57220,809,7622,673,530,6210,209,83.30415
17,1,1,98.5839,98.5973,99.5401,97.6722,5908.055125,92.1149,68.6162,74.4898,63.6012,2923.273821,121318,60380,1439,59220,279,7622,657,376,6364,225,83.30235
16,6,6,96.9724,97.06,99.9522,94.3305,12168.46332,87.9166,60.1126,78.6848,48.6335,4247.006161,121318,60630,3644,57015,29,7622,694,733,6007,188,83.3007
10,1,1,98.1314,98.1591,99.639,96.7226,8020.840488,91.7607,67.7618,74.8299,61.9137,2562.987302,121318,60440,2048,58611,219,7622,660,406,6334,222,83.2953
29,4,4,99.2252,99.2304,99.9093,98.5607,3717.53634,92.889,70.5755,73.6961,67.7083,3303.559723,121318,60604,885,59774,55,7622,650,310,6430,232,83.29255
27,7,7,98.8798,98.8921,99.9901,97.818,4991.774878,91.5245,67.2081,75.0567,60.8456,4057.127514,121318,60653,1353,59306,6,7622,662,426,6314,220,83.2906
51,4,4,99.3505,99.3543,99.9439,98.7716,3310.586156,92.3117,69.0928,74.263,64.5957,4631.486586,121318,60625,754,59905,34,7622,655,359,6381,227,83.28735
7,6,6,96.6889,96.7793,99.4972,94.206,12415.74331,88.8743,61.7674,77.6644,51.2725,2718.109782,121318,60354,3712,56947,305,7622,685,651,6089,197,83.26935
26,4,4,98.8617,98.8736,99.9242,97.845,5229.117144,91.9444,68.1535,74.4898,62.8107,3510.671177,121318,60613,1335,59324,46,7622,657,389,6351,225,83.2171
6,0,0,96.1687,96.1943,96.8414,95.5559,14342.22862,91.8001,67.8001,74.6032,62.1341,2254.804535,121318,58743,2732,57927,1916,7622,658,401,6339,224,83.20165
26,3,3,99.2351,99.24,99.878,98.61,3592.06243,92.7578,70.1622,73.5828,67.0455,3277.272634,121318,60585,854,59805,74,7622,649,319,6421,233,83.1703
22,2,2,98.2253,98.253,99.8071,96.7465,7039.335371,89.6877,63.2367,76.644,53.8217,3808.642365,121318,60542,2036,58623,117,7622,676,580,6160,206,83.16585
48,8,8,98.1726,98.2053,99.9967,96.477,9480.862069,89.4516,62.7778,76.8707,53.0516,6093.2568,121318,60657,2215,58444,2,7622,678,600,6140,204,83.16115
30,5,5,99.245,99.2488,99.7593,98.7435,3578.776044,92.8496,70.3965,73.4694,67.5704,3582.894207,121318,60513,770,59889,146,7622,648,311,6429,234,83.1595
34,8,8,99.0842,99.0924,99.9868,98.2139,3980.053323,91.4721,67.0051,74.8299,60.6618,4435.405226,121318,60651,1103,59556,8,7622,660,428,6312,222,83.151
8,6,6,97.2016,97.2691,99.6752,94.9764,10654.57356,89.5434,62.9475,76.7574,53.3491,2570.737219,121318,60462,3198,57461,197,7622,677,592,6148,205,83.1504
49,9,9,99.2606,99.2658,99.9703,98.5712,3110.770393,92.0179,68.2008,74.2597,63.0561,5356.741215,121318,60641,879,59780,18,7617,652,382,6357,226,83.1388
10,0,0,97.5156,97.5611,99.3785,95.8089,10148.48573,91.2097,66.3992,75.0567,59.5324,2732.481652,121318,60282,2637,58022,377,7622,662,450,6290,220,83.1332
51,0,0,98.8946,98.9064,99.9654,97.8695,4939.389258,91.4983,67.0397,74.7166,60.7934,5793.152202,121318,60638,1320,59339,21,7622,659,425,6315,223,83.10745
58,5,5,99.0587,99.0658,99.8269,98.3163,4616.754684,91.7213,67.5578,74.4898,61.8062,5498.49398,121318,60554,1037,59622,105,7622,657,406,6334,225,83.10555
36,1,1,99.1485,99.1534,99.7247,98.5886,3707.921705,92.0493,68.3386,74.1497,63.3721,4350.703985,121318,60492,866,59793,167,7622,654,378,6362,228,83.0995
25,7,7,98.3869,98.4123,99.9901,96.8836,7046.681943,90.2257,64.2686,75.9637,55.6941,4259.9189,121318,60653,1951,58708,6,7622,670,533,6207,212,83.0947
18,5,5,98.8806,98.889,99.6357,98.1535,5369.000903,92.6397,69.79,73.4694,66.4615,2796.760917,121318,60438,1137,59522,221,7622,648,327,6413,234,83.05455
11,5,5,98.4776,98.4886,99.2103,97.7773,6966.53265,92.4692,69.3376,73.5828,65.5556,2498.408541,121318,60180,1368,59291,479,7622,649,341,6399,233,83.026
34,5,5,99.5194,99.5205,99.7494,99.2927,2430.773455,93.4532,71.9505,72.5624,71.3489,3532.14739,121318,60507,431,60228,152,7622,640,257,6483,242,83.0078
5,8,8,94.7601,94.9732,99.001,91.2604,18067.54243,86.4996,57.6717,79.4785,45.255,2838.61117,121318,60053,5751,54908,606,7622,701,848,5892,181,82.98905
25,2,2,99.2581,99.2628,99.8879,98.6455,3351.256447,92.1149,68.4183,73.8095,63.761,3423.754477,121318,60591,832,59827,68,7622,651,370,6370,231,82.9622
57,1,1,99.4988,99.5012,99.9637,99.0428,2281.928826,91.6557,67.3176,74.263,61.5602,5393.364004,121318,60637,586,60073,22,7622,655,409,6331,227,82.95935
26,1,1,99.1609,99.1671,99.9126,98.4327,3512.304297,92.3248,68.9326,73.5828,64.8352,3495.138486,121318,60606,965,59694,53,7622,649,352,6388,233,82.9538
13,1,1,97.7637,97.756,97.4184,98.0959,8812.095154,93.2695,71.3887,72.5624,70.2525,2673.233494,121318,59093,1147,59512,1566,7622,640,271,6469,242,82.91595
26,5,5,99.1955,99.2001,99.7659,98.6406,3674.762669,92.3511,68.9729,73.4694,64.995,3376.474278,121318,60517,834,59825,142,7622,648,349,6391,234,82.91025
3,8,8,89.8548,90.6841,98.757,83.8313,30814.03025,79.9921,49.819,85.8277,35.095,3547.374556,121318,59905,11554,49105,754,7622,757,1400,5340,125,82.9099
19,2,2,98.8122,98.8233,99.756,97.9079,5289.373551,91.8525,67.7403,73.9229,62.512,3185.921757,121318,60511,1293,59366,148,7622,652,391,6349,230,82.8877
39,9,9,98.8864,98.8984,99.972,97.8476,4553.521238,91.5058,66.8375,74.2597,60.7642,4350.471596,121318,60642,1334,59325,17,7617,652,421,6318,226,82.88275
12,6,6,97.5395,97.5897,99.6208,95.6397,9488.989569,89.8977,63.4725,75.8503,54.5677,3276.376204,121318,60429,2755,57904,230,7622,669,557,6183,213,82.874
18,4,4,98.5616,98.5803,99.8764,97.3174,6341.706269,91.5901,67.1113,74.1497,61.2933,3200.350889,121318,60584,1670,58989,75,7622,654,413,6327,228,82.8699
8,0,0,96.8067,96.8262,97.42,96.2396,11930.51734,91.7738,67.5298,73.9229,62.1544,2577.863289,121318,59094,2309,58350,1565,7622,652,397,6343,230,82.84835
29,1,1,99.4106,99.4139,99.967,98.8669,2694.931958,92.338,68.9031,73.356,64.9598,3883.842496,121318,60639,695,59964,20,7622,647,349,6391,235,82.847
18,7,7,98.9004,98.909,99.6868,98.1432,5371.742747,92.8759,70.2791,72.7891,67.9365,3121.70394,121318,60469,1144,59515,190,7622,642,303,6437,240,82.8325
47,7,7,99.4832,99.4855,99.9439,99.0313,2275.683468,92.6266,69.6216,73.0159,66.5289,4442.456751,121318,60625,593,60066,34,7622,644,324,6416,238,82.82125
36,8,8,98.9441,98.955,99.9868,97.9443,4653.153505,90.3437,64.3411,75.2834,56.176,4675.022923,121318,60651,1273,59386,8,7622,664,518,6222,218,82.81355
45,5,5,99.1436,99.1507,99.9802,98.3348,3581.590058,91.0129,65.7671,74.6032,58.8025,4494.096564,121318,60647,1027,59632,12,7622,658,461,6279,224,82.80805
40,8,8,98.6704,98.6862,99.8698,97.5303,5327.068039,91.3277,66.4637,74.263,60.1469,4264.209285,121318,60580,1534,59125,79,7622,655,434,6306,227,82.79535
51,5,5,99.6447,99.6458,99.9538,99.3397,1463.780179,93.1252,70.9212,72.449,69.4565,4243.416956,121318,60631,403,60256,28,7622,639,281,6459,243,82.7871
7,7,7,96.6872,96.6819,96.5265,96.8378,12532.88436,92.5216,69.3219,73.0159,65.9836,2223.247372,121318,58552,1912,58747,2107,7622,644,332,6408,238,82.76875
47,1,1,99.4758,99.4782,99.939,99.0216,2376.975375,92.5085,69.2846,73.0159,65.9161,4738.998586,121318,60622,599,60060,37,7622,644,333,6407,238,82.7622
43,8,8,99.273,99.278,99.9703,98.5952,3096.630158,91.0129,65.7329,74.4898,58.8183,5081.082756,121318,60641,864,59795,18,7622,657,460,6280,225,82.75135
54,5,5,99.6225,99.6237,99.9341,99.3152,1569.08007,92.6922,69.7447,72.7891,66.9447,4626.700987,121318,60619,418,60241,40,7622,642,317,6423,240,82.74065
23,2,2,98.7479,98.7578,99.545,97.983,4994.115365,91.6295,67.1134,73.8095,61.5312,3381.042527,121318,60383,1243,59416,276,7622,651,407,6333,231,82.7195
15,6,6,98.4199,98.4423,99.8599,97.0644,6755.62384,91.1178,65.9285,74.263,59.276,3203.924382,121318,60574,1832,58827,85,7622,655,450,6290,227,82.6904
44,5,5,99.6497,99.6505,99.8912,99.411,1589.208811,93.1383,70.8959,72.2222,69.6175,3804.218416,121318,60593,359,60300,66,7622,637,278,6462,245,82.68025
45,3,3,99.0133,99.0227,99.9703,98.0929,4652.45635,90.1469,63.8421,75.1701,55.4812,5669.166328,121318,60641,1179,59480,18,7622,663,532,6208,219,82.6585
27,0,0,98.8815,98.893,99.9242,97.8829,4510.76948,91.9181,67.7487,73.356,62.9377,4025.725392,121318,60613,1311,59348,46,7622,647,381,6359,235,82.63705
25,0,0,98.5649,98.5843,99.9324,97.2721,5884.064684,91.682,67.1843,73.5828,61.8095,3828.194846,121318,60618,1700,58959,41,7622,649,401,6339,233,82.6324
13,8,8,98.3803,98.3997,99.5912,97.2364,6910.653804,91.7607,67.3597,73.4694,62.1881,2827.052825,121318,60411,1717,58942,248,7622,648,394,6346,234,82.61505
46,5,5,99.6761,99.6769,99.9505,99.4048,1492.502152,92.8496,70.0714,72.3356,67.9446,3647.060262,121318,60629,363,60296,30,7622,638,301,6439,244,82.5926
54,4,4,99.5466,99.5484,99.9407,99.1593,2034.058914,92.6922,69.6458,72.449,67.0514,4318.424775,121318,60623,514,60145,36,7622,639,314,6426,243,82.5706
34,6,6,98.7669,98.7815,99.9703,97.6207,5658.018173,90.6324,64.7929,74.4898,57.3298,4438.080072,121318,60641,1478,59181,18,7622,657,489,6251,225,82.5611
9,5,5,97.1472,97.1325,96.6353,97.6348,11477.62586,93.112,70.7521,71.9955,69.5509,2235.735887,121318,58618,1420,59239,2041,7622,635,278,6462,247,82.55375
48,3,3,99.8162,99.8165,99.9786,99.6549,1025.283558,92.6266,69.4565,72.449,66.7015,4813.786917,121318,60646,210,60449,13,7622,639,319,6421,243,82.5378
12,9,9,98.471,98.4875,99.5664,97.4318,6998.846341,92.6218,69.3566,72.4374,66.5272,2713.315192,121318,60396,1592,59067,263,7617,636,320,6419,242,82.5296
24,9,9,99.146,99.1529,99.9604,98.3584,3814.266,92.1623,68.1939,72.8929,64.0641,3390.80009,121318,60635,1012,59647,24,7617,640,359,6380,238,82.5276
42,2,2,99.6307,99.6318,99.9143,99.3509,1670.583416,92.6004,69.3811,72.449,66.5625,4476.974569,121318,60607,396,60263,52,7622,639,321,6419,243,82.5247
44,3,3,99.6414,99.642,99.7972,99.4872,1619.857327,93.1383,70.7984,71.8821,69.747,4310.073233,121318,60536,312,60347,123,7622,634,275,6465,248,82.5102
20,1,1,98.8526,98.8583,99.3488,98.3725,5228.056633,93.2432,71.0837,71.7687,70.4116,3259.597706,121318,60264,997,59662,395,7622,633,266,6474,249,82.50595
27,9,9,99.1741,99.1797,99.8648,98.504,3729.992914,92.6874,69.5129,72.3235,66.9125,3604.55508,121318,60577,920,59739,82,7617,635,314,6425,243,82.50545
56,3,3,99.7214,99.7222,99.9984,99.4475,1401.359843,92.5479,69.2308,72.449,66.2863,5133.462736,121318,60658,337,60322,1,7622,639,325,6415,243,82.49845
23,0,0,98.9581,98.9678,99.8994,98.0534,4420.363568,92.2068,68.3706,72.7891,64.4578,3956.661346,121318,60598,1203,59456,61,7622,642,354,6386,240,82.49795
34,7,7,98.9062,98.9173,99.9308,97.9241,4676.308852,91.4065,66.4619,73.5828,60.5976,4428.129625,121318,60617,1285,59374,42,7622,649,422,6318,233,82.49465
10,9,9,96.9716,97.009,98.2212,95.8263,11380.05079,90.8232,65.0675,74.1458,57.9697,2775.337516,121318,59580,2595,58064,1079,7617,651,472,6267,227,82.4845
22,0,0,99.0397,99.0481,99.9192,98.192,4474.701404,92.2592,68.4829,72.6757,64.7475,3982.767139,121318,60610,1116,59543,49,7622,641,349,6391,241,82.46745
38,3,3,99.5409,99.5428,99.9522,99.1367,2166.250116,92.4429,68.932,72.449,65.7407,4302.257518,121318,60630,528,60131,29,7622,639,333,6407,243,82.44595
12,4,4,98.3547,98.3653,99.001,97.7377,7369.842608,93.0071,70.4053,71.8821,68.988,2602.874571,121318,60053,1390,59269,606,7622,634,285,6455,248,82.4446
38,1,1,99.559,99.5605,99.906,99.2174,1866.485086,92.6004,69.3145,72.2222,66.6318,4122.067148,121318,60602,478,60181,57,7622,637,319,6421,245,82.4113
44,6,6,99.1724,99.179,99.972,98.3985,3494.238253,91.0785,65.6566,73.6961,59.1985,4950.945166,121318,60642,987,59672,17,7622,650,448,6292,232,82.3873
8,9,9,97.3392,97.3487,97.6953,97.0045,10898.08149,92.5561,69.1008,72.2096,66.2487,2199.01454,121318,59261,1830,58829,1398,7617,634,323,6416,244,82.38285
32,4,4,98.4396,98.4623,99.911,97.055,6767.255855,90.37,64.1251,74.3764,56.3574,4047.971989,121318,60605,1839,58820,54,7622,656,508,6232,226,82.3732
27,2,2,99.2796,99.2841,99.9044,98.6714,3397.059143,92.1805,68.2303,72.5624,64.3863,3592.52725,121318,60601,816,59843,58,7622,640,354,6386,242,82.37145
46,8,8,99.4477,99.4507,99.9967,98.9107,2650.626605,91.4721,66.5294,73.2426,60.9434,5181.946634,121318,60657,668,59991,2,7622,646,414,6326,236,82.35735
36,7,7,99.2565,99.2616,99.9505,98.5821,3311.039315,91.7345,67.119,72.9025,62.1857,4427.428273,121318,60629,872,59787,30,7622,643,391,6349,239,82.3185
44,4,4,99.4337,99.4365,99.9341,98.9439,3031.06785,92.6397,69.361,71.9955,66.9125,4143.814111,121318,60619,647,60012,40,7622,635,314,6426,247,82.3176
48,9,9,99.3521,99.3561,99.9786,98.7414,2719.116445,91.5846,66.6667,73.0068,61.3397,4954.655394,121318,60646,773,59886,13,7617,641,404,6335,237,82.2957
56,4,4,99.6241,99.6247,99.7873,99.4627,1598.28382,93.3613,71.2826,71.2018,71.3636,3812.131143,121318,60530,327,60332,129,7622,628,252,6488,254,82.28155
36,6,6,99.1337,99.1411,99.9918,98.3047,3816.614913,91.1834,65.8189,73.356,59.6863,4788.165958,121318,60654,1046,59613,5,7622,647,437,6303,235,82.2697
15,2,2,98.6919,98.7014,99.4263,97.987,5938.508841,92.1805,68.1624,72.3356,64.4444,2897.328651,121318,60311,1239,59420,348,7622,638,352,6388,244,82.25805
12,8,8,98.1998,98.2171,99.1691,97.2831,7498.232272,91.7869,67.1908,72.6757,62.4756,3024.219888,121318,60155,1680,58979,504,7622,641,385,6355,241,82.2313
58,8,8,99.3076,99.3123,99.9852,98.6484,3189.298646,90.7636,64.8703,73.6961,57.9323,5682.53496,121318,60650,831,59828,9,7622,650,472,6268,232,82.22985
18,2,2,98.9433,98.9495,99.5351,98.3707,4866.877785,92.4429,68.7974,71.9955,65.8714,3020.691078,121318,60377,1000,59659,282,7622,635,329,6411,247,82.2192
53,1,1,99.6431,99.6438,99.8351,99.4531,1454.900829,93.217,70.8404,71.2018,70.4826,4602.433567,121318,60559,333,60326,100,7622,628,263,6477,254,82.2094
14,5,5,98.363,98.3619,98.2954,98.4284,7472.627224,93.322,71.1288,71.0884,71.1691,2542.05746,121318,59625,952,59707,1034,7622,627,254,6486,255,82.2052
33,5,5,99.4593,99.4607,99.7214,99.2013,2553.714134,93.322,71.1288,71.0884,71.1691,3482.974029,121318,60490,487,60172,169,7622,627,254,6486,255,82.2052
31,5,5,99.4304,99.4323,99.7659,99.101,2846.674295,92.9677,70.1559,71.4286,68.9278,3536.496487,121318,60517,549,60110,142,7622,630,284,6456,252,82.19815
9,0,0,97.0046,97.0079,97.1167,96.8994,11551.68022,92.5085,68.9505,71.8821,66.2487,2600.340953,121318,58910,1885,58774,1749,7622,634,323,6417,248,82.1953
39,5,5,99.6579,99.6587,99.8961,99.4225,1948.077475,93.4007,71.339,70.9751,71.7068,3698.9977,121318,60596,352,60307,63,7622,626,247,6493,256,82.1879
22,8,8,99.1147,99.12,99.7197,98.5275,4002.582839,92.7053,69.4505,71.6553,67.3774,3599.888936,121318,60489,904,59755,170,7622,632,306,6434,250,82.1803
53,5,5,99.7082,99.7088,99.9242,99.4944,1353.418291,93.1514,70.6412,71.2018,70.0893,4543.932811,121318,60613,308,60351,46,7622,628,268,6472,254,82.1766
41,7,7,99.4197,99.4229,99.967,98.8846,2613.377893,92.3511,68.5375,71.9955,65.3965,4094.154078,121318,60639,684,59975,20,7622,635,336,6404,247,82.1733
32,6,6,98.7141,98.7298,99.9472,97.5416,5907.780652,90.6324,64.5482,73.6961,57.4205,4543.439241,121318,60627,1528,59131,32,7622,650,482,6258,232,82.16425
35,2,2,99.5697,99.571,99.8764,99.2676,1935.389584,92.6528,69.2982,71.6553,67.0913,4114.867929,121318,60584,447,60212,75,7622,632,310,6430,250,82.15405
55,7,7,99.4815,99.4842,100,98.9737,2260.764829,91.7345,67.0157,72.5624,62.2568,5388.048127,121318,60659,629,60030,0,7622,640,388,6352,242,82.14845
59,7,7,99.5928,99.5943,99.9555,99.2357,1905.132538,91.8263,67.2278,72.449,62.7085,5359.390792,121318,60632,467,60192,27,7622,639,380,6360,243,82.13765
27,3,3,99.2499,99.2547,99.8895,98.6278,3718.221039,92.3904,68.6147,71.8821,65.6315,3621.169841,121318,60592,843,59816,67,7622,634,332,6408,248,82.13625
23,5,5,99.376,99.378,99.7016,99.0566,3428.072758,93.3744,71.2251,70.8617,71.5922,2944.533946,121318,60478,576,60083,181,7622,625,248,6492,257,82.11805
51,9,9,99.5236,99.5256,99.9538,99.101,2164.879466,92.0966,67.773,72.0957,63.9394,5292.32692,121318,60631,550,60109,28,7617,633,357,6382,245,82.09615
26,2,2,99.3834,99.3854,99.7082,99.0647,2929.42573,93.217,70.7744,70.9751,70.575,3264.456363,121318,60482,571,60088,177,7622,626,261,6479,256,82.09605
35,0,0,99.3422,99.3463,99.9604,98.7396,2806.85114,92.7447,69.4981,71.4286,67.6692,4397.434713,121318,60635,774,59885,24,7622,630,301,6439,252,82.08665
22,5,5,99.1708,99.1761,99.8154,98.5449,4013.255214,92.2855,68.319,71.8821,65.0924,2926.526192,121318,60547,894,59765,112,7622,634,340,6400,248,82.0838
30,2,2,99.2507,99.2524,99.4791,99.0268,3077.80407,93.2695,70.9019,70.8617,70.9421,3563.067218,121318,60343,593,60066,316,7622,625,256,6484,257,82.0656
3,7,7,86.7274,88.1693,98.9152,79.5295,40757.02832,74.3243,44.7331,89.7959,29.7856,4851.85684,121318,60001,15444,45215,658,7622,792,1867,4873,90,82.0601
25,8,8,98.7768,98.7894,99.822,97.778,5081.763276,91.0785,65.4472,73.0159,59.3002,3928.834519,121318,60551,1376,59283,108,7622,644,442,6298,238,82.0472
30,7,7,98.9969,99.0059,99.9077,98.1203,4334.916679,91.0522,65.3807,73.0159,59.1912,4318.103365,121318,60603,1161,59498,56,7622,644,444,6296,238,82.03405
46,0,0,99.2408,99.2465,99.9918,98.5123,3861.907918,91.8394,67.1941,72.2222,62.8205,5896.548626,121318,60654,916,59743,5,7622,637,377,6363,245,82.0308
50,2,2,99.531,99.5319,99.723,99.3415,1711.716381,92.7316,69.426,71.3152,67.6344,4767.967789,121318,60491,401,60258,168,7622,629,301,6439,253,82.0234
47,6,6,99.5565,99.5584,99.9769,99.1434,1798.862057,92.3511,68.4353,71.6553,65.4922,4885.838688,121318,60645,524,60135,14,7622,632,333,6407,250,82.0032
34,2,2,99.3472,99.3477,99.4296,99.266,2733.185745,93.1383,70.502,70.8617,70.1459,3908.375618,121318,60313,446,60213,346,7622,625,266,6474,257,82
24,8,8,98.9936,99.0025,99.8895,98.1311,4356.705115,91.9969,67.5532,71.9955,63.6273,3815.661575,121318,60592,1154,59505,67,7622,635,363,6377,247,81.9962
22,7,7,99.0183,99.0253,99.7379,98.3228,4534.825388,92.1543,67.9185,71.7687,64.4603,3459.26945,121318,60500,1032,59627,159,7622,633,349,6391,249,81.9615
24,7,7,99.0546,99.0584,99.4642,98.6559,4331.516831,92.7184,69.3539,71.2018,67.5996,3274.737481,121318,60334,822,59837,325,7622,628,301,6439,254,81.9601
4,9,9,91.7251,91.325,87.1132,95.9647,25640.79589,92.7005,69.2137,71.1845,67.3491,1802.664446,121318,52842,2222,58437,7817,7617,625,303,6436,253,81.9425
35,5,5,99.5433,99.5442,99.7263,99.3627,2188.967527,93.4663,71.3793,70.4082,72.3776,3410.650311,121318,60493,388,60271,166,7622,621,237,6503,261,81.93725
27,8,8,99.109,99.1151,99.8088,98.4311,3873.043394,92.1018,67.773,71.7687,64.1988,3876.440648,121318,60543,965,59694,116,7622,633,353,6387,249,81.93525
22,3,3,99.1757,99.1815,99.878,98.4946,4110.871122,91.8657,67.1958,71.9955,62.996,3276.387701,121318,60585,926,59733,74,7622,635,373,6367,247,81.9306
55,3,3,99.7981,99.7984,99.9769,99.6205,1044.334363,92.8759,69.7493,70.9751,68.5652,4815.493389,121318,60645,231,60428,14,7622,626,287,6453,256,81.9255
15,7,7,98.6803,98.6829,98.8724,98.4941,6030.999619,93.873,72.5456,69.9546,75.3358,2824.065427,121318,59975,917,59742,684,7622,617,202,6538,265,81.9138
10,6,6,97.9723,98.0026,99.4889,96.5599,8581.232085,90.9866,65.1446,72.7891,58.9532,2913.092413,121318,60349,2150,58509,310,7622,642,447,6293,240,81.88785
23,9,9,99.0752,99.0817,99.789,98.3844,4167.798182,92.3592,68.3007,71.4123,65.4489,3335.917069,121318,60531,994,59665,128,7617,627,331,6408,251,81.88575
27,5,5,99.2334,99.2378,99.8137,98.6686,3633.212607,92.338,68.3297,71.4286,65.4886,3462.88129,121318,60546,817,59842,113,7622,630,332,6408,252,81.8833
36,2,2,99.4131,99.416,99.911,98.9259,2695.237446,91.4196,66.114,72.3356,60.8779,4841.32241,121318,60605,658,60001,54,7622,638,410,6330,244,81.8776
20,8,8,98.8015,98.8126,99.7395,97.9028,5395.749969,92.0493,67.5936,71.6553,63.9676,3511.21398,121318,60501,1296,59363,158,7622,632,356,6384,250,81.8523
17,3,3,98.9754,98.9802,99.4428,98.5219,4829.936794,93.0464,70.1577,70.6349,69.6868,2926.734318,121318,60321,905,59754,338,7622,623,271,6469,259,81.84065
31,9,9,98.8188,98.8306,99.8236,97.8571,5090.860224,91.5846,66.387,72.0957,61.516,4072.702168,121318,60552,1326,59333,107,7617,633,396,6343,245,81.84015
56,9,9,99.5096,99.5115,99.9011,99.1249,1965.34383,92.3592,68.2661,71.2984,65.4812,5007.179743,121318,60599,535,60124,60,7617,626,330,6409,252,81.8288
41,4,4,99.4972,99.4993,99.9159,99.0861,2583.417651,92.7578,69.3674,70.8617,67.9348,3860.313431,121318,60608,559,60100,51,7622,625,295,6445,257,81.80975
57,4,4,99.5219,99.5234,99.8236,99.2249,2203.971794,92.5085,68.7123,71.0884,66.4899,4428.449166,121318,60552,473,60186,107,7622,627,316,6424,255,81.79845
21,9,9,98.8345,98.838,99.1411,98.5368,5015.585393,93.1994,70.4675,70.3872,70.5479,3153.597841,121318,60138,893,59766,521,7617,618,258,6481,260,81.7933
8,2,2,95.6016,95.5139,93.6448,97.459,15144.93594,92.9415,69.843,70.6349,69.0687,2380.94023,121318,56804,1481,59178,3855,7622,623,279,6461,259,81.7882
17,6,6,98.4982,98.517,99.7692,97.2959,6225.604384,90.9866,65.0382,72.449,59.0028,3219.947635,121318,60519,1682,58977,140,7622,639,444,6296,243,81.7178
45,4,4,99.5829,99.5843,99.9077,99.2629,2185.568199,93.0202,70.0113,70.4082,69.6188,3661.560088,121318,60603,450,60209,56,7622,621,271,6469,261,81.7142
42,9,9,99.3208,99.3252,99.9736,98.6851,2908.622549,91.8997,67.0582,71.5262,63.1156,4545.344105,121318,60643,808,59851,16,7617,628,367,6372,250,81.71295
40,9,9,99.4016,99.4049,99.9604,98.8555,2424.663123,92.2148,67.8242,71.1845,64.7668,4364.987835,121318,60635,702,59957,24,7617,625,340,6399,253,81.69965
24,4,4,99.17,99.1748,99.7544,98.6019,4037.818279,92.0756,67.5618,71.3152,64.1837,3530.377491,121318,60510,858,59801,149,7622,629,351,6389,253,81.6954
21,3,3,99.1114,99.1137,99.3719,98.8569,4266.74902,92.7447,69.2607,70.6349,67.9389,3060.323613,121318,60278,697,59962,381,7622,623,294,6446,259,81.6898
30,0,0,99.1427,99.1491,99.8862,98.4227,3855.908899,92.2724,68.0412,71.0884,65.2445,4417.845522,121318,60590,971,59688,69,7622,627,334,6406,255,81.6804
11,6,6,98.2806,98.3055,99.7527,96.8997,7619.787856,91.2097,65.4995,72.1088,60,2963.453233,121318,60509,1936,58723,150,7622,636,424,6316,246,81.65925
53,3,3,99.6843,99.6847,99.8137,99.556,1434.747762,93.217,70.5077,70.068,70.9529,4606.786941,121318,60546,270,60389,113,7622,618,253,6487,264,81.6425
16,9,9,98.3704,98.3839,99.2054,97.5759,6835.65912,91.7553,66.6667,71.5262,62.4254,3194.084863,121318,60177,1495,59164,482,7617,628,378,6361,250,81.64075
29,6,6,99.2491,99.2542,99.9407,98.5772,3374.635163,91.3802,65.8701,71.8821,60.7862,3928.341142,121318,60623,875,59784,36,7622,634,409,6331,248,81.63115
9,6,6,97.7382,97.7645,98.9169,96.6387,9360.749052,91.249,65.5653,71.9955,60.1896,2604.542274,121318,60002,2087,58572,657,7622,635,420,6320,247,81.62225
18,0,0,98.996,99.0032,99.7115,98.3048,4609.126128,92.4823,68.5338,70.7483,66.4537,3248.046061,121318,60484,1043,59616,175,7622,624,315,6425,258,81.6153
50,8,8,99.6118,99.6132,99.9769,99.2521,1863.551066,92.1412,67.674,71.0884,64.5726,4941.169495,121318,60645,457,60202,14,7622,627,344,6396,255,81.6148
21,2,2,98.6061,98.6033,98.4025,98.8049,5764.292507,93.2826,70.6422,69.8413,71.4617,3119.329503,121318,59690,722,59937,969,7622,616,246,6494,266,81.56195
49,0,0,99.3752,99.3783,99.8665,98.8948,2645.479164,92.6004,68.8053,70.5215,67.1706,4954.586848,121318,60578,677,59982,81,7622,622,304,6436,260,81.56095
55,2,2,99.6291,99.6302,99.9291,99.333,1821.297766,91.8001,66.8083,71.3152,62.8372,5475.670728,121318,60616,407,60252,43,7622,629,372,6368,253,81.55765
42,4,4,99.4444,99.446,99.7263,99.1672,2703.197415,93.3613,70.8525,69.7279,72.0141,3798.981404,121318,60493,508,60151,166,7622,615,239,6501,267,81.5446
48,6,6,99.5054,99.5077,99.9654,99.0542,2241.690069,92.0887,67.4933,70.9751,64.3371,4837.48098,121318,60638,579,60080,21,7622,626,347,6393,256,81.5319
17,4,4,98.6894,98.6921,98.8971,98.488,5728.777632,93.217,70.4403,69.8413,71.0496,2771.512972,121318,59990,921,59738,669,7622,616,251,6489,266,81.52915
31,4,4,99.0999,99.1031,99.4576,98.7511,3945.100713,92.6397,68.8852,70.4082,67.4267,3472.710356,121318,60330,763,59896,329,7622,621,300,6440,261,81.52395
26,8,8,99.3323,99.336,99.8912,98.787,3211.782267,92.6266,68.847,70.4082,67.3536,3617.282712,121318,60593,744,59915,66,7622,621,301,6439,261,81.5174
35,7,7,99.2689,99.2716,99.6505,98.8957,2999.594798,92.7316,69.1193,70.2948,67.9825,3831.399652,121318,60447,675,59984,212,7622,620,292,6448,262,81.5132
38,9,9,99.4131,99.4157,99.85,98.9851,2487.41792,93.0944,70.0114,69.9317,70.0913,4048.896384,121318,60568,621,60038,91,7617,614,262,6477,264,81.51305
25,4,4,99.0298,99.0305,99.1048,98.9564,4367.294668,93.4007,70.9417,69.6145,72.3204,3332.711621,121318,60116,634,60025,543,7622,614,235,6505,268,81.5076
36,0,0,99.5738,99.5756,99.9769,99.1774,2097.916996,92.7053,69.0423,70.2948,67.8337,4528.432536,121318,60645,503,60156,14,7622,620,294,6446,262,81.50005
48,5,5,99.7296,99.7299,99.822,99.638,1356.110649,93.3744,70.8598,69.6145,72.1504,3986.951538,121318,60551,220,60439,108,7622,614,237,6503,268,81.49445
31,8,8,99.3051,99.3098,99.9819,98.6467,3239.757272,91.8657,66.9157,71.0884,63.2056,4043.345145,121318,60648,832,59827,11,7622,627,365,6375,255,81.47705
29,2,2,99.4758,99.4775,99.8187,99.1388,2497.42782,92.5085,68.5052,70.4082,66.7025,3648.444722,121318,60549,526,60133,110,7622,621,310,6430,261,81.45835
52,2,2,99.5953,99.5952,99.5697,99.6206,1695.489744,92.9415,69.6388,69.9546,69.3258,4385.06806,121318,60398,230,60429,261,7622,617,273,6467,265,81.44805
37,8,8,99.5063,99.5085,99.967,99.0542,2387.606786,92.1936,67.6806,70.6349,64.9635,3861.854762,121318,60639,579,60080,20,7622,623,336,6404,259,81.41425
33,0,0,99.367,99.3704,99.9192,98.8276,2799.468782,92.5216,68.5083,70.2948,66.8103,4454.326029,121318,60610,719,59940,49,7622,620,308,6432,262,81.4082
40,3,3,99.4807,99.4813,99.5994,99.3635,2145.501549,93.1645,70.2115,69.6145,70.8189,4004.285323,121318,60416,387,60272,243,7622,614,253,6487,268,81.3895
42,3,3,99.5458,99.5458,99.5318,99.5597,1989.33123,93.4794,71.0878,69.2744,72.9988,4055.612662,121318,60375,267,60392,284,7622,611,226,6514,271,81.3769
24,2,2,99.1403,99.141,99.2202,99.0618,4001.294037,92.9021,69.4867,69.8413,69.1358,3140.490651,121318,60186,570,60089,473,7622,616,275,6465,266,81.3717
20,0,0,99.0669,99.0738,99.8104,98.348,4231.537677,92.2199,67.7191,70.5215,65.1309,3682.580981,121318,60544,1017,59642,115,7622,622,333,6407,260,81.3707
40,2,2,99.2276,99.2263,99.0504,99.4028,3186.278734,93.1252,70.0913,69.6145,70.5747,3457.55156,121318,60083,361,60298,576,7622,614,256,6484,268,81.36985
31,2,2,99.2301,99.2295,99.1444,99.3147,3178.648494,93.217,70.3385,69.5011,71.1963,3841.854922,121318,60140,415,60244,519,7622,613,248,6492,269,81.35905
34,1,1,99.5565,99.5572,99.7132,99.4018,1832.62142,93.4269,70.9228,69.2744,72.6516,3871.834104,121318,60485,364,60295,174,7622,611,230,6510,271,81.35065
41,5,5,99.6769,99.6773,99.8071,99.5478,1689.427419,93.1908,70.2579,69.5011,71.0313,3539.133571,121318,60542,275,60384,117,7622,613,250,6490,269,81.34595
25,1,1,99.3233,99.3244,99.4922,99.1571,3404.730292,93.2957,70.5476,69.3878,71.7468,3233.113896,121318,60351,513,60146,308,7622,612,241,6499,270,81.34175
31,0,0,99.2202,99.2259,99.9538,98.5085,3336.372914,91.6951,66.4191,70.9751,62.4128,4373.64714,121318,60631,918,59741,28,7622,626,377,6363,256,81.3351
24,0,0,99.2598,99.2644,99.8813,98.655,3353.169449,92.4823,68.36,70.1814,66.6308,3940.242545,121318,60587,826,59833,72,7622,619,310,6430,263,81.33185
37,9,9,99.5376,99.5392,99.8846,99.1961,2096.201511,92.845,69.2264,69.8178,68.645,3808.59114,121318,60589,491,60168,70,7617,613,280,6459,265,81.3314
37,3,3,99.6711,99.672,99.939,99.4064,1680.761401,92.666,68.8232,69.9546,67.7278,4318.278155,121318,60622,362,60297,37,7622,617,294,6446,265,81.3103
19,3,3,98.771,98.7703,98.7174,98.8233,5390.367598,93.0596,69.8575,69.5011,70.2176,3005.871569,121318,59881,713,59946,778,7622,613,260,6480,269,81.28035
23,4,4,99.1864,99.1897,99.5928,98.7899,4110.447381,92.4429,68.2119,70.068,66.4516,3109.915235,121318,60412,740,59919,247,7622,618,312,6428,264,81.25545
32,3,3,99.4477,99.4499,99.8467,99.0563,2658.243519,91.9837,67.062,70.5215,63.926,4081.006543,121318,60566,577,60082,93,7622,622,351,6389,260,81.2526
41,2,2,99.4527,99.4524,99.4098,99.4951,1974.832095,93.322,70.561,69.161,72.0189,4143.939956,121318,60301,306,60353,358,7622,610,237,6503,272,81.2415
28,4,4,99.3093,99.311,99.5615,99.0618,3332.930894,93.0727,69.863,69.3878,70.3448,3302.521619,121318,60393,572,60087,266,7622,612,258,6482,270,81.23025
14,8,8,98.7001,98.7065,99.1972,98.2208,5890.933104,92.6004,68.5969,69.8413,67.3961,2953.635861,121318,60172,1090,59569,487,7622,616,298,6442,266,81.22085
24,3,3,99.1213,99.121,99.0867,99.1554,4073.818934,93.2432,70.317,69.161,71.5123,3084.17048,121318,60105,512,60147,554,7622,610,243,6497,272,81.2021
52,4,4,99.6752,99.6761,99.9522,99.4016,1620.898052,92.5479,68.4444,69.8413,67.1024,4040.159202,121318,60630,365,60294,29,7622,616,302,6438,266,81.1946
33,7,7,99.5895,99.5903,99.789,99.3925,2221.932141,93.112,69.9485,69.2744,70.6358,3753.168667,121318,60531,370,60289,128,7622,611,254,6486,271,81.1932
13,4,4,98.2146,98.2145,98.208,98.221,7256.976662,92.994,69.6246,69.3878,69.863,2629.004564,121318,59572,1079,59580,1087,7622,612,264,6476,270,81.1909
43,1,1,99.7395,99.7399,99.8928,99.5875,1129.956051,93.1645,70.0747,69.161,71.0128,4465.633771,121318,60594,251,60408,65,7622,610,249,6491,272,81.16275
28,2,2,99.109,99.1098,99.207,99.0128,3654.931556,92.5872,68.5237,69.7279,67.3604,3571.307866,121318,60178,600,60059,481,7622,615,298,6442,267,81.15755
41,3,3,99.3463,99.3444,99.057,99.6335,2461.310472,93.4663,70.9112,68.8209,73.1325,3979.416263,121318,60087,221,60438,572,7622,607,223,6517,275,81.1436
59,4,4,99.8318,99.832,99.9456,99.7187,1021.778618,93.2039,70.1613,69.0476,71.3115,4135.454571,121318,60626,171,60488,33,7622,609,245,6495,273,81.12575
34,9,9,99.5936,99.595,99.9291,99.2631,2005.008163,92.9762,69.446,69.2483,69.6449,3725.606511,121318,60616,450,60209,43,7617,608,265,6474,270,81.11225
42,0,0,99.5714,99.5731,99.9835,99.1661,1854.135049,92.4823,68.2196,69.7279,66.7752,4936.452269,121318,60649,510,60149,10,7622,615,306,6434,267,81.1051
25,9,9,99.1708,99.1741,99.5747,98.7768,3916.131885,93.0681,69.69,69.1344,70.2546,3313.586677,121318,60401,748,59911,258,7617,607,257,6482,271,81.10125
43,0,0,99.4667,99.4689,99.8846,99.0567,2285.499486,92.561,68.4123,69.6145,67.2508,4565.375048,121318,60589,577,60082,70,7622,614,299,6441,268,81.08775
48,1,1,99.6818,99.6821,99.7824,99.5821,1306.476426,92.994,69.5553,69.161,69.9541,4195.15704,121318,60527,254,60405,132,7622,610,262,6478,272,81.0775
17,0,0,98.3267,98.3273,98.363,98.2917,6786.367225,92.9677,69.4761,69.161,69.7941,3378.64489,121318,59666,1037,59622,993,7622,610,264,6476,272,81.06435
53,2,2,99.3793,99.3795,99.4049,99.3541,2287.730438,92.994,69.5205,69.0476,70,4539.497395,121318,60298,392,60267,361,7622,609,261,6479,273,81.0208
49,5,5,99.573,99.5726,99.4708,99.6746,1628.846974,93.7812,71.7521,68.254,75.6281,3851.68274,121318,60338,197,60462,321,7622,602,194,6546,280,81.0176
58,6,6,99.3933,99.3969,99.9934,98.8076,2312.041926,91.4327,65.5772,70.5215,61.2808,4964.170102,121318,60655,732,59927,4,7622,622,393,6347,260,80.9771
30,3,3,98.9861,98.9836,98.7372,99.2312,4272.45278,93.545,71.0247,68.3673,73.8971,3154.525074,121318,59893,464,60195,766,7622,603,213,6527,279,80.95615
56,5,5,99.7568,99.7569,99.7972,99.7167,1182.867716,93.1776,69.9769,68.7075,71.2941,4580.260865,121318,60536,172,60487,123,7622,606,244,6496,276,80.94255
43,9,9,99.6192,99.62,99.8351,99.4058,1607.46445,92.7399,68.704,69.1344,68.279,4433.389614,121318,60559,362,60297,100,7617,607,282,6457,271,80.93715
18,8,8,99.0232,99.0263,99.3389,98.7156,4623.669438,93.0464,69.6101,68.8209,70.4176,3199.643364,121318,60258,784,59875,401,7622,607,255,6485,275,80.93365
46,6,6,99.2581,99.2627,99.8764,98.6565,2924.539077,91.6557,66.0619,70.1814,62.3992,4387.734756,121318,60584,825,59834,75,7622,619,373,6367,263,80.91855
14,0,0,98.2435,98.2499,98.6086,97.8937,7310.012291,92.666,68.5779,69.161,68.0045,3153.673161,121318,59815,1287,59372,844,7622,610,287,6453,272,80.9135
31,6,6,99.1213,99.1283,99.9209,98.3482,3833.899041,91.8394,66.4871,69.9546,63.347,4021.445441,121318,60611,1018,59641,48,7622,617,357,6383,265,80.897
56,2,2,99.3579,99.361,99.8434,98.8832,2758.87099,90.7898,64.0737,70.9751,58.3955,5903.189058,121318,60564,684,59975,95,7622,626,446,6294,256,80.88245
38,2,2,99.6818,99.6822,99.7857,99.5788,1553.034665,92.8234,68.9733,68.9342,69.0125,4298.227194,121318,60529,256,60403,130,7622,608,273,6467,274,80.8788
28,5,5,99.4675,99.4685,99.6456,99.292,2711.604851,93.0464,69.5752,68.7075,70.4651,3379.060425,121318,60444,431,60228,215,7622,606,254,6486,276,80.87695
43,5,5,99.6348,99.6354,99.7923,99.479,1770.662468,93.1514,69.8614,68.5941,71.1765,3964.606692,121318,60533,317,60342,126,7622,605,245,6495,277,80.87275
58,3,3,99.6901,99.6899,99.639,99.7409,1380.91793,93.4794,70.7819,68.254,73.5043,4387.734915,121318,60440,157,60502,219,7622,602,217,6523,280,80.8667
23,3,3,99.1081,99.1081,99.1048,99.1114,4150.117568,92.7709,68.8172,68.9342,68.7006,3069.537196,121318,60116,539,60120,543,7622,608,277,6463,274,80.85255
49,3,3,99.6851,99.6849,99.6291,99.7409,1479.045986,93.3351,70.3617,68.3673,72.476,4656.045928,121318,60434,157,60502,225,7622,603,229,6511,279,80.8512
36,5,5,99.6184,99.6189,99.761,99.4772,1910.192264,93.0989,69.7005,68.5941,70.8431,3193.311508,121318,60514,318,60341,145,7622,605,249,6491,277,80.8465
47,0,0,99.6571,99.6582,99.9868,99.3318,1450.36604,92.2986,67.587,69.3878,65.8773,5226.702855,121318,60651,408,60251,8,7622,612,317,6423,270,80.8432
20,6,6,98.8823,98.8914,99.7016,98.0942,4974.885108,91.6951,66.0953,69.9546,62.6396,3613.54209,121318,60478,1175,59484,181,7622,617,368,6372,265,80.82485
28,7,7,99.2936,99.2967,99.7329,98.8642,3272.957692,92.4692,68.0045,69.161,66.886,3620.757854,121318,60497,695,59964,162,7622,610,302,6438,272,80.8151
54,7,7,99.8154,99.8155,99.883,99.7481,948.7465206,93.3744,70.4506,68.254,72.7932,4197.749798,121318,60588,153,60506,71,7622,602,225,6515,280,80.8142
21,4,4,99.0719,99.073,99.1906,98.9556,4513.350185,93.3482,70.3682,68.254,72.6176,3116.133467,121318,60168,635,60024,491,7622,602,227,6513,280,80.8011
51,2,2,99.4362,99.435,99.2186,99.6523,1813.716222,93.44,70.6228,68.1406,73.2927,4680.238037,121318,60185,210,60449,474,7622,601,219,6521,281,80.7903
22,9,9,98.8757,98.8772,99.0092,98.7455,4819.789406,93.1207,69.6408,68.451,70.8726,3094.911366,121318,60058,763,59896,601,7617,601,247,6492,277,80.78585
6,9,9,93.2566,92.9665,89.1327,97.145,22180.88312,93.462,70.6021,68.1093,73.2843,2125.092322,121318,54067,1589,59070,6592,7617,598,218,6521,280,80.78565
19,4,4,99.1724,99.1753,99.5186,98.8343,4330.857205,93.0858,69.6254,68.4807,70.8089,3051.288391,121318,60367,712,59947,292,7622,604,249,6491,278,80.78325
22,6,6,99.2095,99.2146,99.8599,98.5777,3725.117744,91.9444,66.6667,69.6145,63.9583,3692.21076,121318,60574,874,59785,85,7622,614,346,6394,268,80.77945
31,3,3,99.6151,99.6161,99.8747,99.3587,2058.864202,92.8496,68.9812,68.7075,69.2571,3776.08321,121318,60583,391,60268,76,7622,606,269,6471,276,80.77855
44,7,7,99.578,99.5781,99.6159,99.5404,1848.158525,93.3613,70.3747,68.1406,72.7603,4008.923846,121318,60426,279,60380,233,7622,601,225,6515,281,80.75095
32,7,7,99.4815,99.4822,99.6043,99.3603,2515.75103,93.6893,71.3178,67.8005,75.2201,3642.682319,121318,60419,389,60270,240,7622,598,197,6543,284,80.7449
56,8,8,99.662,99.6631,99.9819,99.3464,1747.549257,91.8657,66.4502,69.6145,63.5611,5167.055609,121318,60648,399,60260,11,7622,614,352,6388,268,80.7401
26,7,7,99.0661,99.0684,99.3126,98.8254,4070.078037,92.7709,68.7465,68.7075,68.7855,3570.792809,121318,60242,716,59943,417,7622,606,275,6465,276,80.7392
11,8,8,97.6739,97.6734,97.6525,97.6943,9280.650796,92.1805,67.2167,69.2744,65.2778,2854.889968,121318,59235,1398,59261,1424,7622,611,325,6415,271,80.72745
41,6,6,99.648,99.6491,99.9456,99.3543,1556.931048,92.5872,68.2406,68.8209,67.67,4283.469076,121318,60626,394,60265,33,7622,607,290,6450,275,80.70405
33,6,6,99.254,99.2569,99.6472,98.8697,3149.562565,92.5479,68.1257,68.8209,67.4444,3826.78346,121318,60445,691,59968,214,7622,607,293,6447,275,80.6844
49,1,1,99.6522,99.6531,99.9192,99.3884,1478.920193,91.8657,66.4139,69.5011,63.5892,4725.899006,121318,60610,373,60286,49,7622,613,351,6389,269,80.6834
14,6,6,98.6597,98.6691,99.367,97.981,6153.971516,92.0887,66.9589,69.2744,64.7932,2921.402884,121318,60275,1242,59417,384,7622,611,332,6408,271,80.68155
40,1,1,99.5862,99.5864,99.6373,99.5356,1711.400019,93.322,70.2165,68.0272,72.5514,4149.935135,121318,60439,282,60377,220,7622,600,227,6513,282,80.6746
58,9,9,99.2318,99.2356,99.7379,98.7384,3231.962066,91.0463,64.405,70.2733,59.4412,5104.562313,121318,60500,773,59886,159,7617,617,421,6318,261,80.6598
54,3,3,99.7882,99.7881,99.7774,99.7988,1094.0023,93.2695,70.0525,68.0272,72.2022,4687.218361,121318,60524,122,60537,135,7622,600,231,6509,282,80.64835
24,5,5,99.2507,99.2519,99.4082,99.0961,3605.928222,93.0071,69.3149,68.254,70.4094,3073.887736,121318,60300,550,60109,359,7622,602,253,6487,280,80.63055
15,0,0,98.1412,98.1367,97.8997,98.3749,7314.24325,93.2301,69.9301,68.0272,71.9424,2933.539944,121318,59385,981,59678,1274,7622,600,234,6506,282,80.62865
38,5,5,99.6184,99.6184,99.634,99.6028,1803.231197,93.6762,71.2067,67.5737,75.2525,3375.728288,121318,60437,241,60418,222,7622,596,196,6544,286,80.62495
25,6,6,99.1897,99.1956,99.9176,98.484,3561.35102,91.3933,65.2542,69.8413,61.2326,3773.113829,121318,60609,933,59726,50,7622,616,390,6350,266,80.6173
42,7,7,99.6348,99.6352,99.7362,99.5344,1670.071734,93.0727,69.4798,68.1406,70.8726,3981.736257,121318,60499,283,60376,160,7622,601,247,6493,281,80.60665
20,5,5,98.7389,98.7373,98.6152,98.8597,5343.579489,92.9415,69.116,68.254,70,2925.248941,121318,59819,690,59969,840,7622,602,258,6482,280,80.59775
45,9,9,99.5755,99.5757,99.6175,99.5338,1785.458203,93.3045,70.0353,67.8815,72.3301,4195.824073,121318,60427,283,60376,232,7617,596,228,6511,282,80.593
48,2,2,99.8005,99.8007,99.9027,99.6989,957.8087798,92.7053,68.4807,68.4807,68.4807,4750.732615,121318,60600,183,60476,59,7622,604,278,6462,278,80.593
21,8,8,99.1427,99.1444,99.3373,98.9523,3961.479061,92.5741,68.1306,68.5941,67.6734,3404.667209,121318,60257,638,60021,402,7622,605,289,6451,277,80.5841
59,2,2,99.4898,99.4909,99.7115,99.2713,2409.820399,92.1018,66.9231,69.0476,64.9254,5690.309513,121318,60484,444,60215,175,7622,609,329,6411,273,80.5747
26,9,9,99.2886,99.289,99.3422,99.2359,3376.848001,93.3701,70.2065,67.7677,72.8274,3322.452121,121318,60260,464,60195,399,7617,595,222,6517,283,80.5689
55,4,4,99.8063,99.8064,99.85,99.7628,1148.644117,93.4138,70.4009,67.6871,73.3415,4033.100956,121318,60568,144,60515,91,7622,597,217,6523,285,80.55045
43,6,6,99.5425,99.5435,99.7494,99.3384,2020.5018,92.5348,67.9797,68.4807,67.486,4450.759252,121318,60507,403,60256,152,7622,604,291,6449,278,80.50775
53,9,9,99.7494,99.7499,99.9407,99.5599,1090.955876,93.0813,69.3426,67.8815,70.868,4427.50636,121318,60623,268,60391,36,7617,596,245,6494,282,80.4814
45,2,2,99.8187,99.8188,99.8797,99.758,966.7193554,93.2432,69.8654,67.6871,72.1886,4541.313773,121318,60586,147,60512,73,7622,597,230,6510,285,80.46515
48,7,7,99.5664,99.5678,99.883,99.2546,2049.074792,92.666,68.2927,68.254,68.3314,4189.843802,121318,60588,455,60204,71,7622,602,279,6461,280,80.46
32,2,2,99.4354,99.4357,99.4922,99.3792,2755.54148,92.7184,68.4121,68.1406,68.6857,3753.860243,121318,60351,377,60282,308,7622,601,274,6466,281,80.4295
33,9,9,99.5194,99.5208,99.8022,99.241,2329.304203,93.4751,70.399,67.3121,73.7828,3797.881715,121318,60539,463,60196,120,7617,591,210,6529,287,80.3936
42,6,6,99.5392,99.5412,99.9621,99.1238,2241.281025,92.2986,67.2981,68.4807,66.1555,4653.370275,121318,60636,536,60123,23,7622,604,309,6431,278,80.38965
50,3,3,99.1114,99.1075,98.6729,99.546,3271.355251,92.9677,69.0531,67.8005,70.3529,4325.779262,121318,59854,273,60386,805,7622,598,252,6488,284,80.3841
17,9,9,98.4701,98.4673,98.2822,98.653,6334.794247,93.2257,69.6827,67.5399,71.966,3067.0615,121318,59617,814,59845,1042,7617,593,231,6508,285,80.3828
58,7,7,99.803,99.8033,99.9423,99.6646,950.0641937,93.0464,69.2575,67.6871,70.9026,4763.550755,121318,60624,204,60455,35,7622,597,245,6495,285,80.36675
19,6,6,99.1337,99.14,99.8648,98.4256,4289.952615,91.4589,65.2429,69.2744,61.6549,3377.210382,121318,60577,969,59690,82,7622,611,380,6360,271,80.36665
51,8,8,99.6761,99.6766,99.8467,99.5071,1597.787753,92.5741,67.9864,68.1406,67.833,4644.482329,121318,60566,300,60359,93,7622,601,285,6455,281,80.35735
48,4,4,99.7494,99.7495,99.7873,99.7117,1474.645386,93.6893,71.0764,67.0068,75.6722,3803.715354,121318,60530,175,60484,129,7622,591,190,6550,291,80.34805
55,5,5,99.8442,99.8443,99.9126,99.7761,798.540274,93.2301,69.7538,67.4603,72.2087,4592.042096,121318,60606,136,60523,53,7622,595,229,6511,287,80.3452
35,1,1,99.3876,99.3874,99.3637,99.4112,2427.146756,93.1514,69.5093,67.4603,71.6867,4111.267106,121318,60273,357,60302,386,7622,595,235,6505,287,80.30585
30,8,8,99.4082,99.4104,99.7857,99.0379,2950.971144,91.8919,66.2295,68.7075,63.9241,4014.976656,121318,60529,588,60071,130,7622,606,342,6398,276,80.2997
44,8,8,99.7494,99.75,99.967,99.5338,1374.286244,92.2199,67.0372,68.3673,65.7579,4496.185565,121318,60639,284,60375,20,7622,603,314,6426,279,80.2936
29,5,5,99.0175,99.0175,99.0224,99.0126,4179.519606,92.5085,67.7219,67.9138,67.531,3048.400447,121318,60066,599,60060,593,7622,599,288,6452,283,80.21115
52,3,3,99.4889,99.4873,99.1741,99.8026,2159.82986,93.5056,70.4478,66.8934,74.401,4078.207262,121318,60158,119,60540,501,7622,590,203,6537,292,80.1995
28,6,6,99.1221,99.124,99.3323,98.9165,3844.75298,92.3642,67.3401,68.0272,66.6667,3721.888546,121318,60254,660,59999,405,7622,600,300,6440,282,80.1957
45,1,1,99.6637,99.664,99.7676,99.5607,1624.920849,92.7184,68.2313,67.5737,68.9017,4627.646662,121318,60518,267,60392,141,7622,596,269,6471,286,80.14605
56,7,7,99.7906,99.7908,99.8879,99.694,1064.505756,93.112,69.2803,67.1202,71.584,4695.773494,121318,60591,186,60473,68,7622,592,235,6505,290,80.1161
16,0,0,98.5386,98.5406,98.6762,98.4053,5965.149186,92.9808,68.9134,67.2336,70.6794,3359.645708,121318,59856,970,59689,803,7622,593,246,6494,289,80.1072
27,6,6,99.3018,99.3054,99.8121,98.8038,3361.817625,92.1149,66.6297,68.0272,65.2884,3866.815729,121318,60545,733,59926,114,7622,600,319,6421,282,80.07105
57,5,5,99.8656,99.8657,99.8764,99.855,703.1958516,93.44,70.1671,66.6667,74.0554,4352.259244,121318,60584,88,60571,75,7622,588,206,6534,294,80.05335
41,8,8,99.6983,99.699,99.9341,99.4651,1704.90618,92.7578,68.2759,67.3469,69.2308,4382.947134,121318,60619,326,60333,40,7622,594,264,6476,288,80.05235
53,7,7,99.7016,99.7016,99.6967,99.7065,1258.991244,93.5319,70.4259,66.5533,74.7771,4644.729058,121318,60475,178,60481,184,7622,587,198,6542,295,80.0426
51,6,6,99.6678,99.6687,99.9308,99.408,1542.549723,92.7184,68.1583,67.3469,68.9895,4791.960353,121318,60617,361,60298,42,7622,594,267,6473,288,80.03265
33,8,8,99.4527,99.4545,99.7939,99.1174,2782.104152,92.5741,67.7677,67.4603,68.0778,4172.91537,121318,60534,539,60120,125,7622,595,279,6461,287,80.0172
19,7,7,98.4594,98.454,98.1108,98.7997,5882.968514,92.7972,68.3573,67.2336,69.5193,3358.179808,121318,59513,723,59936,1146,7622,593,260,6480,289,80.0154
32,9,9,99.5269,99.5279,99.7478,99.309,2205.91702,92.9369,68.648,67.0843,70.2864,3591.481536,121318,60506,421,60238,153,7617,589,249,6490,289,80.0106
53,4,4,99.7313,99.7313,99.7461,99.7165,1416.517406,93.5712,70.5174,66.4399,75.1282,3732.824055,121318,60505,172,60487,154,7622,586,194,6546,296,80.00555
22,4,4,98.8979,98.8981,98.9103,98.8858,4875.097623,93.0464,68.9696,66.78,71.3075,2904.653905,121318,59998,676,59983,661,7622,589,237,6503,293,79.9132
21,6,6,99.0199,99.0233,99.367,98.6821,4542.095335,92.338,67.08,67.4603,66.704,3282.75661,121318,60275,805,59854,384,7622,595,297,6443,287,79.89915
47,5,5,99.3455,99.3437,99.0653,99.6237,2557.424052,93.5056,70.2345,66.2132,74.7759,3720.382348,121318,60092,227,60432,567,7622,584,197,6543,298,79.8594
55,9,9,99.4428,99.4423,99.3587,99.5261,2049.21783,92.7005,67.8984,66.9704,68.8525,4557.156676,121318,60270,287,60372,389,7617,588,266,6473,290,79.83545
15,9,9,98.4289,98.4267,98.2871,98.5666,6648.448487,93.2651,69.4461,66.4009,72.784,2866.430955,121318,59620,867,59792,1039,7617,583,218,6521,295,79.833
40,4,4,99.5499,99.5499,99.5433,99.5565,2398.334494,93.3613,69.773,66.2132,73.7374,3621.545204,121318,60382,269,60390,277,7622,584,208,6532,298,79.78725
57,9,9,99.7362,99.7365,99.8401,99.6331,1148.530657,92.7793,68.0604,66.7426,69.4313,4322.495378,121318,60562,223,60436,97,7617,586,258,6481,292,79.76095
58,2,2,99.6958,99.6954,99.5516,99.8396,1042.803416,93.5319,70.2115,65.873,75.1617,5109.482884,121318,60387,97,60562,272,7622,581,192,6548,301,79.70245
31,7,7,99.484,99.4844,99.5648,99.4042,2678.465889,93.0727,68.8679,66.2132,71.7445,3793.922804,121318,60395,362,60297,264,7622,584,230,6510,298,79.64295
29,0,0,99.3966,99.3973,99.512,99.2829,2573.901547,92.8628,68.2614,66.3265,70.3125,3969.315537,121318,60363,436,60223,296,7622,585,247,6493,297,79.59465
38,7,7,99.559,99.5593,99.6258,99.4929,2015.07489,93.0727,68.8312,66.0998,71.798,4013.942147,121318,60432,308,60351,227,7622,583,229,6511,299,79.58625
57,6,6,99.6431,99.6432,99.6719,99.6145,1293.752319,92.4823,67.2384,66.6667,67.8201,5267.733816,121318,60460,234,60425,199,7622,588,279,6461,294,79.5745
55,6,6,99.789,99.7892,99.9077,99.6711,981.8869918,92.666,67.7065,66.4399,69.0224,4724.609446,121318,60603,200,60459,56,7622,586,263,6477,296,79.55295
41,0,0,99.6043,99.605,99.7758,99.4348,1682.418156,92.6397,67.6284,66.4399,68.8602,4359.070096,121318,60523,344,60315,136,7622,586,265,6475,296,79.5398
46,9,9,99.6563,99.6562,99.6456,99.6669,1381.623146,92.7137,67.7138,66.287,69.2033,4470.211592,121318,60444,202,60457,215,7617,582,259,6480,296,79.50035
52,6,6,99.6711,99.6715,99.7807,99.5624,1390.183644,92.3773,66.8946,66.5533,67.2394,4876.217171,121318,60526,266,60393,133,7622,587,286,6454,295,79.4653
55,8,8,99.7,99.6997,99.6159,99.7837,1532.362392,92.784,67.9487,66.0998,69.9041,4839.2913,121318,60426,131,60528,233,7622,583,251,6489,299,79.4419
46,4,4,99.5532,99.5529,99.4741,99.6318,2241.613224,93.3351,69.4712,65.5329,73.913,3730.565425,121318,60340,223,60436,319,7622,578,204,6536,304,79.434
27,1,1,99.2549,99.2543,99.1774,99.3313,3051.269555,93.322,69.4294,65.5329,73.8186,3530.322109,121318,60160,405,60254,499,7622,578,205,6535,304,79.42745
40,0,0,99.4148,99.4146,99.3801,99.449,2158.368088,92.9808,68.4738,65.873,71.2883,4390.897581,121318,60283,334,60325,376,7622,581,234,6506,301,79.4269
30,1,1,99.3999,99.3993,99.2944,99.5044,2718.53322,93.322,69.3927,65.4195,73.8796,3673.822884,121318,60231,300,60359,428,7622,577,204,6536,305,79.37075
51,7,7,99.6381,99.6382,99.667,99.6095,1475.730545,92.9677,68.3962,65.7596,71.2531,4538.580642,121318,60457,237,60422,202,7622,580,234,6506,302,79.36365
59,9,9,99.5458,99.5451,99.3966,99.6941,1913.446581,93.3438,69.3656,65.3759,73.8739,4430.887061,121318,60293,185,60474,366,7617,574,203,6536,304,79.35985
45,6,6,99.7395,99.74,99.9143,99.5663,1301.830208,92.7972,67.9135,65.873,70.0844,4769.733182,121318,60607,264,60395,52,7622,581,248,6492,301,79.3351
56,1,1,99.8937,99.8937,99.906,99.8813,593.3573776,93.112,68.7686,65.5329,72.3404,5001.990811,121318,60602,72,60587,57,7622,578,221,6519,304,79.32245
47,9,9,99.7709,99.771,99.8203,99.7217,959.7278902,93.2519,69.0361,65.262,73.2737,4291.777225,121318,60550,169,60490,109,7617,573,209,6530,305,79.25695
9,9,9,92.2831,91.8027,86.4225,97.8973,25319.69353,93.4751,69.6766,65.0342,75.0329,2436.581281,121318,52423,1126,59533,8236,7617,571,190,6549,307,79.25465
10,7,7,95.459,95.323,92.5502,98.2671,16497.51855,93.6106,70.141,64.8526,76.3685,2652.95673,121318,56140,990,59669,4519,7622,572,177,6563,310,79.2316
32,8,8,99.5978,99.5979,99.6241,99.5716,2156.500475,93.0333,68.4866,65.4195,71.8555,3982.980906,121318,60431,260,60399,228,7622,577,226,6514,305,79.2264
30,4,4,99.24,99.2386,99.0603,99.4176,3573.526044,93.3482,69.3656,65.0794,74.2561,3299.596568,121318,60089,352,60307,570,7622,574,199,6541,308,79.2138
50,4,4,99.3266,99.324,98.9449,99.706,3056.651421,93.44,69.6233,64.966,75,3891.751409,121318,60019,177,60482,640,7622,573,191,6549,309,79.203
45,7,7,99.7008,99.7009,99.7296,99.6721,1487.764526,92.9152,68.1228,65.4195,71.0591,4139.828916,121318,60495,199,60460,164,7622,577,235,6505,305,79.16735
15,3,3,96.8496,96.7846,94.8285,98.8232,10594.95082,93.2957,69.1611,64.966,73.9355,2806.872006,121318,57522,685,59974,3137,7622,573,202,6538,309,79.13085
49,8,8,99.5153,99.5173,99.9242,99.1137,2267.804946,90.8948,63.1243,67.3469,59.4,5125.041124,121318,60613,542,60117,46,7622,594,406,6334,288,79.12085
28,9,9,98.785,98.7794,98.3234,99.2396,4474.910637,93.5933,69.9137,64.5786,76.2097,3191.63421,121318,59642,457,60202,1017,7617,567,177,6562,311,79.08595
29,9,9,99.1518,99.1497,98.8988,99.4018,3484.548731,93.4095,69.3529,64.6925,74.7368,3433.780212,121318,59991,361,60298,668,7617,568,192,6547,310,79.051
23,6,6,99.0381,99.0409,99.3356,98.748,4171.420761,92.3248,66.4756,65.7596,67.2074,3563.165876,121318,60256,764,59895,403,7622,580,283,6457,302,79.0422
16,5,5,97.7134,97.6854,96.5034,98.8968,9205.720951,92.9808,68.1737,64.966,71.7146,2862.756336,121318,58538,653,60006,2121,7622,573,226,6514,309,78.9734
23,7,7,98.8155,98.8113,98.4619,99.1632,4719.390314,93.0858,68.462,64.8526,72.4968,3472.269666,121318,59726,504,60155,933,7622,572,217,6523,310,78.9692
35,3,3,99.3851,99.3841,99.2301,99.5386,2713.853087,92.4823,66.8211,65.4195,68.284,3954.821272,121318,60192,279,60380,467,7622,577,268,6472,305,78.9509
44,2,2,99.4082,99.4063,99.0883,99.7262,2155.544853,93.1514,68.6298,64.7392,73.0179,4325.436749,121318,60106,165,60494,553,7622,571,211,6529,311,78.9453
37,7,7,99.2689,99.2671,99.0224,99.5129,3037.329902,93.2564,68.9238,64.6259,73.8342,3881.224421,121318,60066,294,60365,593,7622,570,202,6538,312,78.94115
50,0,0,99.7099,99.7098,99.7033,99.7164,1271.481646,93.1252,68.5474,64.7392,72.8316,4918.066922,121318,60479,172,60487,180,7622,571,213,6527,311,78.9322
42,8,8,99.4024,99.4036,99.606,99.202,2723.476217,92.4298,66.6667,65.4195,67.9623,4278.113327,121318,60420,486,60173,239,7622,577,272,6468,305,78.92465
43,4,4,99.587,99.5866,99.4741,99.6993,2130.723833,93.5975,69.8765,64.1723,76.6938,3686.116405,121318,60340,182,60477,319,7622,566,172,6568,316,78.8849
37,4,4,98.8765,98.8685,98.1668,99.5803,4497.076855,93.6893,70.1428,64.059,77.5034,3606.089471,121318,59547,251,60408,1112,7622,565,164,6576,317,78.87415
59,1,1,99.7,99.6994,99.5054,99.8941,1198.90353,93.3482,69.1042,64.2857,74.7036,4528.733637,121318,60359,64,60595,300,7622,567,192,6548,315,78.81695
50,6,6,99.6159,99.6164,99.7626,99.4707,1668.484649,91.8001,64.986,65.7596,64.2303,4519.656254,121318,60515,322,60337,144,7622,580,323,6417,302,78.77985
37,1,1,99.6662,99.666,99.6241,99.708,1626.867379,93.1383,68.475,64.3991,73.1017,4049.753887,121318,60431,177,60482,228,7622,568,209,6531,314,78.7687
16,8,8,97.7036,97.6741,96.4358,98.9445,8274.260256,93.4532,69.3677,64.059,75.6359,3055.601936,121318,58497,624,60035,2162,7622,565,182,6558,317,78.7561
35,9,9,99.6678,99.668,99.7099,99.6261,1778.272143,93.4357,69.2118,64.0091,75.3351,3951.65399,121318,60483,227,60432,176,7617,562,184,6555,316,78.7224
39,8,8,99.5079,99.5074,99.3966,99.6183,2254.493249,93.2564,68.7728,64.1723,74.0838,3670.529308,121318,60293,231,60428,366,7622,566,198,6542,316,78.71435
20,4,4,98.4199,98.4074,97.6393,99.1878,5941.46212,93.2301,68.6893,64.1723,73.8903,3128.50763,121318,59227,485,60174,1432,7622,566,200,6540,316,78.7012
49,2,2,99.5582,99.5571,99.3076,99.8078,1569.354744,93.1514,68.4401,64.1723,73.3161,4550.100837,121318,60239,116,60543,420,7622,566,206,6534,316,78.66185
31,1,1,99.3076,99.3059,99.0587,99.5543,2752.604604,93.5319,69.5114,63.7188,76.4626,3903.665591,121318,60088,269,60390,571,7622,562,173,6567,320,78.62535
27,4,4,98.9103,98.9048,98.4124,99.4022,4396.016653,93.1776,68.4848,64.059,73.5677,3367.078937,121318,59696,359,60300,963,7622,565,203,6537,317,78.6183
37,6,6,99.4939,99.495,99.7197,99.2713,2337.786657,92.4954,66.6278,64.7392,68.6298,4132.313124,121318,60489,444,60215,170,7622,571,261,6479,311,78.6173
46,3,3,99.3068,99.3034,98.8229,99.7886,2449.804734,93.0464,68.1107,64.1723,72.5641,4571.794119,121318,59945,127,60532,714,7622,566,214,6526,316,78.60935
20,7,7,97.7934,97.7682,96.665,98.8969,7422.165359,93.2695,68.7386,63.9456,74.3083,3405.896715,121318,58636,654,60005,2023,7622,564,195,6545,318,78.60755
57,7,7,99.8269,99.8268,99.7906,99.8631,836.0729504,93.3088,68.8264,63.8322,74.6684,4958.767085,121318,60532,83,60576,127,7622,563,191,6549,319,78.5705
15,8,8,97.2791,97.234,95.6511,98.8702,9292.843386,93.3088,68.8264,63.8322,74.6684,3018.960628,121318,58021,663,59996,2638,7622,563,191,6549,319,78.5705
55,1,1,98.6267,98.611,97.4942,99.7537,4899.79202,93.6368,69.7819,63.4921,77.455,4406.349212,121318,59139,146,60513,1520,7622,560,163,6577,322,78.56445
17,8,8,97.1463,97.1041,95.6874,98.5634,9505.751139,92.2461,65.9366,64.8526,67.0574,3212.029049,121318,58043,846,59813,2616,7622,572,281,6459,310,78.54935
43,2,2,99.2079,99.2034,98.6449,99.7682,2662.423804,93.4925,69.3449,63.6054,76.2228,4350.01903,121318,59837,139,60520,822,7622,561,175,6565,321,78.54895
54,1,1,99.6983,99.6978,99.5186,99.8776,1290.881211,92.9152,67.7033,64.1723,71.6456,4884.186166,121318,60367,74,60585,292,7622,566,224,6516,316,78.54375
36,3,3,98.8658,98.8564,98.0415,99.6849,4576.45645,93.6237,69.7007,63.3787,77.4238,4121.782616,121318,59471,188,60471,1188,7622,559,163,6577,323,78.5012
39,7,7,99.2524,99.2499,98.9185,99.5834,3022.809367,93.4663,69.2213,63.4921,76.087,4007.255018,121318,60003,251,60408,656,7622,560,176,6564,322,78.4792
47,4,4,99.3867,99.3848,99.0719,99.6997,2565.316508,93.5712,69.5274,63.3787,76.9972,3630.561778,121318,60096,181,60478,563,7622,559,167,6573,323,78.47495
40,5,5,99.4255,99.424,99.1642,99.6851,2331.544865,93.0596,68.0363,63.8322,72.8331,3404.321033,121318,60152,190,60469,507,7622,563,210,6530,319,78.4459
57,8,8,99.6068,99.6067,99.5681,99.6453,1863.557463,92.784,67.2619,64.059,70.802,4516.021471,121318,60397,215,60444,262,7622,565,233,6507,317,78.4215
24,6,6,99.0661,99.066,99.0521,99.0798,4277.96079,92.666,66.9426,64.1723,69.9629,3465.947923,121318,60084,558,60101,575,7622,566,243,6497,316,78.41915
59,6,6,99.7239,99.724,99.7725,99.6755,1102.047535,92.7316,67.1021,64.059,70.4489,5716.242942,121318,60521,197,60462,138,7622,565,237,6503,317,78.3953
32,0,0,99.1691,99.1662,98.8147,99.5202,3100.94068,93.44,69.0594,63.2653,76.0218,3964.647109,121318,59940,289,60370,719,7622,558,176,6564,324,78.35265
51,1,1,99.8071,99.807,99.7709,99.8433,861.6096388,92.9546,67.6701,63.7188,72.1438,4973.001973,121318,60520,95,60564,139,7622,562,217,6523,320,78.3367
59,0,0,99.62,99.6198,99.5714,99.6683,1471.509592,93.1252,68.1265,63.4921,73.4908,5019.599344,121318,60399,201,60458,260,7622,560,202,6538,322,78.30865
45,0,0,99.4931,99.4937,99.6142,99.3734,2285.642001,92.3117,65.9302,64.2857,67.6611,4318.20165,121318,60425,381,60278,234,7622,567,271,6469,315,78.2987
54,0,0,99.3554,99.3541,99.146,99.563,2227.136748,92.6397,66.7851,63.9456,69.8885,4683.000432,121318,60141,264,60395,518,7622,564,243,6497,318,78.29265
34,4,4,98.5773,98.5632,97.598,99.5477,5286.683565,93.6368,69.5925,62.9252,77.8401,3186.332292,121318,59202,269,60390,1457,7622,555,158,6582,327,78.281
49,4,4,99.5887,99.5878,99.3703,99.8063,2219.863212,93.545,69.2884,62.9252,77.0833,3796.784189,121318,60277,117,60542,382,7622,555,165,6575,327,78.2351
49,6,6,99.7288,99.7286,99.6571,99.8002,1231.043575,93.2039,68.2598,63.1519,74.2667,4641.168327,121318,60451,121,60538,208,7622,557,193,6547,325,78.1779
19,8,8,98.9111,98.9076,98.5855,99.2317,5051.702079,92.9677,67.5937,63.3787,72.4093,3353.791223,121318,59801,463,60196,858,7622,559,213,6527,323,78.1732
46,2,2,99.4873,99.4853,99.1032,99.8704,1836.904813,93.4925,69.0773,62.8118,76.7313,4724.534855,121318,60115,78,60581,544,7622,554,168,6572,328,78.15215
46,7,7,99.3876,99.3855,99.0554,99.7179,2811.07507,93.2432,68.3467,63.0385,74.6309,4233.687076,121318,60086,170,60489,573,7622,556,189,6551,326,78.14085
19,5,5,98.3514,98.3374,97.5074,99.1817,6473.542637,93.1252,68.0098,63.1519,73.6772,2922.57468,121318,59147,488,60171,1512,7622,557,199,6541,325,78.13855
18,9,9,97.8865,97.8619,96.7342,99.0162,8345.221714,93.4226,68.7461,62.7563,76,3183.210315,121318,58678,583,60076,1981,7617,551,174,6565,327,78.08945
35,6,6,99.3191,99.3177,99.1098,99.5265,2980.692052,92.8496,67.1884,63.2653,71.6303,3812.840667,121318,60119,286,60373,540,7622,558,221,6519,324,78.05745
37,5,5,98.9581,98.9504,98.2245,99.6871,3910.930946,93.5056,69.0432,62.585,76.9874,3284.741408,121318,59582,187,60472,1077,7622,552,165,6575,330,78.0453
18,6,6,98.4767,98.4695,98.0036,98.9398,6290.61,93.0202,67.6399,63.0385,72.9659,3281.607103,121318,59448,637,60022,1211,7622,556,206,6534,326,78.02935
36,4,4,98.6086,98.5958,97.6937,99.5147,4881.067474,93.0858,67.807,62.9252,73.5099,3502.249066,121318,59260,289,60370,1399,7622,555,200,6540,327,78.0055
53,6,6,99.7676,99.7677,99.8417,99.6938,1010.532315,92.6266,66.5476,63.3787,70.0501,5344.197482,121318,60563,186,60473,96,7622,559,239,6501,323,78.00265
58,0,0,99.6843,99.6842,99.6456,99.7228,1319.376186,92.8628,67.11,62.9252,71.8912,4970.463471,121318,60444,168,60491,215,7622,555,217,6523,327,77.894
53,8,8,99.7214,99.7212,99.639,99.8035,1391.229214,92.6266,66.4678,63.1519,70.1511,4871.731586,121318,60440,119,60540,219,7622,557,237,6503,325,77.88925
58,1,1,99.6695,99.6689,99.4955,99.8428,1271.481092,93.4794,68.8401,62.2449,76.9986,4868.686097,121318,60353,95,60564,306,7622,549,164,6576,333,77.86215
19,9,9,97.2617,97.2065,95.2835,99.2087,8969.93726,93.4882,68.7264,62.0729,76.9774,3151.717076,121318,57798,461,60198,2861,7617,545,163,6576,333,77.78055
14,7,7,96.4952,96.4111,94.1526,98.7806,10806.61803,93.4269,68.6287,62.1315,76.6434,2911.517264,121318,57112,705,59954,3547,7622,548,167,6573,334,77.7792
39,1,1,99.3999,99.3976,99.0208,99.7774,2474.665035,93.4794,68.7618,62.0181,77.1509,4147.813688,121318,60065,134,60525,594,7622,547,162,6578,335,77.74875
44,0,0,99.4593,99.458,99.2268,99.6903,2058.286398,93.2695,68.1168,62.1315,75.3783,4707.527394,121318,60190,187,60472,469,7622,548,179,6561,334,77.7005
21,0,0,98.1924,98.1739,97.1843,99.184,6744.788668,93.2301,67.9901,62.1315,75.0685,3822.526349,121318,58951,485,60174,1708,7622,548,182,6558,334,77.6808
46,1,1,99.5252,99.5237,99.2103,99.8391,1616.234621,93.5319,68.8566,61.7914,77.7461,4718.710436,121318,60180,97,60562,479,7622,545,156,6584,337,77.66165
13,6,6,97.2832,97.2458,95.9248,98.6037,9301.124645,92.4429,65.7957,62.8118,69.0773,3017.211598,121318,58187,824,59835,2472,7622,554,248,6492,328,77.62735
35,8,8,99.5269,99.526,99.3373,99.7154,2141.417836,93.44,68.5139,61.678,77.0538,4058.92732,121318,60257,172,60487,402,7622,544,162,6578,338,77.559
39,0,0,98.8386,98.8307,98.1635,99.507,3879.620704,92.8628,66.8293,62.1315,72.2955,4419.745308,121318,59545,295,60364,1114,7622,548,210,6530,334,77.49715
26,0,0,98.4471,98.432,97.4843,99.3982,5808.101406,93.1514,67.5776,61.678,74.7253,3943.651214,121318,59133,358,60301,1526,7622,544,184,6556,338,77.4147
47,8,8,99.7082,99.708,99.6258,99.7903,1465.76552,92.9021,66.8708,61.9048,72.7031,4670.426284,121318,60432,127,60532,227,7622,546,205,6535,336,77.40345
34,0,0,99.0554,99.0505,98.546,99.5603,3263.878537,92.561,65.9459,62.2449,70.1149,4439.507,121318,59777,264,60395,882,7622,549,234,6506,333,77.40295
28,8,8,99.0372,99.032,98.4965,99.5734,4217.253848,92.9415,66.9533,61.7914,73.0563,3844.187581,121318,59747,256,60403,912,7622,545,201,6539,337,77.36645
44,9,9,99.4824,99.4808,99.179,99.7844,2179.960044,93.0944,67.2886,61.6173,74.1096,4231.210658,121318,60161,130,60529,498,7617,541,189,6550,337,77.35585
55,0,0,99.7535,99.7532,99.6225,99.8843,1099.430538,92.9152,66.8712,61.7914,72.861,5109.938149,121318,60430,70,60589,229,7622,545,203,6537,337,77.3533
38,6,6,99.6274,99.6274,99.6159,99.6389,1894.485798,92.784,66.5043,61.9048,71.8421,4275.851776,121318,60426,219,60440,233,7622,546,214,6526,336,77.3444
58,4,4,99.5673,99.5661,99.301,99.8326,1826.681204,93.4138,68.268,61.2245,77.1429,4122.405088,121318,60235,101,60558,424,7622,540,160,6580,342,77.31915
20,2,2,96.9889,96.9159,94.6224,99.3234,10258.53632,93.2564,67.7945,61.3379,75.7703,3103.268746,121318,57397,391,60268,3262,7622,541,173,6567,341,77.29715
47,2,2,98.7966,98.7834,97.7118,99.8787,3786.172231,93.4269,68.2711,61.1111,77.3314,4713.306522,121318,59271,72,60587,1388,7622,539,158,6582,343,77.269
39,6,6,99.5846,99.5843,99.5269,99.6418,1818.753371,92.8628,66.6258,61.5646,72.5936,4618.113879,121318,60372,217,60442,287,7622,543,205,6535,339,77.2137
59,8,8,99.7313,99.7312,99.6967,99.7657,1346.875169,92.4036,65.3915,62.0181,69.153,5070.992905,121318,60475,142,60517,184,7622,547,244,6496,335,77.21085
38,8,8,99.1782,99.1747,98.7586,99.5943,3255.582163,93.5319,68.4581,60.6576,78.5609,3950.860474,121318,59906,244,60415,753,7622,535,146,6594,347,77.09475
50,7,7,99.1774,99.1726,98.5971,99.7548,3006.095135,93.2957,67.7603,60.8844,76.3869,4034.725449,121318,59808,147,60512,851,7622,537,166,6574,345,77.09005
38,0,0,99.3571,99.3552,99.0702,99.6419,2350.700702,93.2301,67.5472,60.8844,75.8475,4655.533655,121318,60095,216,60443,564,7622,537,171,6569,345,77.05725
53,0,0,99.5516,99.551,99.4197,99.6826,1960.11585,92.561,65.6155,61.3379,70.5346,5336.688863,121318,60307,192,60467,352,7622,541,226,6514,341,76.94945
30,9,9,98.2204,98.1964,96.8925,99.536,6179.831964,93.6327,68.5677,60.2506,79.5489,3818.198243,121318,58774,274,60385,1885,7617,529,136,6603,349,76.94165
54,8,8,99.6538,99.6531,99.4378,99.8692,1608.81073,93.0333,66.8746,60.771,74.3412,4572.490714,121318,60318,79,60580,341,7622,536,185,6555,346,76.90215
48,0,0,99.5326,99.5312,99.2169,99.8474,1694.648244,93.2432,67.4668,60.5442,76.1769,4896.093925,121318,60184,92,60567,475,7622,534,167,6573,348,76.8937
52,0,0,99.625,99.6242,99.423,99.8262,1480.243516,92.8759,66.3777,60.771,73.1241,4846.192417,121318,60309,105,60554,350,7622,536,197,6543,346,76.82345
26,6,6,98.2599,98.2398,97.1167,99.3893,6637.943173,92.7578,66.0517,60.8844,72.1774,3467.034239,121318,58910,362,60297,1749,7622,537,207,6533,345,76.8211
56,0,0,99.0677,99.0601,98.2591,99.8743,3241.168605,93.1908,67.2142,60.3175,75.8916,4822.148106,121318,59603,75,60584,1056,7622,532,169,6571,350,76.75415
59,5,5,99.5879,99.5865,99.2549,99.9203,1548.386597,93.1252,67.0025,60.3175,75.3541,4055.818254,121318,60207,48,60611,452,7622,532,174,6566,350,76.72135
32,5,5,97.9789,97.9453,96.3435,99.6012,8237.796665,93.5581,68.2612,59.8639,79.3985,3473.069498,121318,58441,234,60425,2218,7622,528,137,6603,354,76.711
38,4,4,98.2806,98.2561,96.8776,99.6743,6063.107587,93.4138,67.8205,59.9773,78.0236,3579.857131,121318,58765,192,60467,1894,7622,529,149,6591,353,76.69555
44,1,1,99.1048,99.0994,98.4998,99.7063,3031.67504,92.6922,65.6808,60.4308,71.9298,4262.027127,121318,59749,176,60483,910,7622,533,208,6532,349,76.5615
57,0,0,99.6192,99.6181,99.3356,99.9022,1527.647745,92.9677,66.2469,59.6372,74.5042,4646.287576,121318,60256,59,60600,403,7622,526,180,6560,356,76.30245
54,6,6,99.8467,99.8467,99.8253,99.8681,781.1607701,92.4954,64.951,60.0907,70.6667,5199.375171,121318,60553,80,60579,106,7622,530,220,6520,352,76.29305
52,8,8,99.0488,99.0411,98.2476,99.8475,3702.807838,93.0464,66.3278,59.1837,75.4335,4355.146829,121318,59596,91,60568,1063,7622,522,170,6570,360,76.11505
52,5,5,99.5928,99.5916,99.2878,99.8972,1667.580492,93.0071,66.1157,58.9569,75.2533,4318.217374,121318,60227,62,60597,432,7622,520,171,6569,362,75.982
54,9,9,99.2186,99.2129,98.4949,99.9415,2464.201879,93.4751,67.367,58.4282,79.5349,4358.465749,121318,59746,35,60624,913,7617,513,132,6607,365,75.95165
52,9,9,98.9705,98.9605,98.0118,99.9277,2993.863969,93.16,66.2783,58.3144,76.7616,4769.400019,121318,59453,43,60616,1206,7617,512,155,6584,366,75.7372
30,6,6,98.8782,98.8698,98.1371,99.6135,4531.630462,92.8496,65.4845,58.6168,74.175,3958.448024,121318,59529,231,60428,1130,7622,517,180,6560,365,75.7332
41,9,9,98.2822,98.2564,96.8001,99.7571,5455.062073,93.1469,66.1917,58.2005,76.7267,3771.315247,121318,58718,143,60516,1941,7617,511,155,6584,367,75.6737
36,9,9,97.256,97.1845,94.718,99.7829,8569.62084,93.3832,66.8421,57.8588,79.1277,3840.061749,121318,57455,125,60534,3204,7617,508,134,6605,370,75.621
43,7,7,98.602,98.5854,97.4249,99.7738,4470.09619,93.4007,66.9297,57.7098,79.6557,4312.793546,121318,59097,134,60525,1562,7622,509,130,6610,373,75.55525
49,7,7,98.6416,98.6248,97.4233,99.8564,4201.416982,93.4007,66.9297,57.7098,79.6557,4232.998983,121318,59096,85,60574,1563,7622,509,130,6610,373,75.55525
40,7,7,98.0052,97.969,96.2199,99.7829,6909.845523,93.2957,66.5795,57.7098,78.6708,4258.859727,121318,58366,127,60532,2293,7622,509,138,6602,373,75.50275
50,5,5,99.0455,99.0372,98.1866,99.9027,3564.635605,93.2957,66.5357,57.5964,78.7597,4113.286194,121318,59559,58,60601,1100,7622,508,137,6603,374,75.44605
17,7,7,93.6605,93.2803,88.0034,99.2304,18358.03855,93.6237,67.5134,57.2562,82.2476,3369.23351,121318,53382,414,60245,7277,7622,505,109,6631,377,75.43995
56,6,6,99.3027,99.2991,98.7982,99.8052,2315.273036,92.7316,64.803,57.8231,73.6994,4703.407892,121318,59930,117,60542,729,7622,510,182,6558,372,75.27735
50,9,9,98.4091,98.3846,96.8925,99.9235,5040.709623,93.462,66.6667,56.7198,80.8442,4561.592618,121318,58774,45,60614,1885,7617,498,118,6621,380,75.0909
37,0,0,97.5057,97.4474,95.2208,99.7806,8891.921349,93.4925,66.756,56.4626,81.6393,4810.823353,121318,57760,127,60532,2899,7622,498,112,6628,384,74.97755
40,6,6,98.4058,98.3824,96.9584,99.8489,5815.021412,92.8365,63.2075,53.1746,77.907,4929.291157,121318,58814,89,60570,1845,7622,469,133,6607,413,73.00555
45,8,8,97.3368,97.2677,94.8103,99.8559,8523.554087,92.9415,63.0495,52.0408,79.9652,4893.52908,121318,57511,83,60576,3148,7622,459,115,6625,423,72.49115
52,1,1,95.1433,94.9002,90.3757,99.9016,17946.31779,92.2724,59.2388,48.5261,76.0213,5168.746688,121318,54821,54,60605,5838,7622,428,135,6605,454,70.39925
