epoch,dataset,train_num,train_acc,train_loss,train_recall,train_precision,train_tp,train_tn,train_fp,train_fn,test_num,test_acc,test_loss,test_recall,test_precision,test_tp,test_tn,test_fp,test_fn,RECALL,PRECISION,F1,SCORE
10,3,121318,0.8012,0.445,83.8194,78.045,50844,46356,14303,9815,7622,0.7792,0.4684,86.3946,32.7742,762,5177,1563,120,0.863945578,0.327741935,0.475210477,0.821572789
14,3,121318,0.8074,0.4294,85.5982,78.0246,51923,46035,14624,8736,7622,0.785,0.4514,85.2608,33.2596,752,5231,1509,130,0.85260771,0.332596196,0.478523703,0.818803855
13,3,121318,0.8058,0.4331,85.2025,77.9921,51683,46075,14584,8976,7622,0.7722,0.4992,86.3946,32.0437,762,5124,1616,120,0.863945578,0.320437342,0.467484663,0.818072789
11,1,121318,0.7987,0.4414,84.4129,77.3802,51204,45691,14968,9455,7622,0.7544,0.4631,88.0952,30.5425,777,4973,1767,105,0.880952381,0.305424528,0.453590193,0.81767619
12,2,121318,0.8044,0.4374,84.0139,78.4055,50962,46623,14036,9697,7622,0.7589,0.5086,87.6417,30.8953,773,5011,1729,109,0.876417234,0.308952838,0.456855792,0.817658617
15,3,121318,0.8094,0.4256,85.9889,78.106,52160,46038,14621,8499,7622,0.7683,0.4496,86.6213,31.675,764,5092,1648,118,0.866213152,0.316749585,0.46387371,0.817256576
7,3,121318,0.7986,0.4482,83.7205,77.7191,50784,46100,14559,9875,7622,0.775,0.4645,85.941,32.2691,758,5149,1591,124,0.859410431,0.322690507,0.469204581,0.817205215
11,3,121318,0.8034,0.439,84.3733,78.0742,51180,46286,14373,9479,7622,0.7578,0.5208,87.6417,30.7968,773,5003,1737,109,0.876417234,0.307968127,0.455778302,0.817108617
8,3,121318,0.8019,0.4439,84.1145,77.9989,51023,46267,14392,9636,7622,0.7767,0.4896,85.7143,32.4185,756,5164,1576,126,0.857142857,0.324185249,0.470441817,0.816921429
12,3,121318,0.8049,0.4346,84.8481,78.0433,51468,46179,14480,9191,7622,0.7665,0.4744,86.6213,31.4922,764,5078,1662,118,0.866213152,0.314921682,0.46191052,0.816356576
21,2,121318,0.8168,0.4087,86.8494,78.7074,52682,46407,14252,7977,7622,0.7686,0.4801,86.3946,31.6708,762,5096,1644,120,0.863945578,0.316708229,0.46350365,0.816272789
16,3,121318,0.8116,0.4217,86.7159,78.05,52601,45866,14793,8058,7622,0.7796,0.4358,85.2608,32.6672,752,5190,1550,130,0.85260771,0.326672459,0.472361809,0.816103855
11,2,121318,0.8023,0.4404,83.6595,78.2915,50747,46588,14071,9912,7622,0.7909,0.4192,84.127,33.7887,742,5286,1454,140,0.841269841,0.337887067,0.482131254,0.816084921
8,2,121318,0.7972,0.4512,82.9011,77.9378,50287,46424,14235,10372,7622,0.7659,0.4981,86.6213,31.4403,764,5074,1666,118,0.866213152,0.314403292,0.461352657,0.816056576
13,2,121318,0.8056,0.4349,84.2942,78.4293,51132,46596,14063,9527,7622,0.7777,0.4397,85.3741,32.4849,753,5175,1565,129,0.853741497,0.324849008,0.470625,0.815720748
15,2,121318,0.8071,0.4292,84.7805,78.4032,51427,46493,14166,9232,7622,0.7547,0.5174,87.6417,30.5051,773,4979,1761,109,0.876417234,0.305051302,0.452576112,0.815558617
14,2,121318,0.8065,0.432,84.6222,78.4015,51331,46518,14141,9328,7622,0.7897,0.4331,84.127,33.6508,742,5277,1463,140,0.841269841,0.336507937,0.480725624,0.815484921
5,3,121318,0.7938,0.455,83.3759,77.2126,50575,45733,14926,10084,7622,0.7747,0.4528,85.6009,32.1962,755,5150,1590,127,0.85600907,0.32196162,0.467926867,0.815354535
10,2,121318,0.8002,0.444,83.3941,78.1239,50586,46494,14165,10073,7622,0.7711,0.4869,85.941,31.8621,758,5119,1621,124,0.859410431,0.318621269,0.464888071,0.815255215
18,3,121318,0.8143,0.4135,87.0357,78.2658,52795,45998,14661,7864,7622,0.7477,0.4936,88.0952,29.9422,777,4922,1818,105,0.880952381,0.299421965,0.446937015,0.81432619
18,2,121318,0.8115,0.4196,85.8224,78.4848,52059,46388,14271,8600,7622,0.7663,0.4521,86.1678,31.4179,760,5081,1659,122,0.861678005,0.314179413,0.460466525,0.813989002
6,3,121318,0.7968,0.4512,83.4666,77.5951,50630,46040,14619,10029,7622,0.7739,0.4577,85.3741,32.0835,753,5146,1594,129,0.853741497,0.320835109,0.466398266,0.813820748
6,2,121318,0.7906,0.4606,83.1468,76.8584,50436,45473,15186,10223,7622,0.7561,0.5103,87.0748,30.5611,768,4995,1745,114,0.870748299,0.305610824,0.452430044,0.81342415
26,2,121318,0.8261,0.3913,89.0321,78.8916,54006,46209,14450,6653,7622,0.7595,0.4556,86.7347,30.8343,765,5024,1716,117,0.867346939,0.30834341,0.454950937,0.813423469
12,1,121318,0.8028,0.4365,84.8629,77.7352,51477,45915,14744,9182,7622,0.7638,0.4778,86.2812,31.1885,761,5061,1679,121,0.862811791,0.311885246,0.458157736,0.813305896
20,2,121318,0.8139,0.4137,86.3483,78.5595,52378,46364,14295,8281,7622,0.7886,0.4565,83.7868,33.4844,739,5272,1468,143,0.837868481,0.334843679,0.478471997,0.81323424
23,3,121318,0.8271,0.3872,89.558,78.7696,54325,46017,14642,6334,7622,0.7838,0.4336,84.2404,32.9929,743,5231,1509,139,0.842403628,0.329928952,0.474154435,0.813101814
13,0,121318,0.8055,0.4325,84.825,78.137,51454,46262,14397,9205,7622,0.7753,0.4699,85.034,32.175,750,5159,1581,132,0.850340136,0.321750322,0.466853408,0.812820068
19,3,121318,0.8189,0.4075,87.9886,78.4274,53373,45978,14681,7286,7622,0.7503,0.4712,87.5283,30.0975,772,4947,1793,110,0.875283447,0.300974659,0.447925733,0.812791723
24,2,121318,0.8213,0.4004,87.7166,78.9015,53208,46431,14228,7451,7622,0.765,0.4624,86.0544,31.2732,759,5072,1668,123,0.860544218,0.312731768,0.458748867,0.812772109
20,3,121318,0.8188,0.4059,88.0595,78.372,53416,45918,14741,7243,7622,0.7695,0.4571,85.6009,31.6562,755,5110,1630,127,0.85600907,0.316561845,0.462197735,0.812754535
16,1,121318,0.8115,0.4196,86.2593,78.2579,52324,46122,14537,8335,7622,0.7649,0.478,86.0544,31.2603,759,5071,1669,123,0.860544218,0.312602965,0.458610272,0.812722109
14,1,121318,0.806,0.43,85.557,77.8373,51898,45882,14777,8761,7622,0.7285,0.5511,89.6825,28.5663,791,4762,1978,91,0.896825397,0.285662694,0.433305944,0.812662698
13,1,121318,0.8046,0.4324,84.9899,77.935,51554,46063,14596,9105,7622,0.778,0.4257,84.6939,32.4219,747,5183,1557,135,0.846938776,0.32421875,0.468926554,0.812469388
4,3,121318,0.7912,0.4606,83.277,76.8897,50515,45476,15183,10144,7622,0.7608,0.5042,86.3946,30.9128,762,5037,1703,120,0.863945578,0.309127789,0.455333134,0.812372789
17,3,121318,0.8124,0.4174,86.6763,78.171,52577,45977,14682,8082,7622,0.7742,0.4267,85.034,32.065,750,5151,1589,132,0.850340136,0.32064985,0.465693884,0.812270068
15,1,121318,0.8084,0.4254,85.9955,77.9556,52164,45908,14751,8495,7622,0.7709,0.4711,85.2608,31.7568,752,5124,1616,130,0.85260771,0.317567568,0.462769231,0.811753855
9,3,121318,0.7924,0.4611,83.3957,76.9993,50587,45548,15111,10072,7622,0.7414,0.5305,88.2086,29.414,778,4873,1867,104,0.882086168,0.294139887,0.441168132,0.811743084
17,2,121318,0.8109,0.424,85.5158,78.5645,51873,46506,14153,8786,7622,0.7431,0.553,87.9819,29.5282,776,4888,1852,106,0.879818594,0.295281583,0.442165242,0.811459297
9,2,121318,0.7994,0.4467,83.3545,78.0218,50562,46416,14243,10097,7622,0.7914,0.4739,83.1066,33.7167,733,5299,1441,149,0.83106576,0.337166513,0.479712042,0.81123288
19,2,121318,0.8131,0.418,86.0482,78.5978,52196,46446,14213,8463,7622,0.7864,0.4417,83.5601,33.1982,737,5257,1483,145,0.835600907,0.331981982,0.475177305,0.811000454
18,0,121318,0.811,0.4185,86.1884,78.2298,52281,46110,14549,8378,7622,0.7724,0.4403,84.9206,31.8588,749,5138,1602,133,0.849206349,0.318587835,0.463346737,0.810803175
22,2,121318,0.8197,0.4046,87.3572,78.8553,52990,46450,14209,7669,7622,0.7439,0.4922,87.6417,29.5489,773,4897,1843,109,0.876417234,0.295489297,0.441966838,0.810158617
5,1,121318,0.7891,0.4608,83.4946,76.4783,50647,45082,15577,10012,7622,0.7358,0.5269,88.4354,28.9747,780,4828,1912,102,0.884353741,0.2897474,0.43648573,0.810076871
29,2,121318,0.8355,0.3739,90.4334,79.4957,54856,46510,14149,5803,7622,0.7579,0.4684,86.1678,30.6081,760,5017,1723,122,0.861678005,0.306081353,0.451708767,0.809789002
23,2,121318,0.8217,0.4003,87.5682,79.0329,53118,46567,14092,7541,7622,0.7655,0.4435,85.3741,31.2319,753,5082,1658,129,0.853741497,0.31231854,0.457333738,0.809620748
3,1,121318,0.7868,0.4677,83.2506,76.2825,50499,44958,15701,10160,7622,0.7518,0.4665,86.7347,30.1181,765,4965,1775,117,0.867346939,0.301181102,0.447106955,0.809573469
21,3,121318,0.8223,0.3988,88.8442,78.4625,53892,45866,14793,6767,7622,0.746,0.5076,87.3016,29.6839,770,4916,1824,112,0.873015873,0.296838859,0.443037975,0.809507937
17,1,121318,0.8141,0.4147,86.8247,78.3455,52667,46102,14557,7992,7622,0.7334,0.5359,88.5488,28.7979,781,4809,1931,101,0.885487528,0.287979351,0.434613244,0.809443764
26,3,121318,0.8376,0.3705,91.3846,79.2988,55433,46188,14471,5226,7622,0.7708,0.4783,84.8073,31.6815,748,5127,1613,134,0.848072562,0.316814909,0.461301264,0.809436281
10,5,121318,0.8045,0.4392,84.1986,78.3211,51074,46522,14137,9585,7622,0.7684,0.5187,85.034,31.4729,750,5107,1633,132,0.850340136,0.314729333,0.45941807,0.809370068
15,0,121318,0.808,0.4271,85.2256,78.2956,51697,46328,14331,8962,7622,0.7502,0.5163,86.8481,29.9922,766,4952,1788,116,0.868480726,0.299921691,0.445867288,0.809340363
31,2,121318,0.8422,0.3629,91.6022,79.8153,55565,46607,14052,5094,7622,0.7747,0.4251,84.3537,32.0276,744,5161,1579,138,0.843537415,0.320275506,0.464274571,0.809118707
9,1,121318,0.7937,0.452,84.0485,76.8569,50983,45307,15352,9676,7622,0.7296,0.5289,88.7755,28.5246,783,4778,1962,99,0.887755102,0.285245902,0.431761787,0.808677551
15,5,121318,0.8094,0.427,85.163,78.5294,51659,46535,14124,9000,7622,0.784,0.464,83.3333,32.9006,735,5241,1499,147,0.833333333,0.329006267,0.471758665,0.808666667
16,0,121318,0.8098,0.4235,85.6295,78.3392,51942,46297,14362,8717,7622,0.7678,0.4745,84.9206,31.3915,749,5103,1637,133,0.849206349,0.313914501,0.458384333,0.808503175
18,1,121318,0.8163,0.4104,87.3358,78.3939,52977,46058,14601,7682,7622,0.7678,0.4569,84.9206,31.3915,749,5103,1637,133,0.849206349,0.313914501,0.458384333,0.808503175
1,1,121318,0.7796,0.4859,84.464,74.7443,51235,43347,17312,9424,7622,0.7553,0.5017,86.1678,30.3636,760,4997,1743,122,0.861678005,0.303635637,0.449039882,0.808489002
32,3,121318,0.8569,0.3359,93.4552,80.8907,56689,47267,13392,3970,7622,0.7768,0.4824,84.0136,32.2034,741,5180,1560,141,0.840136054,0.322033898,0.465598492,0.808468027
25,3,121318,0.8337,0.3767,90.8373,79.0296,55101,46038,14621,5558,7622,0.7649,0.4578,85.1474,31.136,751,5079,1661,131,0.851473923,0.311359867,0.455980571,0.808186961
10,0,121318,0.802,0.4419,84.4343,77.8398,51217,46078,14581,9442,7622,0.7715,0.4513,84.4671,31.7021,745,5135,1605,137,0.844671202,0.317021277,0.461014851,0.808085601
22,3,121318,0.8238,0.3953,88.9101,78.633,53932,46004,14655,6727,7622,0.7669,0.4479,84.9206,31.2996,749,5096,1644,133,0.849206349,0.312996239,0.45740458,0.808053175
6,1,121318,0.7903,0.4585,83.7468,76.5314,50800,45081,15578,9859,7622,0.7737,0.4423,84.2404,31.9021,743,5154,1586,139,0.842403628,0.319021039,0.462784179,0.808051814
16,5,121318,0.8109,0.4233,85.4943,78.5769,51860,46520,14139,8799,7622,0.7742,0.455,84.127,31.9415,742,5159,1581,140,0.841269841,0.31941455,0.463026521,0.807734921
29,3,121318,0.8467,0.3544,92.4529,79.9991,56081,46638,14021,4578,7622,0.7612,0.4829,85.3741,30.8101,753,5049,1691,129,0.853741497,0.308101473,0.452796152,0.807470748
10,1,121318,0.7966,0.4456,84.2348,77.175,51096,45547,15112,9563,7622,0.7747,0.4461,84.0136,31.981,741,5164,1576,141,0.840136054,0.319810099,0.463269772,0.807418027
21,0,121318,0.8187,0.4034,88.0776,78.3559,53427,45901,14758,7232,7622,0.7678,0.452,84.6939,31.3602,747,5105,1635,135,0.846938776,0.313602015,0.457720588,0.807369388
24,3,121318,0.829,0.3836,90.1795,78.7192,54702,45871,14788,5957,7622,0.7506,0.4851,86.3946,29.9646,762,4959,1781,120,0.863945578,0.299646087,0.444963504,0.807272789
11,4,121318,0.8058,0.4334,84.8431,78.1786,51465,46294,14365,9194,7622,0.7662,0.5207,84.8073,31.2187,748,5092,1648,134,0.848072562,0.312186978,0.456375839,0.807136281
19,0,121318,0.8156,0.4119,87.1495,78.3867,52864,46083,14576,7795,7622,0.7703,0.4621,84.3537,31.5655,744,5127,1613,138,0.843537415,0.315655494,0.45940105,0.806918707
18,5,121318,0.815,0.4179,86.2032,78.7868,52290,46580,14079,8369,7622,0.7575,0.4679,85.6009,30.4927,755,5019,1721,127,0.85600907,0.304927302,0.449672424,0.806754535
4,2,121318,0.7888,0.4667,83.0512,76.6532,50378,45315,15344,10281,7622,0.7631,0.4863,85.034,30.9406,750,5066,1674,132,0.850340136,0.309405941,0.453720508,0.806720068
27,2,121318,0.8301,0.3844,89.6174,79.1604,54361,46348,14311,6298,7622,0.7801,0.4352,83.3333,32.4647,735,5211,1529,147,0.833333333,0.324646643,0.467260013,0.806716667
20,1,121318,0.8212,0.4019,88.2392,78.6196,53525,46103,14556,7134,7622,0.781,0.4356,83.22,32.5499,734,5219,1521,148,0.832199546,0.325498891,0.467963022,0.806599773
24,0,121318,0.8273,0.3883,89.5283,78.8063,54307,46054,14605,6352,7622,0.7625,0.4775,85.034,30.8896,750,5062,1678,132,0.850340136,0.308896211,0.453172205,0.806420068
1,3,121318,0.783,0.4835,83.5029,75.626,50652,44334,16325,10007,7622,0.7443,0.532,86.8481,29.4729,766,4907,1833,116,0.868480726,0.294728742,0.440103419,0.806390363
21,5,121318,0.8215,0.4029,87.9919,78.7928,53375,46293,14366,7284,7622,0.7539,0.4794,85.8277,30.1834,757,4989,1751,125,0.858276644,0.301834131,0.44660767,0.806088322
14,0,121318,0.8062,0.4306,84.9157,78.1968,51509,46297,14362,9150,7622,0.7821,0.4903,82.9932,32.6349,732,5229,1511,150,0.829931973,0.32634864,0.46848,0.806015986
28,2,121318,0.833,0.3784,90.1482,79.2886,54683,46375,14284,5976,7622,0.7661,0.4513,84.5805,31.1743,746,5093,1647,136,0.845804989,0.311742583,0.455572519,0.805952494
20,0,121318,0.8154,0.4088,87.2204,78.3216,52907,46015,14644,7752,7622,0.7788,0.4339,83.22,32.3063,734,5202,1538,148,0.832199546,0.32306338,0.46544071,0.805499773
16,4,121318,0.8126,0.4155,86.2856,78.4049,52340,46243,14416,8319,7622,0.7425,0.4979,86.8481,29.315,766,4893,1847,116,0.868480726,0.293149636,0.438340486,0.805490363
27,3,121318,0.8399,0.3638,91.6863,79.4616,55616,46284,14375,5043,7622,0.7489,0.4991,86.1678,29.7806,760,4948,1792,122,0.861678005,0.297805643,0.442632499,0.805289002
2,3,121318,0.787,0.469,83.2721,76.301,50512,44970,15689,10147,7622,0.7613,0.5124,84.9206,30.7598,749,5054,1686,133,0.849206349,0.307597536,0.451612903,0.805253175
4,1,121318,0.7882,0.4634,83.5325,76.3378,50670,44953,15706,9989,7622,0.7633,0.4774,84.6939,30.9189,747,5071,1669,135,0.846938776,0.309188742,0.453001819,0.805119388
11,5,121318,0.8052,0.4377,84.4755,78.2787,51242,46440,14219,9417,7622,0.7791,0.4899,83.1066,32.3192,733,5205,1535,149,0.83106576,0.32319224,0.465396825,0.80508288
3,3,121318,0.7889,0.4658,83.2803,76.5513,50517,45185,15474,10142,7622,0.7608,0.4945,84.9206,30.7093,749,5050,1690,133,0.849206349,0.307093071,0.451068955,0.805003175
25,2,121318,0.8246,0.3938,88.4996,78.956,53683,46351,14308,6976,7622,0.7755,0.4378,83.4467,31.9861,736,5175,1565,146,0.83446712,0.31986093,0.462456802,0.80498356
23,5,121318,0.8259,0.3938,88.9332,78.9238,53946,46253,14406,6713,7622,0.7718,0.4874,83.7868,31.6488,739,5144,1596,143,0.837868481,0.316488223,0.459434256,0.80483424
26,1,121318,0.8415,0.3628,91.4885,79.7838,55496,46597,14062,5163,7622,0.7627,0.4911,84.6939,30.855,747,5066,1674,135,0.846938776,0.308550186,0.452316076,0.804819388
23,0,121318,0.8242,0.3939,89.0404,78.6347,54011,45984,14675,6648,7622,0.7648,0.4577,84.4671,31.0287,745,5084,1656,137,0.844671202,0.31028738,0.453853183,0.804735601
8,1,121318,0.7916,0.4544,83.948,76.6159,50922,45117,15542,9737,7622,0.7697,0.4351,83.9002,31.4492,740,5127,1613,142,0.839002268,0.314492138,0.457496136,0.804351134
16,2,121318,0.8086,0.4265,85.0624,78.4713,51598,46503,14156,9061,7622,0.7901,0.4263,81.8594,33.395,722,5300,1440,160,0.818594104,0.333950046,0.474375821,0.804347052
34,2,121318,0.8509,0.3474,92.6145,80.4961,56179,47047,13612,4480,7622,0.7526,0.493,85.6009,30.0318,755,4981,1759,127,0.85600907,0.300318218,0.444640754,0.804304535
8,4,121318,0.8012,0.4429,83.9051,77.9968,50896,46301,14358,9763,7622,0.7852,0.4282,82.3129,32.8953,726,5259,1481,156,0.823129252,0.32895333,0.470055034,0.804164626
30,3,121318,0.8505,0.3473,93.0678,80.2052,56454,46726,13933,4205,7622,0.7544,0.4646,85.3741,30.1683,753,4997,1743,129,0.853741497,0.301682692,0.445825933,0.804070748
11,0,121318,0.8044,0.4377,84.5002,78.1559,51257,46333,14326,9402,7622,0.7351,0.5523,87.3016,28.7635,770,4833,1907,112,0.873015873,0.287635413,0.432705816,0.804057937
24,1,121318,0.8354,0.3763,90.529,79.429,54914,46437,14222,5745,7622,0.7712,0.4538,83.6735,31.5654,738,5140,1600,144,0.836734694,0.315654405,0.458385093,0.803967347
13,5,121318,0.8078,0.432,84.67,78.5525,51360,46636,14023,9299,7622,0.7632,0.4592,84.4671,30.8744,745,5072,1668,137,0.844671202,0.308744302,0.452200303,0.803935601
12,5,121318,0.8062,0.4348,84.4359,78.4481,51218,46588,14071,9441,7622,0.7823,0.429,82.5397,32.6019,728,5235,1505,154,0.825396825,0.326018809,0.46741573,0.803848413
14,5,121318,0.8093,0.4285,85.0789,78.5653,51608,46579,14080,9051,7622,0.7709,0.4528,83.6735,31.5385,738,5138,1602,144,0.836734694,0.315384615,0.458100559,0.803817347
17,5,121318,0.8111,0.4229,85.6361,78.5347,51946,46461,14198,8713,7622,0.7844,0.4424,82.3129,32.8061,726,5253,1487,156,0.823129252,0.328061455,0.46914378,0.803764626
12,4,121318,0.8082,0.4299,84.886,78.502,51491,46558,14101,9168,7622,0.7594,0.5038,84.8073,30.5556,748,5040,1700,134,0.848072562,0.305555556,0.449249249,0.803736281
9,0,121318,0.7997,0.4456,84.0848,77.697,51005,46018,14641,9654,7622,0.7568,0.4975,85.034,30.3398,750,5018,1722,132,0.850340136,0.303398058,0.447227191,0.803570068
30,2,121318,0.8387,0.3685,90.9626,79.6561,55177,46567,14092,5482,7622,0.7623,0.4658,84.4671,30.7851,745,5065,1675,137,0.844671202,0.30785124,0.451241672,0.803485601
7,2,121318,0.7934,0.4567,82.8583,77.4056,50261,45988,14671,10398,7622,0.796,0.4195,81.0658,33.999,715,5352,1388,167,0.810657596,0.33999049,0.479061977,0.803328798
10,4,121318,0.8059,0.4356,84.459,78.3975,51232,46542,14117,9427,7622,0.7573,0.4928,84.9206,30.3731,749,5023,1717,133,0.849206349,0.303730738,0.447431302,0.803253175
3,2,121318,0.7876,0.47,83.0973,76.4666,50406,45146,15513,10253,7622,0.7617,0.4726,84.4671,30.7343,745,5061,1679,137,0.844671202,0.307343234,0.450695705,0.803185601
28,3,121318,0.843,0.3585,92.082,79.6839,55856,46418,14241,4803,7622,0.7627,0.4505,84.3537,30.8075,744,5069,1671,138,0.843537415,0.308074534,0.451319381,0.803118707
7,5,121318,0.7981,0.45,83.3067,77.8581,50533,46288,14371,10126,7622,0.7375,0.5461,86.8481,28.8948,766,4855,1885,116,0.868480726,0.288947567,0.433625814,0.802990363
1,2,121318,0.783,0.4825,83.5853,75.59,50702,44286,16373,9957,7622,0.7443,0.5421,86.1678,29.3777,760,4913,1827,122,0.861678005,0.293776575,0.438166619,0.802989002
33,2,121318,0.846,0.355,91.9896,80.1482,55800,46838,13821,4859,7622,0.7623,0.47,84.3537,30.7692,744,5066,1674,138,0.843537415,0.307692308,0.450909091,0.802918707
31,3,121318,0.8546,0.3407,93.4124,80.5914,56663,47013,13646,3996,7622,0.77,0.4652,83.5601,31.4286,737,5132,1608,145,0.835600907,0.314285714,0.456770995,0.802800454
12,0,121318,0.8045,0.4378,84.5629,78.1376,51295,46307,14352,9364,7622,0.7846,0.4274,82.0862,32.7899,724,5256,1484,158,0.820861678,0.327898551,0.468608414,0.802730839
34,3,121318,0.862,0.3252,93.9399,81.345,56983,47591,13068,3676,7622,0.7718,0.4856,83.3333,31.5857,735,5148,1592,147,0.833333333,0.315857327,0.458086631,0.802566667
23,1,121318,0.8309,0.3839,89.9042,79.1165,54535,46264,14395,6124,7622,0.7638,0.4588,84.127,30.8909,742,5080,1660,140,0.841269841,0.308909242,0.451887942,0.802534921
40,3,121318,0.8779,0.2955,94.8483,83.1104,57534,48967,11692,3125,7622,0.7875,0.4658,81.746,33.0734,721,5281,1459,161,0.817460317,0.330733945,0.47093403,0.802480159
22,0,121318,0.8212,0.3993,88.4321,78.5204,53642,45985,14674,7017,7622,0.7335,0.5208,87.0748,28.6034,768,4823,1917,114,0.870748299,0.28603352,0.430613961,0.80212415
21,1,121318,0.8237,0.3967,88.7848,78.6885,53856,46073,14586,6803,7622,0.7709,0.4449,83.3333,31.491,735,5141,1599,147,0.833333333,0.314910026,0.457089552,0.802116667
20,5,121318,0.8188,0.4087,87.2863,78.7679,52947,46387,14272,7712,7622,0.7785,0.4433,82.5397,32.1839,728,5206,1534,154,0.825396825,0.32183908,0.463104326,0.801948413
22,1,121318,0.8283,0.3884,89.4805,78.9716,54278,46206,14453,6381,7622,0.7305,0.5132,87.3016,28.3923,770,4798,1942,112,0.873015873,0.283923304,0.428491931,0.801757937
27,0,121318,0.8351,0.3732,90.7516,79.2768,55049,46269,14390,5610,7622,0.7528,0.5059,85.034,29.976,750,4988,1752,132,0.850340136,0.299760192,0.443262411,0.801570068
22,5,121318,0.8233,0.3976,88.4403,78.8069,53647,46232,14427,7012,7622,0.7469,0.501,85.6009,29.5268,755,4938,1802,127,0.85600907,0.295267892,0.439081128,0.801454535
8,6,121318,0.8037,0.4399,84.0073,78.3174,50958,46551,14108,9701,7622,0.7514,0.5334,85.1474,29.8608,751,4976,1764,131,0.851473923,0.29860835,0.442154843,0.801436961
7,0,121318,0.7938,0.4548,83.8078,76.9896,50837,45465,15194,9822,7622,0.7591,0.4493,84.3537,30.4668,744,5042,1698,138,0.843537415,0.304668305,0.44765343,0.801318707
26,0,121318,0.8322,0.3788,90.4862,79.0062,54888,46074,14585,5771,7622,0.7612,0.4736,84.127,30.6358,742,5060,1680,140,0.841269841,0.306358382,0.449152542,0.801234921
32,2,121318,0.8452,0.357,91.9583,80.0531,55781,46760,13899,4878,7622,0.7548,0.4616,84.6939,30.1088,747,5006,1734,135,0.846938776,0.301088271,0.444246209,0.800869388
13,4,121318,0.8093,0.4267,85.4234,78.374,51817,46361,14298,8842,7622,0.7581,0.4712,84.3537,30.3673,744,5034,1706,138,0.843537415,0.303673469,0.446578631,0.800818707
8,5,121318,0.7997,0.4459,83.6776,77.9035,50758,46262,14397,9901,7622,0.7522,0.4748,84.9206,29.9002,749,4984,1756,133,0.849206349,0.299001996,0.442279303,0.800703175
41,2,121318,0.869,0.3122,94.1245,82.2351,57095,48325,12334,3564,7622,0.7713,0.4869,82.9932,31.4839,732,5147,1593,150,0.829931973,0.31483871,0.456501403,0.800615986
14,4,121318,0.8099,0.4243,85.5652,78.3856,51903,46347,14312,8756,7622,0.7938,0.4072,80.7256,33.6802,712,5338,1402,170,0.807256236,0.336802271,0.475300401,0.800528118
35,3,121318,0.8636,0.3224,93.9498,81.5737,56989,47786,12873,3670,7622,0.7949,0.4376,80.6122,33.8088,711,5348,1392,171,0.806122449,0.338088445,0.47638191,0.800511224
6,5,121318,0.7947,0.4533,83.2622,77.3896,50506,45903,14756,10153,7622,0.7642,0.5119,83.6735,30.8657,738,5087,1653,144,0.836734694,0.308657465,0.45096242,0.800467347
2,2,121318,0.7855,0.474,83.3875,76.0357,50582,44717,15942,10077,7622,0.7674,0.4691,83.3333,31.1309,735,5114,1626,147,0.833333333,0.311308767,0.453283996,0.800366667
0,3,121318,0.6424,0.6275,68.9626,63.0114,41832,36103,24556,18827,7622,0.7141,0.5447,88.6621,27.3331,782,4661,2079,100,0.886621315,0.273331003,0.417846647,0.800360658
12,6,121318,0.8089,0.4293,84.9833,78.5464,51550,46579,14080,9109,7622,0.7533,0.52,84.6939,29.9759,747,4995,1745,135,0.846938776,0.29975923,0.442797866,0.800119388
11,9,121318,0.8049,0.4315,84.8431,78.047,51465,46183,14476,9194,7617,0.7483,0.5242,85.1936,29.5069,748,4952,1787,130,0.851936219,0.295069034,0.438324055,0.800118109
15,9,121318,0.8139,0.4138,86.3944,78.5403,52406,46340,14319,8253,7617,0.7527,0.5088,84.738,29.8316,744,4989,1750,134,0.84738041,0.298315958,0.441281139,0.800040205
0,2,121318,0.66,0.6185,71.3497,64.4537,43280,36790,23869,17379,7622,0.7178,0.4779,88.2086,27.5398,778,4693,2047,104,0.882086168,0.27539823,0.419746426,0.799943084
36,0,121318,0.8594,0.33,93.714,81.1078,56846,47418,13241,3813,7622,0.7789,0.444,82.0862,32.1635,724,5213,1527,158,0.820861678,0.321634829,0.462176827,0.799880839
33,3,121318,0.8596,0.329,93.6036,81.1859,56779,47501,13158,3880,7622,0.7766,0.4684,82.3129,31.9402,726,5193,1547,156,0.823129252,0.319401672,0.46022187,0.799864626
7,1,121318,0.7915,0.4571,83.8804,76.6326,50881,45144,15515,9778,7622,0.7788,0.4132,82.0862,32.1492,724,5212,1528,158,0.820861678,0.321492007,0.462029355,0.799830839
19,1,121318,0.8186,0.4057,87.7545,78.5002,53231,46080,14579,7428,7622,0.7425,0.4675,85.7143,29.1554,756,4903,1837,126,0.857142857,0.291554184,0.435107914,0.799821429
9,8,121318,0.8041,0.4356,84.3041,78.2106,51138,46412,14247,9521,7622,0.757,0.526,84.2404,30.2524,743,5027,1713,139,0.842403628,0.30252443,0.445176753,0.799701814
28,0,121318,0.8371,0.3708,91.2676,79.2879,55362,46197,14462,5297,7622,0.776,0.4373,82.3129,31.8841,726,5189,1551,156,0.823129252,0.31884058,0.459639126,0.799564626
12,9,121318,0.8085,0.4267,85.4267,78.2563,51819,46261,14398,8840,7617,0.7517,0.4997,84.738,29.7481,744,4982,1757,134,0.84738041,0.297481008,0.440366972,0.799540205
10,9,121318,0.804,0.4348,84.7591,77.9591,51414,46123,14536,9245,7617,0.7653,0.4847,83.3713,30.834,732,5097,1642,146,0.833712984,0.308340354,0.450184502,0.799506492
5,2,121318,0.7895,0.4643,83.0561,76.7523,50381,45399,15260,10278,7622,0.7768,0.4303,82.1995,31.9524,725,5196,1544,157,0.821995465,0.319524019,0.460171374,0.799397732
10,6,121318,0.8067,0.4335,84.5217,78.4773,51270,46598,14061,9389,7622,0.7641,0.4962,83.4467,30.8208,736,5088,1652,146,0.83446712,0.308207705,0.450152905,0.79928356
44,2,121318,0.8774,0.297,94.5136,83.2428,57331,49118,11541,3328,7622,0.7821,0.483,81.6327,32.447,720,5241,1499,162,0.816326531,0.324470482,0.464366333,0.799213265
19,6,121318,0.821,0.4046,87.6407,78.9046,53162,46446,14213,7497,7622,0.7592,0.5201,83.9002,30.4151,740,5047,1693,142,0.839002268,0.304151254,0.446455505,0.799101134
25,1,121318,0.8384,0.3688,91.0615,79.5681,55237,46475,14184,5422,7622,0.7522,0.514,84.5805,29.8519,746,4987,1753,136,0.845804989,0.298519408,0.441289559,0.799002494
9,5,121318,0.8023,0.4427,83.9678,78.1244,50934,46397,14262,9725,7622,0.7768,0.4855,82.0862,31.9365,724,5197,1543,158,0.820861678,0.319364799,0.459828517,0.798830839
2,1,121318,0.7867,0.4713,83.3545,76.2073,50562,44873,15786,10097,7622,0.7892,0.4351,80.839,33.1474,713,5302,1438,169,0.808390023,0.331473733,0.470161556,0.798795011
7,9,121318,0.7959,0.4479,84.0024,77.1905,50955,45602,15057,9704,7617,0.7853,0.4609,81.2073,32.6615,713,5269,1470,165,0.812072893,0.32661475,0.46586083,0.798686446
28,1,121318,0.8487,0.3504,92.2452,80.3893,55955,47009,13650,4704,7622,0.7491,0.4762,84.8073,29.612,748,4962,1778,134,0.848072562,0.296120348,0.438967136,0.798586281
15,8,121318,0.8167,0.4096,86.5626,78.8456,52508,46571,14088,8151,7622,0.7661,0.4941,83.1066,30.9675,733,5106,1634,149,0.83106576,0.309674694,0.451215759,0.79858288
43,3,121318,0.8852,0.2826,95.2175,83.9689,57758,49632,11027,2901,7622,0.7977,0.4666,79.932,34.058,705,5375,1365,177,0.799319728,0.34057971,0.477642276,0.798509864
15,6,121318,0.8129,0.4206,85.6246,78.7981,51939,46684,13975,8720,7622,0.7613,0.499,83.5601,30.5682,737,5066,1674,145,0.835600907,0.30568229,0.447616155,0.798450454
17,6,121318,0.8163,0.4153,86.4109,78.8649,52416,46612,14047,8243,7622,0.7428,0.5296,85.3741,29.1409,753,4909,1831,129,0.853741497,0.291408669,0.434506636,0.798270748
21,4,121318,0.8261,0.3921,88.9942,78.9144,53983,46235,14424,6676,7622,0.7776,0.4383,81.8594,31.9894,722,5205,1535,160,0.818594104,0.319893664,0.460019114,0.798097052
15,4,121318,0.8122,0.4203,85.9741,78.504,52151,46379,14280,8508,7622,0.7669,0.4888,82.8798,31.014,731,5114,1626,151,0.828798186,0.310140008,0.451373881,0.797849093
6,0,121318,0.791,0.4592,83.826,76.5933,50848,45120,15539,9811,7622,0.7408,0.5465,85.4875,28.9777,754,4892,1848,128,0.854875283,0.289777095,0.432835821,0.797837642
17,0,121318,0.8112,0.4195,86.0878,78.3143,52220,46199,14460,8439,7622,0.7634,0.4476,83.22,30.7242,734,5085,1655,148,0.832199546,0.307241524,0.448792418,0.797799773
16,6,121318,0.8161,0.4166,86.0927,79.0096,52223,46785,13874,8436,7622,0.7804,0.4592,81.5193,32.2422,719,5229,1511,163,0.815192744,0.322421525,0.462082262,0.797796372
13,9,121318,0.8107,0.4218,85.9164,78.3287,52116,46240,14419,8543,7617,0.7596,0.4624,83.5991,30.3181,734,5052,1687,144,0.835990888,0.303180504,0.444983328,0.797795444
7,4,121318,0.7981,0.4476,83.582,77.7178,50700,46123,14536,9959,7622,0.761,0.4912,83.4467,30.5141,736,5064,1676,146,0.83446712,0.305140962,0.446873103,0.79773356
18,4,121318,0.8188,0.4057,87.4874,78.6639,53069,46265,14394,7590,7622,0.7673,0.4516,82.7664,31.0374,730,5118,1622,152,0.827664399,0.31037415,0.451453309,0.7974822
45,3,121318,0.8885,0.2761,95.3197,84.4051,57820,49976,10683,2839,7622,0.791,0.4774,80.3855,33.302,709,5320,1420,173,0.803854875,0.333020197,0.470939887,0.797427438
21,6,121318,0.8276,0.3926,88.6299,79.3114,53762,46635,14024,6897,7622,0.7613,0.4747,83.3333,30.5359,735,5068,1672,147,0.833333333,0.305359369,0.44694436,0.797316667
30,0,121318,0.8432,0.3579,92.0473,79.729,55835,46463,14196,4824,7622,0.7612,0.4731,83.3333,30.5233,735,5067,1673,147,0.833333333,0.305232558,0.446808511,0.797266667
40,2,121318,0.8673,0.3168,93.958,82.0967,56994,48230,12429,3665,7622,0.7644,0.4887,82.9932,30.7822,732,5094,1646,150,0.829931973,0.307821699,0.449079755,0.797165986
13,8,121318,0.8126,0.4168,85.7416,78.685,52010,46570,14089,8649,7622,0.7768,0.5026,81.746,31.8885,721,5200,1540,161,0.817460317,0.318885449,0.458797327,0.797130159
8,9,121318,0.7999,0.4439,84.1903,77.6668,51069,45974,14685,9590,7617,0.7465,0.5252,84.738,29.2798,744,4942,1797,134,0.84738041,0.292798111,0.435214975,0.796940205
35,2,121318,0.8532,0.3425,92.7793,80.7354,56279,47230,13429,4380,7622,0.7627,0.4878,83.1066,30.631,733,5080,1660,149,0.83106576,0.306310071,0.447633588,0.79688288
19,5,121318,0.8152,0.4136,86.5857,78.6269,52522,46382,14277,8137,7622,0.7717,0.4559,82.1995,31.4125,725,5157,1583,157,0.821995465,0.314124783,0.454545455,0.796847732
24,5,121318,0.8294,0.386,89.3239,79.2056,54183,46434,14225,6476,7622,0.7602,0.4947,83.3333,30.4222,735,5059,1681,147,0.833333333,0.304221854,0.445724682,0.796766667
25,0,121318,0.8292,0.3842,89.9669,78.8593,54573,46029,14630,6086,7622,0.776,0.4487,81.746,31.8041,721,5194,1546,161,0.817460317,0.318041464,0.45792315,0.796730159
11,8,121318,0.8109,0.4238,85.2948,78.6737,51739,46634,14025,8920,7622,0.7699,0.4955,82.3129,31.2392,726,5142,1598,156,0.823129252,0.312392427,0.452900811,0.796514626
14,6,121318,0.812,0.4239,85.4482,78.7541,51832,46676,13983,8827,7622,0.7641,0.4637,82.8798,30.7401,731,5093,1647,151,0.828798186,0.307401177,0.448466258,0.796449093
4,4,121318,0.7905,0.461,83.549,76.6508,50680,45221,15438,9979,7622,0.7743,0.4635,81.8594,31.6389,722,5180,1560,160,0.818594104,0.316389132,0.456384324,0.796447052
31,4,121318,0.8576,0.3341,93.1733,81.1446,56518,47526,13133,4141,7622,0.7686,0.5031,82.4263,31.1216,727,5131,1609,155,0.824263039,0.311215753,0.451833437,0.796431519
34,0,121318,0.8518,0.3432,92.7348,80.566,56252,47090,13569,4407,7622,0.74,0.519,85.2608,28.8786,752,4888,1852,130,0.85260771,0.288786482,0.431440046,0.796303855
4,0,121318,0.7898,0.4641,83.6809,76.4942,50760,45061,15598,9899,7622,0.7599,0.4694,83.22,30.3808,734,5058,1682,148,0.832199546,0.303807947,0.445118253,0.796049773
9,9,121318,0.8025,0.4388,84.2018,78.0299,51076,46278,14381,9583,7617,0.7445,0.5147,84.738,29.108,744,4927,1812,134,0.84738041,0.291079812,0.43331392,0.795940205
8,0,121318,0.7962,0.4501,83.8655,77.2978,50872,45718,14941,9787,7622,0.7947,0.3929,79.7052,33.6525,703,5354,1386,179,0.797052154,0.336524653,0.473241333,0.795876077
17,4,121318,0.8159,0.4106,87.0192,78.493,52785,46196,14463,7874,7622,0.7844,0.4359,80.7256,32.5858,712,5267,1473,170,0.807256236,0.325858124,0.464297359,0.795828118
36,3,121318,0.8683,0.3154,94.2086,82.0886,57146,48190,12469,3513,7622,0.7889,0.4395,80.2721,33.0378,708,5305,1435,174,0.802721088,0.330377975,0.468099174,0.795810544
33,0,121318,0.8499,0.3469,92.5732,80.3842,56154,46956,13703,4505,7622,0.7707,0.4557,82.0862,31.2878,724,5150,1590,158,0.820861678,0.312878133,0.453066333,0.795780839
33,1,121318,0.8643,0.3218,93.7437,81.7811,56864,47991,12668,3795,7622,0.7695,0.4717,82.1995,31.1828,725,5140,1600,157,0.821995465,0.311827957,0.452135953,0.795747732
40,0,121318,0.8708,0.3094,94.3965,82.3518,57260,48388,12271,3399,7622,0.7818,0.4716,80.9524,32.3223,714,5245,1495,168,0.80952381,0.323223178,0.461986412,0.795661905
12,7,121318,0.8088,0.4288,85.0921,78.4807,51616,46506,14153,9043,7622,0.7523,0.4922,83.9002,29.7667,740,4994,1746,142,0.839002268,0.297666935,0.439429929,0.795651134
3,0,121318,0.7885,0.4686,83.7403,76.2852,50796,44868,15791,9863,7622,0.7442,0.508,84.6939,29.1569,747,4925,1815,135,0.846938776,0.291569087,0.433797909,0.795569388
2,0,121318,0.7793,0.4816,83.4287,75.1693,50607,43942,16717,10052,7622,0.744,0.4861,84.6939,29.1455,747,4924,1816,135,0.846938776,0.291455326,0.433671988,0.795469388
41,0,121318,0.8734,0.3055,94.685,82.5583,57435,48525,12134,3224,7622,0.78,0.4679,81.0658,32.1348,715,5230,1510,167,0.810657596,0.321348315,0.460251046,0.795328798
19,4,121318,0.8199,0.4022,87.7644,78.682,53237,46235,14424,7422,7622,0.7741,0.4432,81.6327,31.5789,720,5180,1560,162,0.816326531,0.315789474,0.45540797,0.795213265
13,7,121318,0.8097,0.4262,85.1135,78.5961,51629,46599,14060,9030,7622,0.7603,0.5029,82.9932,30.3861,732,5063,1677,150,0.829931973,0.303860523,0.44484959,0.795115986
11,6,121318,0.8084,0.4311,84.7887,78.5869,51432,46645,14014,9227,7622,0.7784,0.4536,81.1791,31.9786,716,5217,1523,166,0.811791383,0.319785619,0.458827299,0.795095692
12,8,121318,0.8113,0.4214,85.43,78.6704,51821,46609,14050,8838,7622,0.7749,0.4881,81.5193,31.6461,719,5187,1553,163,0.815192744,0.316461268,0.455928979,0.795046372
37,0,121318,0.8628,0.3244,93.7157,81.5818,56847,47825,12834,3812,7622,0.7726,0.4806,81.746,31.4435,721,5168,1572,161,0.817460317,0.314435238,0.454173228,0.795030159
27,1,121318,0.8456,0.3571,91.9831,80.0919,55796,46790,13869,4863,7622,0.7499,0.5205,84.0136,29.569,741,4975,1765,141,0.840136054,0.295690343,0.43742621,0.795018027
23,8,121318,0.8438,0.3597,91.2857,80.2077,55373,46995,13664,5286,7622,0.7532,0.4953,83.6735,29.8182,738,5003,1737,144,0.836734694,0.298181818,0.439678284,0.794967347
38,2,121318,0.8623,0.326,93.3942,81.6853,56652,47957,12702,4007,7622,0.76,0.5126,82.9932,30.3608,732,5061,1679,150,0.829931973,0.303608461,0.444579411,0.794965986
7,6,121318,0.8014,0.4448,83.9711,77.9959,50936,46289,14370,9723,7622,0.7804,0.4397,80.9524,32.1622,714,5234,1506,168,0.80952381,0.321621622,0.460348162,0.794961905
6,6,121318,0.799,0.4491,83.6364,77.8161,50733,46196,14463,9926,7622,0.7543,0.4995,83.5601,29.8986,737,5012,1728,145,0.835600907,0.298985801,0.440394383,0.794950454
1,0,121318,0.7816,0.4851,84.0601,75.1854,50990,43830,16829,9669,7622,0.7428,0.5416,84.6939,29.0435,747,4915,1825,135,0.846938776,0.290435459,0.43254198,0.794869388
37,2,121318,0.8589,0.3321,93.2656,81.2705,56574,47621,13038,4085,7622,0.7818,0.4306,80.7256,32.2902,712,5247,1493,170,0.807256236,0.322902494,0.461289278,0.794528118
27,4,121318,0.8446,0.3587,91.6517,80.1335,55595,46876,13783,5064,7622,0.767,0.4725,82.1995,30.93,725,5121,1619,157,0.821995465,0.309300341,0.449473032,0.794497732
6,4,121318,0.7946,0.454,83.643,77.183,50737,45660,14999,9922,7622,0.7431,0.4917,84.5805,29.0498,746,4918,1822,136,0.845804989,0.290498442,0.432463768,0.794452494
9,4,121318,0.8022,0.4404,84.1953,78.0011,51072,46255,14404,9587,7622,0.7792,0.4589,80.9524,32.0323,714,5225,1515,168,0.80952381,0.320323015,0.459016393,0.794361905
17,8,121318,0.8225,0.3976,87.71,79.0808,53204,46585,14074,7455,7622,0.7326,0.5748,85.6009,28.3196,755,4829,1911,127,0.85600907,0.283195799,0.425591883,0.794304535
35,0,121318,0.8573,0.3343,93.442,80.9567,56681,47326,13333,3978,7622,0.7711,0.4704,81.746,31.2798,721,5156,1584,161,0.817460317,0.312798265,0.452463131,0.794280159
20,4,121318,0.8232,0.3967,88.3463,78.8506,53590,46285,14374,7069,7622,0.7983,0.4218,79.0249,34.0166,697,5388,1352,185,0.790249433,0.340165935,0.475605595,0.794274717
0,5,121318,0.6589,0.6123,70.1808,64.6318,42571,37363,23296,18088,7622,0.7484,0.5058,84.0136,29.4281,741,4963,1777,141,0.840136054,0.294281176,0.435882353,0.794268027
29,0,121318,0.8404,0.3631,91.7638,79.4879,55663,46295,14364,4996,7622,0.7347,0.5243,85.3741,28.458,753,4847,1893,129,0.853741497,0.284580499,0.426870748,0.794220748
26,4,121318,0.8401,0.3639,91.2824,79.69,55371,46547,14112,5288,7622,0.7753,0.4374,81.2925,31.6556,717,5192,1548,165,0.81292517,0.316556291,0.455672069,0.794112585
3,5,121318,0.7896,0.4639,83.2902,76.6545,50523,45272,15387,10136,7622,0.757,0.4754,83.1066,30.0903,733,5037,1703,149,0.83106576,0.30090312,0.441832429,0.79403288
1,9,121318,0.7801,0.4888,84.2332,74.9051,51095,43541,17118,9564,7617,0.7428,0.5246,84.5103,28.9279,742,4916,1823,136,0.845102506,0.289278752,0.43101946,0.793951253
18,6,121318,0.8197,0.4094,87.0984,78.9955,52833,46611,14048,7826,7622,0.7498,0.4825,83.7868,29.5246,739,4976,1764,143,0.837868481,0.295245705,0.436632201,0.79383424
26,5,121318,0.8358,0.3746,90.4367,79.5355,54858,46544,14115,5801,7622,0.7611,0.4697,82.6531,30.413,729,5072,1668,153,0.826530612,0.304130163,0.444647758,0.793815306
14,7,121318,0.8108,0.4242,85.4745,78.5742,51848,46521,14138,8811,7622,0.7667,0.483,82.0862,30.8874,724,5120,1620,158,0.820861678,0.30887372,0.448853069,0.793780839
11,7,121318,0.8069,0.4338,84.5431,78.4948,51283,46609,14050,9376,7622,0.744,0.4952,84.3537,29.0966,744,4927,1813,138,0.843537415,0.290965976,0.43268392,0.793768707
5,0,121318,0.7902,0.4616,83.8029,76.4835,50834,45029,15630,9825,7622,0.7768,0.4481,81.0658,31.7919,715,5206,1534,167,0.810657596,0.317919075,0.456723092,0.793728798
9,6,121318,0.8064,0.4362,84.3387,78.5298,51159,46672,13987,9500,7622,0.7756,0.4743,81.1791,31.6814,716,5196,1544,166,0.811791383,0.316814159,0.455760662,0.793695692
1,5,121318,0.786,0.4753,83.5408,76.0269,50675,44680,15979,9984,7622,0.7616,0.4242,82.5397,30.4475,728,5077,1663,154,0.825396825,0.304475115,0.444851818,0.793498413
37,1,121318,0.8751,0.3024,94.4707,82.9257,57305,48860,11799,3354,7622,0.7763,0.4756,81.0658,31.7355,715,5202,1538,167,0.810657596,0.317354638,0.456140351,0.793478798
2,4,121318,0.7883,0.4696,83.3825,76.4195,50579,45052,15607,10080,7622,0.7377,0.5313,84.9206,28.6424,749,4874,1866,133,0.849206349,0.286424474,0.428367172,0.793453175
9,7,121318,0.8042,0.4408,84.009,78.3888,50959,46610,14049,9700,7622,0.7581,0.4794,82.8798,30.1568,731,5047,1693,151,0.828798186,0.301567657,0.442226255,0.793449093
20,7,121318,0.8199,0.4027,87.949,78.5896,53349,46125,14534,7310,7622,0.7566,0.4879,82.9932,30.0369,732,5035,1705,150,0.829931973,0.300369307,0.441096716,0.793265986
5,4,121318,0.7921,0.457,83.3116,76.9896,50536,45555,15104,10123,7622,0.777,0.463,80.9524,31.7898,714,5208,1532,168,0.80952381,0.317898486,0.456521739,0.793261905
32,1,121318,0.8604,0.3299,93.3134,81.4607,56603,47777,12882,4056,7622,0.7652,0.4693,82.0862,30.7301,724,5108,1632,158,0.820861678,0.307300509,0.447189623,0.793030839
36,1,121318,0.8728,0.3057,94.2103,82.739,57147,48737,11922,3512,7622,0.772,0.5092,81.4059,31.3264,718,5166,1574,164,0.814058957,0.313263525,0.452425961,0.793029478
28,5,121318,0.8416,0.3627,91.3418,79.8682,55407,46693,13966,5252,7622,0.7606,0.4697,82.5397,30.346,728,5069,1671,154,0.825396825,0.303459775,0.443767144,0.792998413
32,0,121318,0.8489,0.3467,92.7134,80.1708,56239,46749,13910,4420,7622,0.756,0.4767,82.9932,29.9754,732,5030,1710,150,0.829931973,0.2997543,0.440433213,0.792965986
38,1,121318,0.878,0.2973,94.5482,83.3023,57352,49163,11496,3307,7622,0.7615,0.5345,82.4263,30.4184,727,5077,1663,155,0.824263039,0.3041841,0.444376528,0.792881519
2,5,121318,0.7892,0.4672,83.5523,76.4723,50682,45066,15593,9977,7622,0.7477,0.4834,83.7868,29.337,739,4960,1780,143,0.837868481,0.293370385,0.434578065,0.79278424
31,0,121318,0.8468,0.353,92.3902,80.0408,56043,46684,13975,4616,7622,0.7645,0.4693,82.0862,30.665,724,5103,1637,158,0.820861678,0.306649725,0.446500154,0.792680839
22,6,121318,0.8296,0.3876,89.0025,79.4128,53988,46663,13996,6671,7622,0.7554,0.501,82.9932,29.9264,732,5026,1714,150,0.829931973,0.299264105,0.439903846,0.792665986
29,4,121318,0.8504,0.3482,92.2979,80.5963,55987,47180,13479,4672,7622,0.7758,0.4325,80.9524,31.663,714,5199,1541,168,0.80952381,0.316629712,0.455211986,0.792661905
37,3,121318,0.8717,0.3092,94.5515,82.3827,57354,48394,12265,3305,7622,0.7961,0.4598,78.9116,33.7209,696,5372,1368,186,0.789115646,0.337209302,0.472505092,0.792607823
16,9,121318,0.8153,0.4085,87.3918,78.2231,53011,45901,14758,7648,7617,0.7856,0.4263,79.9544,32.5151,702,5282,1457,176,0.799544419,0.325150533,0.462298321,0.79257221
5,6,121318,0.7943,0.4568,83.4567,77.2414,50624,45743,14916,10035,7622,0.7459,0.5206,83.9002,29.1913,740,4945,1795,142,0.839002268,0.291913215,0.433128475,0.792451134
5,9,121318,0.7909,0.4587,83.516,76.7308,50660,45296,15363,9999,7617,0.7466,0.5068,83.8269,29.1601,736,4951,1788,142,0.838268793,0.291600634,0.432686655,0.792434396
34,1,121318,0.8666,0.3169,93.7487,82.1066,56867,48266,12393,3792,7622,0.7821,0.4702,80.2721,32.2551,708,5253,1487,174,0.802721088,0.322551253,0.460188495,0.792410544
8,7,121318,0.7996,0.447,83.8392,77.7972,50856,46145,14514,9803,7622,0.7673,0.493,81.746,30.8912,721,5127,1613,161,0.817460317,0.30891174,0.448383085,0.792380159
28,4,121318,0.8461,0.3549,91.9023,80.208,55747,46903,13756,4912,7622,0.7718,0.4553,81.2925,31.2964,717,5166,1574,165,0.81292517,0.312963771,0.451938229,0.792362585
29,1,121318,0.8524,0.345,92.7645,80.6276,56270,47139,13520,4389,7622,0.7683,0.4674,81.6327,30.9811,720,5136,1604,162,0.816326531,0.309810671,0.449157829,0.792313265
7,8,121318,0.7971,0.4472,83.8622,77.4324,50870,45833,14826,9789,7622,0.7558,0.4473,82.8798,29.9467,731,5030,1710,151,0.828798186,0.299467431,0.439963888,0.792299093
27,5,121318,0.8391,0.3684,91.0747,79.6611,55245,46554,14105,5414,7622,0.7795,0.4621,80.4989,31.9964,710,5231,1509,172,0.804988662,0.319963948,0.457916801,0.792244331
43,0,121318,0.8767,0.2986,94.6817,83.0389,57433,48928,11731,3226,7622,0.7873,0.4813,79.7052,32.7739,703,5298,1442,179,0.797052154,0.327738928,0.46448629,0.792176077
42,2,121318,0.8733,0.3061,94.2746,82.7835,57186,48766,11893,3473,7622,0.7691,0.4938,81.5193,31.0449,719,5143,1597,163,0.815192744,0.31044905,0.449656035,0.792146372
20,6,121318,0.8242,0.3985,87.9985,79.1703,53379,46615,14044,7280,7622,0.7781,0.4421,80.6122,31.8691,711,5220,1520,171,0.806122449,0.31869117,0.456794089,0.792111224
39,2,121318,0.864,0.3231,93.4799,81.8819,56704,48112,12547,3955,7622,0.7722,0.4581,81.1791,31.3211,716,5170,1570,166,0.811791383,0.313210849,0.452020202,0.791995692
13,6,121318,0.8101,0.4267,85.2817,78.5636,51731,46544,14115,8928,7622,0.7913,0.4267,79.2517,33.1751,699,5332,1408,183,0.792517007,0.331751305,0.467714955,0.791908503
29,5,121318,0.8433,0.3598,91.7819,79.8743,55674,46631,14028,4985,7622,0.7533,0.477,82.9932,29.7319,732,5010,1730,150,0.829931973,0.297319253,0.437799043,0.791615986
36,2,121318,0.8576,0.3357,92.9672,81.2603,56393,47654,13005,4266,7622,0.7791,0.4445,80.3855,31.9369,709,5229,1511,173,0.803854875,0.319369369,0.457124436,0.791477438
1,4,121318,0.7808,0.4851,84.1474,75.0445,51043,43685,16974,9616,7622,0.7347,0.5603,84.8073,28.3763,748,4852,1888,134,0.848072562,0.283763278,0.425241615,0.791386281
10,7,121318,0.8057,0.4365,84.403,78.3959,51198,46550,14109,9461,7622,0.7821,0.4781,80.0454,32.2227,706,5255,1485,176,0.800453515,0.322227293,0.459485844,0.791276757
39,3,121318,0.8764,0.3014,94.723,82.9635,57458,48860,11799,3201,7622,0.7943,0.4695,78.7982,33.4778,695,5359,1381,187,0.787981859,0.33477842,0.469912103,0.79114093
24,4,121318,0.8344,0.3751,90.1927,79.4614,54710,46518,14141,5949,7622,0.7827,0.4389,79.932,32.2802,705,5261,1479,177,0.799319728,0.322802198,0.459882583,0.791009864
43,1,121318,0.8868,0.2783,94.8351,84.4356,57526,50055,10604,3133,7622,0.7813,0.4991,80.0454,32.1347,706,5249,1491,176,0.800453515,0.321347292,0.458590451,0.790876757
4,6,121318,0.7923,0.4601,83.4781,76.9466,50637,45488,15171,10022,7622,0.7518,0.4867,82.9932,29.5877,732,4998,1742,150,0.829931973,0.295877122,0.436233611,0.790865986
4,5,121318,0.7918,0.4606,83.4023,76.9059,50591,45467,15192,10068,7622,0.7654,0.4538,81.6327,30.6905,720,5114,1626,162,0.816326531,0.306905371,0.446096654,0.790863265
25,5,121318,0.8325,0.381,89.9817,79.3078,54582,46418,14241,6077,7622,0.7812,0.4479,80.0454,32.1201,706,5248,1492,176,0.800453515,0.321201092,0.458441558,0.790826757
40,1,121318,0.8816,0.29,94.6257,83.7978,57399,49561,11098,3260,7622,0.7754,0.4869,80.6122,31.5719,711,5199,1541,171,0.806122449,0.315719361,0.453733248,0.790761224
16,8,121318,0.819,0.4026,87.0934,78.9026,52830,46533,14126,7829,7622,0.7435,0.4872,83.7868,28.969,739,4928,1812,143,0.837868481,0.289690318,0.430527236,0.79068424
24,6,121318,0.836,0.3759,89.9949,79.7854,54590,46828,13831,6069,7622,0.7715,0.4765,80.9524,31.2063,714,5166,1574,168,0.80952381,0.312062937,0.450473186,0.790511905
47,2,121318,0.885,0.2822,94.84,84.1719,57529,49841,10818,3130,7622,0.7941,0.4589,78.6848,33.4458,694,5359,1381,188,0.786848073,0.334457831,0.469394657,0.790474036
31,1,121318,0.8577,0.3329,93.1206,81.1919,56486,47574,13085,4173,7622,0.7827,0.4587,79.8186,32.264,704,5262,1478,178,0.798185941,0.32263978,0.459530026,0.790442971
6,9,121318,0.7929,0.4533,83.6644,76.9266,50750,45437,15222,9909,7617,0.7331,0.5533,84.738,28.1498,744,4840,1899,134,0.84738041,0.281498297,0.422607214,0.790240205
16,7,121318,0.8146,0.4171,86.3071,78.6778,52353,46471,14188,8306,7622,0.7856,0.4254,79.4785,32.5441,701,5287,1453,181,0.79478458,0.32544104,0.461791831,0.79019229
15,7,121318,0.8122,0.4227,85.6443,78.6803,51951,46582,14077,8708,7622,0.7775,0.4533,80.2721,31.7489,708,5218,1522,174,0.802721088,0.317488789,0.455012853,0.790110544
33,5,121318,0.8597,0.3315,93.4189,81.3013,56667,47626,13033,3992,7622,0.7774,0.4619,80.2721,31.7346,708,5217,1523,174,0.802721088,0.317346481,0.454866688,0.790060544
17,9,121318,0.8196,0.4024,87.7825,78.6227,53248,46181,14478,7411,7617,0.7576,0.4699,82.2323,29.9337,722,5049,1690,156,0.822323462,0.29933665,0.438905775,0.789961731
2,6,121318,0.7886,0.47,83.8787,76.2304,50880,44794,15865,9779,7622,0.7301,0.4981,84.9206,28.021,749,4816,1924,133,0.849206349,0.280209502,0.42137834,0.789653175
4,9,121318,0.7897,0.4622,83.3726,76.6316,50573,45237,15422,10086,7617,0.7706,0.441,80.8656,31.0179,710,5160,1579,168,0.808656036,0.310179118,0.448373855,0.789628018
7,7,121318,0.794,0.4546,83.7139,77.0632,50780,45545,15114,9879,7622,0.73,0.5396,84.9206,28.0105,749,4815,1925,133,0.849206349,0.280104712,0.421259843,0.789603175
8,8,121318,0.8022,0.4399,84.0222,78.0828,50967,46353,14306,9692,7622,0.7661,0.4493,81.2925,30.7066,717,5122,1618,165,0.81292517,0.307066381,0.445756916,0.789512585
30,1,121318,0.8533,0.3427,92.6359,80.8227,56192,47326,13333,4467,7622,0.775,0.4629,80.3855,31.4971,709,5198,1542,173,0.803854875,0.314971124,0.452601341,0.789427438
35,1,121318,0.8702,0.3115,94.0635,82.4418,57058,48507,12152,3601,7622,0.7896,0.4561,78.9116,32.9234,696,5322,1418,186,0.789115646,0.32923368,0.464619493,0.789357823
35,4,121318,0.868,0.3143,93.9844,82.1778,57010,48295,12364,3649,7622,0.7816,0.4641,79.7052,32.1151,703,5254,1486,179,0.797052154,0.321151211,0.457831325,0.789326077
23,4,121318,0.8315,0.3808,89.8416,79.2395,54497,46381,14278,6162,7622,0.7532,0.4843,82.5397,29.6538,728,5013,1727,154,0.825396825,0.296537678,0.436320048,0.789298413
4,7,121318,0.7922,0.4617,83.798,76.7701,50831,45278,15381,9828,7622,0.7461,0.5211,83.22,29.1154,734,4953,1787,148,0.832199546,0.291154304,0.431384073,0.789149773
3,8,121318,0.7906,0.4649,83.6842,76.5988,50762,45151,15508,9897,7622,0.7324,0.5255,84.5805,28.1509,746,4836,1904,136,0.845804989,0.281509434,0.422423556,0.789102494
5,5,121318,0.7929,0.4579,83.2473,77.1429,50497,45697,14962,10162,7622,0.7732,0.4364,80.4989,31.3189,710,5183,1557,172,0.804988662,0.313189237,0.450936805,0.789094331
0,1,121318,0.6682,0.603,73.3543,64.8715,44496,36564,24095,16163,7622,0.7301,0.4822,84.8073,28.0045,748,4817,1923,134,0.848072562,0.280044927,0.421052632,0.789086281
2,9,121318,0.7867,0.4721,83.4287,76.1752,50607,44831,15828,10052,7617,0.7454,0.5044,83.2574,28.9734,731,4947,1792,147,0.832574032,0.289734443,0.429873567,0.788987016
41,3,121318,0.8808,0.2906,94.8994,83.5038,57565,49287,11372,3094,7622,0.7865,0.4775,79.1383,32.6016,698,5297,1443,184,0.79138322,0.32601588,0.461792921,0.78894161
14,8,121318,0.8152,0.4124,86.0862,78.8878,52219,46684,13975,8440,7622,0.7638,0.4537,81.4059,30.5013,718,5104,1636,164,0.814058957,0.305012744,0.443757726,0.788929478
1,8,121318,0.784,0.4775,83.9397,75.5647,50917,44194,16465,9742,7622,0.715,0.609,86.2812,27.0626,761,4689,2051,121,0.862811791,0.270625889,0.412019491,0.788905896
52,2,121318,0.8949,0.2635,95.178,85.4622,57734,50838,9821,2925,7622,0.7897,0.4753,78.7982,32.9228,695,5324,1416,187,0.787981859,0.329227854,0.464416973,0.78884093
22,4,121318,0.8276,0.388,89.1129,79.0636,54055,46345,14314,6604,7622,0.7737,0.4261,80.3855,31.3578,709,5188,1552,173,0.803854875,0.313578063,0.451161311,0.788777438
23,6,121318,0.8328,0.3831,89.4608,79.6121,54266,46762,13897,6393,7622,0.7665,0.451,81.0658,30.7131,715,5127,1613,167,0.810657596,0.307130584,0.445482866,0.788578798
18,9,121318,0.8223,0.3961,88.2128,78.7812,53509,46247,14412,7150,7617,0.7626,0.4715,81.4351,30.2966,715,5094,1645,163,0.814350797,0.302966102,0.441630636,0.788475399
17,7,121318,0.8156,0.4129,86.6747,78.6313,52576,46371,14288,8083,7622,0.7613,0.4532,81.5193,30.2737,719,5084,1656,163,0.815192744,0.302736842,0.441510593,0.788246372
25,7,121318,0.8358,0.3744,90.8093,79.3409,55084,46316,14343,5575,7622,0.7488,0.4897,82.7664,29.282,730,4977,1763,152,0.827664399,0.292819896,0.432592593,0.7882322
39,1,121318,0.8788,0.295,94.6207,83.3868,57396,49224,11435,3263,7622,0.7785,0.5063,79.7052,31.7812,703,5231,1509,179,0.797052154,0.317811935,0.454427925,0.787776077
19,8,121318,0.8283,0.3872,88.676,79.3995,53790,46703,13956,6869,7622,0.7795,0.4603,79.5918,31.8656,702,5239,1501,180,0.795918367,0.318656378,0.455105348,0.787709184
27,6,121318,0.8493,0.3525,91.6962,80.7731,55622,47419,13240,5037,7622,0.7589,0.4849,81.6327,30.0501,720,5064,1676,162,0.816326531,0.300500835,0.439292251,0.787613265
34,4,121318,0.8653,0.3201,93.6827,81.9589,56827,48150,12509,3832,7622,0.7844,0.4497,79.0249,32.3434,697,5282,1458,185,0.790249433,0.323433875,0.459005598,0.787324717
19,7,121318,0.8198,0.4052,87.5435,78.7832,53103,46358,14301,7556,7622,0.7515,0.5014,82.3129,29.4643,726,5002,1738,156,0.823129252,0.294642857,0.433950986,0.787314626
31,5,121318,0.8522,0.3444,92.865,80.5546,56331,47061,13598,4328,7622,0.7628,0.4854,81.1791,30.3647,716,5098,1642,166,0.811791383,0.303647159,0.441975309,0.787295692
3,4,121318,0.7896,0.4651,83.6957,76.4513,50769,45021,15638,9890,7622,0.775,0.4883,79.932,31.4311,705,5202,1538,177,0.799319728,0.31431119,0.4512,0.787159864
2,7,121318,0.7896,0.4699,84.0485,76.2785,50983,44804,15855,9676,7622,0.7362,0.4913,83.7868,28.3468,739,4872,1868,143,0.837868481,0.283467587,0.423617082,0.78703424
30,4,121318,0.8541,0.3399,92.8403,80.8221,56316,47296,13363,4343,7622,0.7712,0.4468,80.2721,31.0799,708,5170,1570,174,0.802721088,0.310798946,0.448101266,0.786960544
21,9,121318,0.8325,0.378,90.3905,79.1004,54830,46172,14487,5829,7617,0.7708,0.4786,80.2961,30.9482,705,5166,1573,173,0.802961276,0.309482002,0.446768061,0.786880638
38,0,121318,0.8659,0.3179,94.2267,81.7486,57157,47898,12761,3502,7622,0.7629,0.5331,81.0658,30.3609,715,5100,1640,167,0.810657596,0.303609342,0.441767068,0.786778798
32,5,121318,0.8548,0.3386,93.1041,80.7885,56476,47229,13430,4183,7622,0.7742,0.4585,79.932,31.3473,705,5196,1544,177,0.799319728,0.313472655,0.450335356,0.786759864
6,7,121318,0.7892,0.4677,83.7881,76.3597,50825,44924,15735,9834,7622,0.7444,0.5209,82.8798,28.9161,731,4943,1797,151,0.828798186,0.289161392,0.428739003,0.786599093
47,3,121318,0.8916,0.2711,95.3758,84.8299,57854,50313,10346,2805,7622,0.7983,0.4503,77.4376,33.7952,683,5402,1338,199,0.774376417,0.337951509,0.470547709,0.786338209
25,6,121318,0.8399,0.3689,90.5059,80.0665,54900,46991,13668,5759,7622,0.7539,0.4832,81.8594,29.6144,722,5024,1716,160,0.818594104,0.296144381,0.434939759,0.786247052
2,8,121318,0.7874,0.4734,83.4963,76.2369,50648,44872,15787,10011,7622,0.7474,0.4569,82.4263,29.1149,727,4970,1770,155,0.824263039,0.291149379,0.430304824,0.785831519
18,8,121318,0.8265,0.3906,88.4106,79.2812,53629,46644,14015,7030,7622,0.7712,0.4534,80.0454,31.0466,706,5172,1568,176,0.800453515,0.310466139,0.447401774,0.785826757
3,6,121318,0.7899,0.4654,83.6413,76.526,50736,45096,15563,9923,7622,0.7688,0.4502,80.2721,30.8362,708,5152,1588,174,0.802721088,0.308362369,0.445563247,0.785760544
22,7,121318,0.8255,0.3933,88.8574,78.9085,53900,46252,14407,6759,7622,0.7515,0.4856,81.9728,29.4142,723,5005,1735,159,0.819727891,0.294141579,0.432934132,0.785613946
32,4,121318,0.8602,0.3301,93.2541,81.4629,56567,47787,12872,4092,7622,0.7763,0.4625,79.4785,31.5056,701,5216,1524,181,0.79478458,0.31505618,0.451239137,0.78554229
46,2,121318,0.8805,0.2907,94.6207,83.6311,57396,49425,11234,3263,7622,0.7919,0.4563,77.8912,33.0606,687,5349,1391,195,0.778911565,0.330606352,0.464189189,0.785405782
20,8,121318,0.8327,0.3804,89.4772,79.5929,54276,46743,13916,6383,7622,0.7565,0.4809,81.4059,29.7925,718,5048,1692,164,0.814058957,0.297925311,0.436208991,0.785279478
5,7,121318,0.7926,0.4602,83.7881,76.833,50825,45334,15325,9834,7622,0.7733,0.4417,79.7052,31.2167,703,5191,1549,179,0.797052154,0.312166963,0.448627951,0.785176077
20,9,121318,0.8292,0.3839,89.6916,78.9993,54406,46196,14463,6253,7617,0.759,0.4637,81.0934,29.8908,712,5069,1670,166,0.810933941,0.29890848,0.436809816,0.78496697
44,3,121318,0.8871,0.2797,95.2901,84.2128,57802,49823,10836,2857,7622,0.7944,0.4695,77.551,33.3171,684,5371,1369,198,0.775510204,0.333170969,0.466098807,0.784955102
45,1,121318,0.893,0.2677,95.2736,85.1134,57792,50551,10108,2867,7622,0.7918,0.469,77.7778,33.0284,686,5349,1391,196,0.777777778,0.330284064,0.463670159,0.784788889
26,9,121318,0.8516,0.3471,92.9211,80.4307,56365,46945,13714,4294,7617,0.746,0.5162,82.3462,28.8853,723,4959,1780,155,0.823462415,0.288853376,0.427684117,0.784731207
42,0,121318,0.8737,0.3036,94.6389,82.6273,57407,48589,12070,3252,7622,0.7746,0.4914,79.4785,31.3226,701,5203,1537,181,0.79478458,0.313226095,0.449358974,0.78469229
23,7,121318,0.8303,0.3852,89.891,79.0418,54527,46201,14458,6132,7622,0.7426,0.5254,82.6531,28.7234,729,4931,1809,153,0.826530612,0.287234043,0.426315789,0.784565306
19,9,121318,0.8245,0.3929,88.7684,78.8132,53846,46184,14475,6813,7617,0.7832,0.4431,78.5877,32.0483,690,5276,1463,188,0.785876993,0.320483047,0.455295282,0.784538497
46,0,121318,0.8823,0.2868,94.9439,83.7044,57592,49447,11212,3067,7622,0.7753,0.4964,79.3651,31.3761,700,5209,1531,182,0.793650794,0.313760645,0.449726951,0.784475397
25,9,121318,0.8473,0.3531,92.3062,80.1649,55992,46805,13854,4667,7617,0.7633,0.4543,80.5239,30.2266,707,5107,1632,171,0.80523918,0.302265926,0.439539944,0.78426959
38,4,121318,0.8769,0.2985,94.535,83.1555,57344,49043,11616,3315,7622,0.7934,0.4925,77.4376,33.1714,683,5364,1376,199,0.774376417,0.331714424,0.464467868,0.783888209
48,3,121318,0.8938,0.2666,95.3445,85.1792,57835,50596,10063,2824,7622,0.8024,0.4713,76.5306,34.1945,675,5441,1299,207,0.765306122,0.341945289,0.472689076,0.783853061
26,8,121318,0.8558,0.3392,92.6112,81.1865,56177,47641,13018,4482,7622,0.7636,0.4953,80.3855,30.3251,709,5111,1629,173,0.803854875,0.303250642,0.440372671,0.783727438
36,5,121318,0.8667,0.3187,93.836,82.0705,56920,48224,12435,3739,7622,0.7726,0.4774,79.4785,31.1141,701,5188,1552,181,0.79478458,0.311140701,0.447208931,0.78369229
0,4,121318,0.6382,0.6331,69.106,62.4948,41919,35502,25157,18740,7622,0.702,0.5633,86.5079,26.175,763,4588,2152,119,0.865079365,0.261749571,0.401896234,0.783539683
1,6,121318,0.7838,0.4826,84.5332,75.2657,51277,43808,16851,9382,7622,0.7291,0.5262,83.7868,27.7715,739,4818,1922,143,0.837868481,0.277715145,0.417160598,0.78348424
22,9,121318,0.8351,0.3716,90.6065,79.3477,54961,46354,14305,5698,7617,0.7735,0.4415,79.2711,31.0853,696,5196,1543,182,0.792710706,0.310853059,0.446583253,0.783105353
3,7,121318,0.7906,0.466,83.8705,76.5038,50875,45034,15625,9784,7622,0.7485,0.5077,81.746,29.1078,721,4984,1756,161,0.817460317,0.291077917,0.429294433,0.782980159
18,7,121318,0.8169,0.4106,87.0654,78.6142,52813,46292,14367,7846,7622,0.7711,0.4424,79.4785,30.9492,701,5176,1564,181,0.79478458,0.309492274,0.445503654,0.78294229
39,0,121318,0.8675,0.3135,94.2086,81.9791,57146,48097,12562,3513,7622,0.7676,0.5105,79.8186,30.6487,704,5147,1593,178,0.798185941,0.306486722,0.442906574,0.782892971
34,5,121318,0.8622,0.3256,93.6135,81.5501,56785,47812,12847,3874,7622,0.7776,0.473,78.7982,31.5479,695,5232,1508,187,0.787981859,0.315478892,0.450567261,0.78279093
44,1,121318,0.8895,0.2748,95.0807,84.6904,57675,50233,10426,2984,7622,0.7877,0.5132,77.7778,32.5427,686,5318,1422,196,0.777777778,0.325426945,0.458862876,0.782738889
14,9,121318,0.8122,0.4171,86.3895,78.2964,52403,46133,14526,8256,7617,0.7989,0.3957,76.6515,33.65,673,5412,1327,205,0.766514806,0.3365,0.467685893,0.782707403
0,8,121318,0.6791,0.6039,74.5479,65.8138,45220,37170,23489,15439,7622,0.7014,0.4966,86.3946,26.1138,762,4584,2156,120,0.863945578,0.261137766,0.401052632,0.782672789
26,6,121318,0.8441,0.3614,91.2396,80.2788,55345,47063,13596,5314,7622,0.7612,0.4841,80.3855,30.0934,709,5093,1647,173,0.803854875,0.300933786,0.437924645,0.782527438
49,3,121318,0.8946,0.2654,95.4879,85.212,57922,50607,10052,2737,7622,0.7952,0.4859,76.9841,33.3333,679,5382,1358,203,0.76984127,0.333333333,0.465227818,0.782520635
38,5,121318,0.8738,0.3058,94.4988,82.7217,57322,48686,11973,3337,7622,0.7827,0.4861,78.2313,32.0334,690,5276,1464,192,0.782312925,0.320334262,0.454545455,0.782506463
25,4,121318,0.8386,0.369,90.7236,79.7796,55032,46711,13948,5627,7622,0.788,0.4358,77.6644,32.557,685,5321,1419,197,0.776643991,0.325570342,0.45880777,0.782321995
5,8,121318,0.7921,0.4568,83.6529,76.8251,50743,45352,15307,9916,7622,0.7627,0.4723,80.1587,30.2008,707,5106,1634,175,0.801587302,0.302007689,0.438721688,0.782143651
4,8,121318,0.7914,0.461,83.6578,76.7216,50746,45262,15397,9913,7622,0.7603,0.461,80.3855,30.0042,709,5086,1654,173,0.803854875,0.300042319,0.436979969,0.782077438
35,5,121318,0.8636,0.3239,93.8163,81.6389,56908,47860,12799,3751,7622,0.7806,0.4683,78.3447,31.814,691,5259,1481,191,0.783446712,0.318139963,0.452521284,0.782023356
43,2,121318,0.8759,0.3015,94.4823,83.0428,57312,48956,11703,3347,7622,0.7894,0.4471,77.4376,32.6951,683,5334,1406,199,0.774376417,0.326950694,0.459777853,0.781888209
23,9,121318,0.8405,0.3643,91.5956,79.5889,55561,46410,14249,5098,7617,0.7729,0.4336,79.0433,30.9821,694,5193,1546,184,0.790432802,0.309821429,0.445157152,0.781666401
29,6,121318,0.8545,0.3423,92.4216,81.1059,56062,47599,13060,4597,7622,0.7741,0.4677,78.9116,31.1828,696,5204,1536,186,0.789115646,0.311827957,0.447013487,0.781607823
10,8,121318,0.8082,0.4296,84.7755,78.5627,51424,46627,14032,9235,7622,0.7695,0.4447,79.3651,30.7692,700,5165,1575,182,0.793650794,0.307692308,0.44345898,0.781575397
45,2,121318,0.8807,0.2913,94.6257,83.6513,57399,49441,11218,3260,7622,0.7839,0.4833,77.8912,32.1178,687,5288,1452,195,0.778911565,0.321178121,0.454816286,0.781405782
45,0,121318,0.8809,0.2903,94.8515,83.5478,57536,49329,11330,3123,7622,0.7777,0.4936,78.458,31.5118,692,5236,1504,190,0.784580499,0.315118397,0.449642625,0.781140249
0,9,121318,0.6782,0.6129,78.4748,64.6907,47602,34677,25982,13057,7617,0.7046,0.5294,85.7631,26.164,753,4614,2125,125,0.857630979,0.261640028,0.400958466,0.78111549
38,3,121318,0.8739,0.3045,94.6982,82.6149,57443,48571,12088,3216,7622,0.7897,0.4433,77.2109,32.6932,681,5338,1402,201,0.772108844,0.326932309,0.459359191,0.780904422
24,9,121318,0.8446,0.3582,91.9501,79.9713,55776,46690,13969,4883,7617,0.7725,0.4546,78.9294,30.9237,693,5191,1548,185,0.78929385,0.309236948,0.444373197,0.780896925
22,8,121318,0.8406,0.3654,90.7615,80.0393,55055,46929,13730,5604,7622,0.7565,0.5043,80.4989,29.6575,710,5056,1684,172,0.804988662,0.29657477,0.433455433,0.780744331
3,9,121318,0.7882,0.4674,83.3265,76.4374,50545,45078,15581,10114,7617,0.7733,0.4165,78.8155,30.9897,692,5198,1541,186,0.788154897,0.309897,0.444873031,0.780727449
28,7,121318,0.8445,0.3589,92.171,79.8395,55910,46541,14118,4749,7622,0.741,0.5042,81.9728,28.487,723,4925,1815,159,0.819727891,0.284869976,0.422807018,0.780363946
26,7,121318,0.8382,0.3687,91.2791,79.4276,55369,46318,14341,5290,7622,0.7372,0.5326,82.3129,28.2161,726,4893,1847,156,0.823129252,0.282160902,0.420260492,0.780164626
37,4,121318,0.875,0.3026,94.5532,82.859,57355,48794,11865,3304,7622,0.7915,0.4368,76.8707,32.8648,678,5355,1385,204,0.768707483,0.328647601,0.460441426,0.780103741
46,3,121318,0.8907,0.2721,95.3511,84.7048,57839,50215,10444,2820,7622,0.8092,0.4602,75.0567,34.9156,662,5506,1234,220,0.750566893,0.349156118,0.476601872,0.779883447
42,3,121318,0.8809,0.29,94.8087,83.5731,57510,49355,11304,3149,7622,0.8043,0.4418,75.5102,34.2945,666,5464,1276,216,0.755102041,0.342945417,0.471671388,0.77970102
0,0,121318,0.6587,0.6176,72.0454,64.1234,43702,36208,24451,16957,7622,0.6736,0.6391,88.5488,24.6528,781,4353,2387,101,0.885487528,0.246527778,0.385679012,0.779543764
49,0,121318,0.8885,0.2751,95.2719,84.4318,57791,50003,10656,2868,7622,0.7903,0.5036,76.8707,32.722,678,5346,1394,204,0.768707483,0.327220077,0.459038592,0.779503741
50,3,121318,0.8967,0.261,95.4796,85.5381,57917,50867,9792,2742,7622,0.8027,0.5067,75.6236,34.1002,667,5451,1289,215,0.756235828,0.341002045,0.470049331,0.779467914
1,7,121318,0.7833,0.4844,84.9223,75.0361,51513,43521,17138,9146,7622,0.73,0.5458,82.8798,27.7104,731,4833,1907,151,0.828798186,0.277103867,0.415340909,0.779399093
42,1,121318,0.8843,0.2849,94.7922,84.0914,57500,49781,10878,3159,7622,0.7934,0.4772,76.5306,33.0396,675,5372,1368,207,0.765306122,0.330396476,0.461538462,0.779353061
27,7,121318,0.8415,0.3639,91.716,79.6626,55634,46456,14203,5025,7622,0.7491,0.506,80.9524,29.048,714,4996,1744,168,0.80952381,0.290480065,0.42754491,0.779311905
28,6,121318,0.8509,0.3481,92.0523,80.7993,55838,47390,13269,4821,7622,0.7734,0.4571,78.458,31.0453,692,5203,1537,190,0.784580499,0.310453118,0.444873031,0.778990249
33,6,121318,0.8679,0.3174,93.6992,82.3295,56837,48460,12199,3822,7622,0.7676,0.4966,79.0249,30.53,697,5154,1586,185,0.790249433,0.305300044,0.440442338,0.778924717
49,2,121318,0.8898,0.2748,95.0329,84.7636,57646,50297,10362,3013,7622,0.7913,0.476,76.644,32.7996,676,5355,1385,206,0.766439909,0.327996118,0.459395175,0.778869955
54,3,121318,0.9037,0.2455,95.6791,86.4883,58038,51592,9067,2621,7622,0.8137,0.4773,74.3764,35.4595,656,5546,1194,226,0.743764172,0.354594595,0.480234261,0.778732086
28,9,121318,0.8564,0.3357,93.2426,80.9306,56560,47332,13327,4099,7617,0.759,0.4831,79.8405,29.7034,701,5080,1659,177,0.798405467,0.297033898,0.432983323,0.778702733
50,2,121318,0.8918,0.2705,95.1829,84.9736,57737,50449,10210,2922,7622,0.7977,0.4754,75.9637,33.5,670,5410,1330,212,0.759637188,0.335,0.464954892,0.778668594
39,9,121318,0.8848,0.2816,95.2554,83.8816,57781,49556,11103,2878,7617,0.788,0.4995,76.8793,32.3431,675,5327,1412,203,0.768792711,0.323430762,0.455311973,0.778396355
34,7,121318,0.8625,0.3278,93.9778,81.4023,57006,47635,13024,3653,7622,0.7598,0.509,79.5918,29.8343,702,5089,1651,180,0.795918367,0.298342541,0.434003091,0.777859184
29,9,121318,0.8606,0.3284,93.841,81.206,56923,47485,13174,3736,7617,0.7696,0.4816,78.5877,30.5716,690,5172,1567,188,0.785876993,0.305715552,0.440191388,0.777738497
24,7,121318,0.8319,0.3806,90.2207,79.0955,54727,46195,14464,5932,7622,0.765,0.4484,79.0249,30.2649,697,5134,1606,185,0.790249433,0.302648719,0.437676609,0.777624717
36,7,121318,0.8675,0.3179,94.2498,81.9585,57171,48074,12585,3488,7622,0.7729,0.518,78.2313,30.9556,690,5201,1539,192,0.782312925,0.309555855,0.443587271,0.777606463
37,5,121318,0.8697,0.3125,94.0817,82.3625,57069,48438,12221,3590,7622,0.7716,0.502,78.3447,30.8344,691,5190,1550,191,0.783446712,0.308344489,0.442523215,0.777523356
56,1,121318,0.9089,0.2336,95.628,87.3428,58007,52253,8406,2652,7622,0.8044,0.5054,75.0567,34.2473,662,5469,1271,220,0.750566893,0.34247284,0.470337478,0.777483447
56,3,121318,0.9072,0.2385,95.8506,86.9309,58142,51918,8741,2517,7622,0.8078,0.4836,74.7166,34.666,659,5498,1242,223,0.747165533,0.346659653,0.473589651,0.777482766
41,1,121318,0.8838,0.2852,94.8878,83.9625,57558,49665,10994,3101,7622,0.8074,0.4777,74.7166,34.6113,659,5495,1245,223,0.747165533,0.346113445,0.473079684,0.777282766
30,5,121318,0.8491,0.3496,92.5568,80.2837,56144,46871,13788,4515,7622,0.7822,0.4537,77.2109,31.8224,681,5281,1459,201,0.772108844,0.318224299,0.450694904,0.777154422
50,0,121318,0.8901,0.272,95.206,84.7062,57751,50232,10427,2908,7622,0.7924,0.4839,76.1905,32.8767,672,5368,1372,210,0.761904762,0.328767123,0.459330144,0.777152381
21,7,121318,0.8229,0.3973,88.4617,78.7392,53660,46170,14489,6999,7622,0.7671,0.4668,78.6848,30.4253,694,5153,1587,188,0.786848073,0.304252521,0.438823901,0.776974036
44,0,121318,0.8784,0.2945,94.7246,83.2546,57459,49102,11557,3200,7622,0.7715,0.498,78.2313,30.8036,690,5190,1550,192,0.782312925,0.308035714,0.442024343,0.776906463
25,8,121318,0.8514,0.3467,91.9913,80.9027,55801,47487,13172,4858,7622,0.7781,0.4589,77.551,31.4194,684,5247,1493,198,0.775510204,0.314193845,0.447204969,0.776805102
31,9,121318,0.8672,0.3171,94.1146,81.9844,57089,48114,12545,3570,7617,0.7642,0.5283,78.9294,30.0781,693,5128,1611,185,0.78929385,0.30078125,0.43557511,0.776746925
30,9,121318,0.8639,0.3231,93.8789,81.6489,56946,47860,12799,3713,7617,0.7785,0.4651,77.4487,31.3509,680,5250,1489,198,0.774487472,0.313508529,0.446340663,0.776493736
0,7,121318,0.6639,0.6152,71.4024,64.8927,43312,37227,23432,17347,7622,0.6906,0.5815,86.1678,25.3672,760,4504,2236,122,0.861678005,0.253671562,0.391954616,0.776139002
36,4,121318,0.8714,0.3097,94.1641,82.5717,57119,48603,12056,3540,7622,0.7881,0.459,76.4172,32.3883,674,5333,1407,208,0.764172336,0.323882749,0.454944313,0.776136168
40,6,121318,0.8877,0.2796,94.868,84.5544,57546,50147,10512,3113,7622,0.7732,0.5465,77.8912,30.932,687,5206,1534,195,0.778911565,0.309320126,0.442797293,0.776055782
43,7,121318,0.8838,0.2875,95.0922,83.8426,57682,49543,11116,2977,7622,0.773,0.5208,77.8912,30.9181,687,5205,1535,195,0.778911565,0.309180918,0.442654639,0.775955782
47,1,121318,0.895,0.2626,95.2472,85.427,57776,50803,9856,2883,7622,0.7898,0.5013,76.1905,32.5581,672,5348,1392,210,0.761904762,0.325581395,0.456211813,0.775852381
0,6,121318,0.6743,0.6037,74.9716,65.1468,45477,36329,24330,15182,7622,0.7153,0.5626,83.5601,26.6836,737,4715,2025,145,0.835600907,0.266835626,0.404500549,0.775450454
51,1,121318,0.9013,0.2493,95.3692,86.3278,57850,51497,9162,2809,7622,0.7945,0.4786,75.6236,33.0525,667,5389,1351,215,0.756235828,0.330525273,0.46,0.775367914
51,2,121318,0.893,0.2673,95.239,85.1201,57771,50560,10099,2888,7622,0.812,0.4686,73.8095,35.1322,651,5538,1202,231,0.738095238,0.35132218,0.476051188,0.775047619
41,7,121318,0.878,0.2967,94.7576,83.1799,57479,49036,11623,3180,7622,0.7686,0.5202,78.1179,30.4867,689,5169,1571,193,0.781179138,0.304867257,0.438574157,0.774889569
34,9,121318,0.8748,0.3031,94.5878,82.8104,57376,48749,11910,3283,7617,0.773,0.5008,77.6765,30.7901,682,5206,1533,196,0.776765376,0.307900677,0.440995797,0.774882688
53,0,121318,0.894,0.2642,95.3,85.2449,57808,50653,10006,2851,7622,0.7923,0.5162,75.737,32.7933,668,5371,1369,214,0.757369615,0.327933235,0.45769099,0.774834807
42,7,121318,0.881,0.291,94.9884,83.4925,57619,49267,11392,3040,7622,0.7707,0.5299,77.8912,30.6696,687,5187,1553,195,0.778911565,0.306696429,0.440102498,0.774805782
39,5,121318,0.8767,0.2997,94.6405,83.0556,57408,48947,11712,3251,7622,0.7843,0.4794,76.5306,31.9602,675,5303,1437,207,0.765306122,0.319602273,0.450901804,0.774803061
30,8,121318,0.8691,0.3148,93.5673,82.5749,56757,48682,11977,3902,7622,0.7582,0.4984,79.1383,29.6139,698,5081,1659,184,0.79138322,0.29613916,0.430997221,0.77479161
48,2,121318,0.8858,0.2801,94.8483,84.2779,57534,49926,10733,3125,7622,0.7952,0.4548,75.3968,33.101,665,5396,1344,217,0.753968254,0.331010453,0.460048426,0.774584127
6,8,121318,0.7944,0.4538,83.737,77.1137,50794,45584,15075,9865,7622,0.7914,0.4284,75.737,32.681,668,5364,1376,214,0.757369615,0.326810176,0.456596036,0.774384807
53,2,121318,0.8956,0.2598,95.2769,85.5017,57794,50859,9800,2865,7622,0.7981,0.4912,75.0567,33.4175,662,5421,1319,220,0.750566893,0.334174659,0.462451973,0.774333447
31,6,121318,0.8615,0.3277,93.1222,81.7219,56487,48025,12634,4172,7622,0.7674,0.4811,78.1179,30.3658,689,5160,1580,193,0.781179138,0.303657999,0.437321485,0.774289569
28,8,121318,0.8636,0.324,93.32,81.9216,56607,48167,12492,4052,7622,0.7667,0.5021,78.1179,30.299,689,5155,1585,193,0.781179138,0.302990325,0.436628644,0.773939569
54,2,121318,0.8989,0.2551,95.3807,85.9369,57857,51191,9468,2802,7622,0.7985,0.4886,74.8299,33.4347,660,5426,1314,222,0.74829932,0.334346505,0.462184874,0.77339966
32,7,121318,0.8575,0.3351,93.6168,80.8897,56787,47243,13416,3872,7622,0.7463,0.5053,80.0454,28.6526,706,4982,1758,176,0.800453515,0.286525974,0.421996414,0.773376757
45,4,121318,0.8914,0.2708,95.1796,84.9157,57735,50403,10256,2924,7622,0.796,0.4927,75.0567,33.1497,662,5405,1335,220,0.750566893,0.331497246,0.459881903,0.773283447
52,0,121318,0.8935,0.2655,95.4088,85.0926,57874,50520,10139,2785,7622,0.8023,0.4908,74.3764,33.8668,656,5459,1281,226,0.743764172,0.338668043,0.465413267,0.773032086
51,0,121318,0.8921,0.2682,95.2258,85.0006,57763,50466,10193,2896,7622,0.7965,0.4917,74.9433,33.1994,661,5410,1330,221,0.749433107,0.331993973,0.460146189,0.772966553
45,5,121318,0.8903,0.2747,95.1747,84.7616,57732,50280,10379,2927,7622,0.7919,0.5064,75.3968,32.6942,665,5371,1369,217,0.753968254,0.326941986,0.456104252,0.772934127
46,1,121318,0.8945,0.2638,95.4121,85.2534,57876,50648,10011,2783,7622,0.7941,0.5029,75.1701,32.9359,663,5390,1350,219,0.75170068,0.329359165,0.458031088,0.77290034
43,5,121318,0.8835,0.287,94.69,84.0314,57438,49744,10915,3221,7622,0.7995,0.4733,74.6032,33.5372,658,5436,1304,224,0.746031746,0.335372069,0.462728551,0.772765873
32,6,121318,0.8643,0.3227,93.5179,81.9127,56727,48133,12526,3932,7622,0.7632,0.4721,78.2313,29.9609,690,5127,1613,192,0.782312925,0.299609205,0.433281005,0.772756463
21,8,121318,0.8362,0.3725,90.135,79.7512,54675,46777,13882,5984,7622,0.7755,0.4383,76.9841,31.0471,679,5232,1508,203,0.76984127,0.310470965,0.44248941,0.772670635
36,9,121318,0.8779,0.2952,94.8499,83.1142,57535,48970,11689,3124,7617,0.7696,0.5056,77.5626,30.4154,681,5181,1558,197,0.775626424,0.30415364,0.436958614,0.772613212
37,9,121318,0.8808,0.2898,95.1203,83.3728,57699,49152,11507,2960,7617,0.7819,0.5151,76.3098,31.5591,670,5286,1453,208,0.76309795,0.315591145,0.446517827,0.772498975
29,8,121318,0.8659,0.3186,93.5855,82.1023,56768,48284,12375,3891,7622,0.7758,0.4828,76.8707,31.0582,678,5235,1505,204,0.768707483,0.310581768,0.442414356,0.772253741
58,3,121318,0.9089,0.233,95.7945,87.244,58108,52163,8496,2551,7622,0.8141,0.4764,73.0159,35.3264,644,5561,1179,238,0.73015873,0.353263851,0.476155268,0.772129365
54,1,121318,0.9071,0.2367,95.7104,87.0146,58057,51995,8664,2602,7622,0.8095,0.4835,73.4694,34.7267,648,5522,1218,234,0.734693878,0.347266881,0.471615721,0.772096939
31,8,121318,0.8717,0.3087,93.9976,82.7031,57018,48734,11925,3641,7622,0.7675,0.5111,77.6644,30.3097,685,5165,1575,197,0.776643991,0.303097345,0.436028008,0.772071995
27,9,121318,0.8525,0.3423,92.9606,80.5419,56389,47036,13623,4270,7617,0.7445,0.516,79.9544,28.3981,702,4969,1770,176,0.799544419,0.283980583,0.419104478,0.77202221
34,6,121318,0.8716,0.3093,94.0503,82.6644,57050,48695,11964,3609,7622,0.7806,0.4659,76.3039,31.5075,673,5277,1463,209,0.763038549,0.315074906,0.445990722,0.771819274
38,7,121318,0.8718,0.3083,94.5383,82.4067,57346,48416,12243,3313,7622,0.7632,0.5184,78.0045,29.9261,688,5129,1611,194,0.780045351,0.299260548,0.432568375,0.771622676
53,3,121318,0.8993,0.2534,95.4632,85.9473,57907,51191,9468,2752,7622,0.815,0.4631,72.7891,35.4305,642,5570,1170,240,0.727891156,0.354304636,0.476614699,0.771445578
38,6,121318,0.8817,0.2881,94.7065,83.7581,57448,49519,11140,3211,7622,0.7637,0.5223,77.8912,29.9608,687,5134,1606,195,0.778911565,0.299607501,0.432755906,0.771305782
58,1,121318,0.9123,0.2261,95.7929,87.7816,58107,52571,8088,2552,7622,0.8067,0.5066,73.5828,34.3568,649,5500,1240,233,0.735827664,0.343568025,0.468422952,0.771263832
33,4,121318,0.8632,0.3234,93.6019,81.6973,56778,47939,12720,3881,7622,0.7928,0.4277,74.9433,32.739,661,5382,1358,221,0.749433107,0.327389797,0.455704929,0.771116553
37,7,121318,0.8704,0.312,94.5103,82.2239,57329,48265,12394,3330,7622,0.7595,0.5026,78.2313,29.601,690,5099,1641,192,0.782312925,0.296010296,0.429505135,0.770906463
52,3,121318,0.9001,0.2533,95.4764,86.0729,57915,51288,9371,2744,7622,0.8105,0.4511,73.1293,34.8272,645,5533,1207,237,0.731292517,0.348272138,0.471836138,0.770896259
51,3,121318,0.8984,0.2574,95.6231,85.7109,58004,50989,9670,2655,7622,0.8149,0.4605,72.6757,35.3948,641,5570,1170,241,0.72675737,0.353948095,0.476049016,0.770828685
42,4,121318,0.8852,0.2834,94.9604,84.12,57602,49785,10874,3057,7622,0.7941,0.4783,74.7166,32.8678,659,5394,1346,223,0.747165533,0.328678304,0.456529269,0.770632766
57,3,121318,0.9079,0.236,95.811,87.0747,58118,52032,8627,2541,7622,0.813,0.4873,72.7891,35.1396,642,5555,1185,240,0.727891156,0.351395731,0.473975637,0.770445578
52,1,121318,0.904,0.2446,95.717,86.5175,58061,51611,9048,2598,7622,0.7936,0.5404,74.7166,32.8024,659,5390,1350,223,0.747165533,0.328023892,0.455897613,0.770382766
54,0,121318,0.8957,0.2602,95.3247,85.4877,57823,50843,9816,2836,7622,0.7981,0.4873,74.263,33.2994,655,5428,1312,227,0.742630385,0.332994408,0.45981046,0.770365193
50,1,121318,0.8997,0.2521,95.3428,86.0984,57834,51321,9338,2825,7622,0.7911,0.5041,74.9433,32.5295,661,5369,1371,221,0.749433107,0.325295276,0.453671929,0.770266553
42,5,121318,0.8833,0.2874,94.9208,83.8608,57578,49578,11081,3081,7622,0.7911,0.4664,74.9433,32.5295,661,5369,1371,221,0.749433107,0.325295276,0.453671929,0.770266553
39,7,121318,0.875,0.3025,94.7873,82.7247,57497,48652,12007,3162,7622,0.7717,0.4879,76.8707,30.6233,678,5204,1536,204,0.768707483,0.306233062,0.437984496,0.770203741
33,8,121318,0.8774,0.2978,94.2861,83.3778,57193,49257,11402,3466,7622,0.7771,0.5059,76.3039,31.1142,673,5250,1490,209,0.763038549,0.311141933,0.442036125,0.770069274
48,1,121318,0.896,0.2597,95.361,85.505,57845,50853,9806,2814,7622,0.7951,0.4899,74.4898,32.9488,657,5403,1337,225,0.744897959,0.329488465,0.456884562,0.76999898
33,9,121318,0.8709,0.3085,94.4674,82.3153,57303,48348,12311,3356,7617,0.7608,0.5084,77.9043,29.5848,684,5111,1628,194,0.77904328,0.295847751,0.428840125,0.76992164
58,2,121318,0.9041,0.244,95.5538,86.6385,57962,51720,8939,2697,7622,0.7991,0.4881,74.0363,33.4015,653,5438,1302,229,0.740362812,0.334015345,0.460345435,0.769731406
35,9,121318,0.8764,0.2995,94.7873,82.9264,57497,48821,11838,3162,7617,0.7716,0.4967,76.7654,30.4977,674,5203,1536,204,0.767653759,0.304977376,0.436528497,0.769626879
31,7,121318,0.8542,0.341,93.1882,80.6607,56527,47106,13553,4132,7622,0.7595,0.4881,77.8912,29.5484,687,5102,1638,195,0.778911565,0.295483871,0.428437792,0.769205782
55,1,121318,0.909,0.2343,95.755,87.28,58084,52194,8465,2575,7622,0.8037,0.5123,73.4694,33.9267,648,5478,1262,234,0.734693878,0.339267016,0.464183381,0.769196939
47,0,121318,0.8845,0.2829,94.9488,84.0324,57595,49715,10944,3064,7622,0.7911,0.4645,74.7166,32.4951,659,5371,1369,223,0.747165533,0.32495069,0.452920962,0.769132766
24,8,121318,0.8481,0.3516,91.9583,80.4561,55781,47109,13550,4878,7622,0.7671,0.4678,76.9841,30.1644,679,5168,1572,203,0.76984127,0.301643714,0.433450367,0.768470635
48,0,121318,0.8859,0.2803,95.0016,84.2094,57627,49853,10806,3032,7622,0.7873,0.4761,74.9433,32.0718,661,5340,1400,221,0.749433107,0.320718098,0.449201495,0.768366553
59,0,121318,0.9024,0.2465,95.6396,86.3149,58014,51461,9198,2645,7622,0.8008,0.5297,73.5828,33.5574,649,5455,1285,233,0.735827664,0.33557394,0.4609375,0.768313832
49,1,121318,0.8979,0.2566,95.4747,85.7274,57914,51017,9642,2745,7622,0.7938,0.4854,74.263,32.75,655,5395,1345,227,0.742630385,0.3275,0.454545455,0.768215193
41,4,121318,0.8825,0.2878,94.8252,83.8032,57520,49542,11117,3139,7622,0.7978,0.4769,73.8095,33.1973,651,5430,1310,231,0.738095238,0.331973483,0.457966936,0.767947619
40,7,121318,0.8783,0.2973,95.056,83.0537,57660,48894,11765,2999,7622,0.7749,0.5425,76.0771,30.8364,671,5235,1505,211,0.760770975,0.308363971,0.438848921,0.767835488
38,9,121318,0.8834,0.2854,95.0692,83.7954,57668,49507,11152,2991,7617,0.7918,0.507,74.3736,32.423,653,5378,1361,225,0.743735763,0.324230387,0.451590595,0.767767882
55,3,121318,0.9048,0.243,95.633,86.6934,58010,51755,8904,2649,7622,0.8201,0.467,71.542,36.0366,631,5620,1120,251,0.715419501,0.360365505,0.479301177,0.767759751
40,4,121318,0.8807,0.2906,94.6405,83.6449,57408,49434,11225,3251,7622,0.8008,0.4639,73.4694,33.5404,648,5456,1284,234,0.734693878,0.335403727,0.460554371,0.767746939
41,6,121318,0.8888,0.2747,94.9851,84.6512,57617,50212,10447,3042,7622,0.7724,0.5035,76.3039,30.6048,673,5214,1526,209,0.763038549,0.306048204,0.436871146,0.767719274
55,2,121318,0.9004,0.2509,95.4088,86.1631,57874,51365,9294,2785,7622,0.8057,0.5343,72.9025,34.1114,643,5498,1242,239,0.729024943,0.341114058,0.464763282,0.767362472
32,9,121318,0.8687,0.3138,94.2976,82.1084,57200,48195,12464,3459,7617,0.7829,0.4521,75.1708,31.4885,660,5303,1436,218,0.751708428,0.314885496,0.443846671,0.767304214
29,7,121318,0.8479,0.353,92.6145,80.0761,56179,46681,13978,4480,7622,0.7612,0.4592,77.2109,29.6087,681,5121,1619,201,0.772108844,0.296086957,0.428032684,0.766654422
42,9,121318,0.8909,0.2708,95.4994,84.6457,57929,50151,10508,2730,7617,0.7998,0.4831,73.3485,33.2817,644,5448,1291,234,0.733485194,0.332816537,0.457874156,0.766642597
57,2,121318,0.9038,0.2441,95.511,86.6242,57936,51713,8946,2723,7622,0.8007,0.5051,73.2426,33.4889,646,5457,1283,236,0.732426304,0.334888543,0.45962291,0.766563152
59,2,121318,0.9061,0.2388,95.6033,86.9263,57992,51937,8722,2667,7622,0.8028,0.4977,73.0159,33.7349,644,5475,1265,238,0.73015873,0.337349398,0.461483339,0.766479365
30,6,121318,0.8576,0.3364,92.7249,81.3909,56246,47799,12860,4413,7622,0.7823,0.4603,75.0567,31.5088,662,5301,1439,220,0.750566893,0.315088053,0.443848475,0.766433447
37,6,121318,0.8793,0.2947,94.4872,83.5386,57315,49365,11294,3344,7622,0.7754,0.5063,75.737,30.8403,668,5242,1498,214,0.757369615,0.308402585,0.43832021,0.766384807
39,4,121318,0.878,0.2971,94.474,83.3532,57307,49214,11445,3352,7622,0.8003,0.4379,73.2426,33.4369,646,5454,1286,236,0.732426304,0.33436853,0.459132907,0.766363152
37,8,121318,0.8868,0.28,94.8318,84.4414,57524,50060,10599,3135,7622,0.7861,0.503,74.6032,31.8798,658,5334,1406,224,0.746031746,0.31879845,0.4467074,0.766065873
44,7,121318,0.8845,0.2857,95.1417,83.9057,57712,49589,11070,2947,7622,0.7869,0.4935,74.4898,31.9553,657,5341,1399,225,0.744897959,0.319552529,0.447243022,0.76589898
47,5,121318,0.8933,0.266,95.1697,85.2101,57729,50639,10020,2930,7622,0.7875,0.5024,74.3764,32,656,5346,1394,226,0.743764172,0.32,0.447476126,0.765632086
35,7,121318,0.8637,0.3222,94.0718,81.5093,57063,47714,12945,3596,7622,0.7431,0.566,78.7982,28.1833,695,4969,1771,187,0.787981859,0.281832928,0.415173238,0.76554093
33,7,121318,0.8588,0.3327,93.6019,81.0802,56778,47410,13249,3881,7622,0.7633,0.4697,76.7574,29.7452,677,5141,1599,205,0.767573696,0.29745167,0.428752375,0.765436848
40,5,121318,0.8779,0.2955,94.6669,83.2232,57424,49083,11576,3235,7622,0.7922,0.4615,73.8095,32.485,651,5387,1353,231,0.738095238,0.324850299,0.451143451,0.765147619
36,6,121318,0.8759,0.3013,94.3487,83.1194,57231,49036,11623,3428,7622,0.777,0.4958,75.2834,30.9413,664,5258,1482,218,0.752834467,0.309412861,0.438573316,0.764917234
40,9,121318,0.8863,0.2793,95.2554,84.1075,57781,49741,10918,2878,7617,0.7951,0.4659,73.4624,32.6913,645,5411,1328,233,0.734624146,0.32691333,0.452472817,0.764862073
30,7,121318,0.8511,0.3477,93.0266,80.3043,56429,46819,13840,4230,7622,0.7519,0.5083,77.7778,28.8114,686,5045,1695,196,0.777777778,0.288114238,0.420471958,0.764838889
58,0,121318,0.9013,0.2496,95.5077,86.2344,57934,51411,9248,2725,7622,0.8029,0.5164,72.6757,33.7014,641,5479,1261,241,0.72675737,0.33701367,0.460488506,0.764828685
59,3,121318,0.9108,0.2301,95.8638,87.4949,58150,52348,8311,2509,7622,0.8166,0.4728,70.9751,35.4072,626,5598,1142,256,0.709750567,0.354072398,0.47245283,0.763175283
55,0,121318,0.8978,0.2568,95.5093,85.6862,57935,50981,9678,2724,7622,0.8002,0.5036,72.5624,33.316,640,5459,1281,242,0.725623583,0.333159813,0.456653585,0.762911791
32,8,121318,0.8758,0.3008,94.2234,83.1684,57155,49092,11567,3504,7622,0.7831,0.4882,74.263,31.4753,655,5314,1426,227,0.742630385,0.314752523,0.442119474,0.762865193
35,6,121318,0.8736,0.3046,94.0784,82.9342,57067,48916,11743,3592,7622,0.7808,0.4696,74.3764,31.2232,656,5295,1445,226,0.743764172,0.31223227,0.439825679,0.762282086
51,7,121318,0.8972,0.2598,95.5967,85.5356,57988,50853,9806,2671,7622,0.7848,0.5582,73.9229,31.6198,652,5330,1410,230,0.739229025,0.316197866,0.442934783,0.762014512
43,4,121318,0.8873,0.2796,95.0461,84.3845,57654,49990,10669,3005,7622,0.7999,0.4682,72.3356,33.2465,638,5459,1281,244,0.723356009,0.332464825,0.455551589,0.761628005
46,5,121318,0.892,0.2685,95.2505,84.9626,57778,50433,10226,2881,7622,0.7995,0.4902,72.3356,33.1946,638,5456,1284,244,0.723356009,0.33194589,0.455064194,0.761428005
49,9,121318,0.9017,0.2482,95.7995,86.1095,58111,51285,9374,2548,7617,0.7993,0.5292,72.3235,33.0557,635,5453,1286,243,0.723234624,0.330557002,0.453733476,0.761267312
44,4,121318,0.8884,0.2758,95.0741,84.5294,57671,50104,10555,2988,7622,0.8022,0.4775,71.9955,33.4916,635,5479,1261,247,0.719954649,0.334915612,0.457163427,0.761077324
46,7,121318,0.889,0.2763,95.2175,84.5305,57758,50089,10570,2901,7622,0.7741,0.5684,74.7166,30.5375,659,5241,1499,223,0.747165533,0.305375348,0.433552632,0.760632766
27,8,121318,0.8585,0.332,92.9524,81.3963,56384,47772,12887,4275,7622,0.7684,0.4757,75.2834,30.0317,664,5193,1547,218,0.752834467,0.300316599,0.429356612,0.760617234
48,7,121318,0.8914,0.2709,95.3873,84.7942,57861,50283,10376,2798,7622,0.775,0.5309,74.6032,30.6189,658,5249,1491,224,0.746031746,0.306188925,0.434180139,0.760515873
36,8,121318,0.8841,0.2857,94.6043,84.1795,57386,49874,10785,3273,7622,0.7784,0.4928,74.263,30.94,655,5278,1462,227,0.742630385,0.309400094,0.436812271,0.760515193
34,8,121318,0.8801,0.291,94.3768,83.7167,57248,49524,11135,3411,7622,0.781,0.5063,73.9229,31.1813,652,5301,1439,230,0.739229025,0.31181253,0.438614194,0.760114512
41,5,121318,0.8811,0.2907,94.7675,83.6291,57485,49406,11253,3174,7622,0.7991,0.4576,72.1088,33.1078,636,5455,1285,246,0.721088435,0.331077564,0.453799501,0.760094218
48,5,121318,0.8958,0.2622,95.4285,85.4381,57886,50793,9866,2773,7622,0.7917,0.4801,72.7891,32.2613,642,5392,1348,240,0.727891156,0.322613065,0.447075209,0.759795578
51,4,121318,0.9007,0.2513,95.5604,86.1039,57966,51304,9355,2693,7622,0.8071,0.4833,71.2018,34.0564,628,5524,1216,254,0.712018141,0.340563991,0.460748349,0.75955907
40,8,121318,0.8929,0.2669,95.1384,85.1783,57710,50617,10042,2949,7622,0.7798,0.5342,73.9229,31.0476,652,5292,1448,230,0.739229025,0.31047619,0.437290409,0.759514512
47,4,121318,0.8932,0.2657,95.3511,85.0924,57839,50526,10133,2820,7622,0.8075,0.5044,70.9751,34.0773,626,5529,1211,256,0.709750567,0.340772999,0.460463406,0.758625283
39,8,121318,0.8911,0.2708,95.0675,84.9393,57667,50434,10225,2992,7622,0.7797,0.5237,73.6961,30.9967,650,5293,1447,232,0.736961451,0.309966619,0.43638805,0.758330726
41,9,121318,0.8889,0.2742,95.2703,84.492,57790,50052,10607,2869,7617,0.7801,0.4885,73.5763,30.9239,646,5296,1443,232,0.735763098,0.30923887,0.43545669,0.757931549
52,7,121318,0.8983,0.2564,95.6297,85.689,58008,50971,9688,2651,7622,0.7935,0.5383,72.2222,32.4008,637,5411,1329,245,0.722222222,0.324008138,0.447331461,0.757861111
45,7,121318,0.8874,0.2801,95.3642,84.2109,57847,49813,10846,2812,7622,0.7889,0.5018,72.6757,31.9064,641,5372,1368,241,0.72675737,0.319064211,0.443445175,0.757828685
57,1,121318,0.9114,0.2284,95.8193,87.6191,58123,52446,8213,2536,7622,0.8112,0.497,70.4082,34.5192,621,5562,1178,261,0.704081633,0.345191773,0.463259978,0.757640816
42,6,121318,0.8909,0.2712,94.9389,84.9972,57589,50494,10165,3070,7622,0.7837,0.504,73.1293,31.3563,645,5328,1412,237,0.731292517,0.313563442,0.438924804,0.757496259
47,7,121318,0.8909,0.2729,95.4022,84.713,57870,50216,10443,2789,7622,0.7837,0.5348,73.1293,31.3563,645,5328,1412,237,0.731292517,0.313563442,0.438924804,0.757496259
56,2,121318,0.901,0.2495,95.361,86.2882,57845,51467,9192,2814,7622,0.8172,0.4493,69.7279,35.3245,615,5614,1126,267,0.697278912,0.353245261,0.468928708,0.757239456
54,7,121318,0.9012,0.2509,95.6973,86.0929,58049,51282,9377,2610,7622,0.7972,0.515,71.6553,32.7801,632,5444,1296,250,0.716553288,0.32780083,0.449822064,0.756876644
55,7,121318,0.9022,0.2494,95.6527,86.2832,58022,51435,9224,2637,7622,0.7847,0.559,72.9025,31.4425,643,5338,1402,239,0.729024943,0.314425428,0.439357704,0.756862472
50,4,121318,0.8992,0.2541,95.4533,85.9422,57901,51188,9471,2758,7622,0.8102,0.4412,70.2948,34.349,620,5555,1185,262,0.702947846,0.343490305,0.461481206,0.756573923
50,5,121318,0.8992,0.2535,95.361,86.0072,57845,51248,9411,2814,7622,0.8002,0.467,71.2018,33.1049,628,5471,1269,254,0.712018141,0.331049025,0.451961137,0.75610907
59,1,121318,0.9127,0.2258,95.7039,87.9045,58053,52671,7988,2606,7622,0.8126,0.5197,69.9546,34.6629,617,5577,1163,265,0.699546485,0.346629213,0.463561232,0.756073243
48,4,121318,0.8955,0.2612,95.3461,85.4387,57836,50802,9857,2823,7622,0.8044,0.4608,70.7483,33.6026,624,5507,1233,258,0.707482993,0.336025848,0.455640745,0.755941497
49,4,121318,0.8968,0.2589,95.3511,85.643,57839,50963,9696,2820,7622,0.8146,0.4714,69.7279,34.9233,615,5594,1146,267,0.697278912,0.34923339,0.46538025,0.755939456
39,6,121318,0.8843,0.2843,94.7394,84.1282,57468,49817,10842,3191,7622,0.7848,0.4593,72.6757,31.4216,641,5341,1399,241,0.72675737,0.314215686,0.438740589,0.755778685
46,4,121318,0.893,0.269,95.2851,85.1012,57799,50540,10119,2860,7622,0.8197,0.445,69.161,35.6308,610,5638,1102,272,0.691609977,0.356308411,0.470316114,0.755654989
49,5,121318,0.8974,0.2589,95.384,85.712,57859,51014,9645,2800,7622,0.8003,0.5216,71.0884,33.1045,627,5473,1267,255,0.710884354,0.331045407,0.451729107,0.755592177
43,9,121318,0.8932,0.2666,95.5901,84.9433,57984,50381,10278,2675,7617,0.8014,0.5045,70.8428,33.1027,622,5482,1257,256,0.708428246,0.331027142,0.451215089,0.754914123
52,4,121318,0.9032,0.2477,95.7071,86.3914,58055,51514,9145,2604,7622,0.8069,0.4965,70.1814,33.8621,619,5531,1209,263,0.701814059,0.338621444,0.456826568,0.754357029
50,7,121318,0.8959,0.2623,95.4912,85.4059,57924,50761,9898,2735,7622,0.7885,0.5213,71.8821,31.7317,634,5376,1364,248,0.718820862,0.317317317,0.440277778,0.753660431
46,9,121318,0.8974,0.2573,95.6231,85.5592,58004,50869,9790,2655,7617,0.804,0.4808,70.2733,33.3694,617,5507,1232,261,0.702733485,0.333693889,0.452511918,0.753366743
56,7,121318,0.9036,0.2457,95.6709,86.4925,58033,51596,9063,2626,7622,0.7924,0.5279,71.4286,32.1429,630,5410,1330,252,0.714285714,0.321428571,0.443349754,0.753342857
53,7,121318,0.9003,0.2519,95.7253,85.932,58066,51153,9506,2593,7622,0.7839,0.5543,72.2222,31.2408,637,5338,1402,245,0.722222222,0.312408043,0.436152003,0.753061111
47,9,121318,0.8995,0.2538,95.7714,85.7831,58094,51031,9628,2565,7617,0.8008,0.5281,70.5011,32.9782,619,5481,1258,259,0.70501139,0.329781566,0.449364791,0.752905695
57,0,121318,0.8995,0.252,95.4747,85.9819,57914,51217,9442,2745,7622,0.8016,0.5042,70.4082,33.1731,621,5489,1251,261,0.704081633,0.331730769,0.450980392,0.752840816
51,9,121318,0.9053,0.2408,95.9347,86.5761,58193,51636,9023,2466,7617,0.8006,0.5353,70.5011,32.9431,619,5479,1260,259,0.70501139,0.329430548,0.44903881,0.752805695
49,7,121318,0.8949,0.266,95.5258,85.2308,57945,50618,10041,2714,7622,0.7978,0.4806,70.7483,32.7216,624,5457,1283,258,0.707482993,0.327215522,0.447472212,0.752641497
53,1,121318,0.9057,0.2405,95.6313,86.8385,58009,51867,8792,2650,7622,0.817,0.4813,68.7075,35.1304,606,5621,1119,276,0.68707483,0.351304348,0.464902186,0.752037415
42,8,121318,0.8975,0.258,95.3675,85.7403,57849,51038,9621,2810,7622,0.8027,0.521,70.068,33.2616,618,5500,1240,264,0.700680272,0.332615716,0.451094891,0.751690136
53,4,121318,0.9023,0.2461,95.3758,86.4693,57854,51606,9053,2805,7622,0.8011,0.4755,70.1814,33.0662,619,5487,1253,263,0.701814059,0.330662393,0.449527959,0.751457029
35,8,121318,0.8824,0.2868,94.5499,83.9574,57353,49700,10959,3306,7622,0.7844,0.4896,71.7687,31.2284,633,5346,1394,249,0.717687075,0.312284164,0.4352011,0.751043537
44,5,121318,0.8867,0.2803,94.9406,84.3624,57590,49984,10675,3069,7622,0.7981,0.4724,70.2948,32.6832,620,5463,1277,262,0.702947846,0.32683184,0.44620367,0.750523923
43,6,121318,0.8934,0.2675,95.2423,85.182,57773,50609,10050,2886,7622,0.789,0.5147,71.2018,31.6852,628,5386,1354,254,0.712018141,0.316851665,0.438547486,0.75050907
55,4,121318,0.9061,0.2383,95.7352,86.8275,58072,51849,8810,2587,7622,0.8154,0.5088,68.4807,34.8529,604,5611,1129,278,0.684807256,0.348528563,0.461950287,0.750103628
53,9,121318,0.9083,0.2337,95.9017,87.0775,58173,52026,8633,2486,7617,0.8018,0.5273,69.7039,32.9741,612,5495,1244,266,0.697038724,0.329741379,0.447695684,0.749419362
48,9,121318,0.9009,0.2504,95.7071,86.0405,58055,51240,9419,2604,7617,0.7932,0.4984,70.5011,31.9897,619,5423,1316,259,0.70501139,0.319896641,0.440099538,0.749105695
57,7,121318,0.9057,0.2422,95.8687,86.6791,58153,51722,8937,2506,7622,0.804,0.5109,69.2744,33.3152,611,5517,1223,271,0.692743764,0.333151581,0.449926362,0.748371882
55,9,121318,0.9101,0.2297,95.9132,87.3429,58180,52228,8431,2479,7617,0.8138,0.5147,68.2232,34.4649,599,5600,1139,279,0.682232346,0.344649022,0.45795107,0.748016173
50,6,121318,0.9057,0.2395,95.5093,86.9255,57935,51945,8714,2724,7622,0.7939,0.5674,70.068,32.1039,618,5433,1307,264,0.700680272,0.321038961,0.440327752,0.747290136
54,9,121318,0.9091,0.2312,96.0022,87.1245,58234,52053,8606,2425,7617,0.8087,0.5389,68.5649,33.7633,602,5558,1181,276,0.685649203,0.337633202,0.452461481,0.747174601
41,8,121318,0.8958,0.2614,95.3016,85.5163,57809,50868,9791,2850,7622,0.7952,0.5077,69.8413,32.2344,616,5445,1295,266,0.698412698,0.322344322,0.441102757,0.746806349
54,4,121318,0.9049,0.2429,95.6016,86.7285,57991,51785,8874,2668,7622,0.8174,0.4676,67.5737,35.0176,596,5634,1106,286,0.675736961,0.350176263,0.46130031,0.746568481
56,0,121318,0.8993,0.2536,95.5604,85.8857,57966,51133,9526,2693,7622,0.8103,0.461,68.254,34.0498,602,5574,1166,280,0.682539683,0.340497738,0.454339623,0.746419841
58,7,121318,0.9075,0.2382,95.839,86.979,58135,51956,8703,2524,7622,0.7961,0.5524,69.6145,32.3158,614,5454,1286,268,0.696145125,0.323157895,0.441409058,0.746122562
38,8,121318,0.8882,0.2762,94.8285,84.6572,57522,50234,10425,3137,7622,0.7943,0.5051,69.3878,32.0419,612,5442,1298,270,0.693877551,0.320418848,0.438395415,0.744088776
45,9,121318,0.8951,0.2614,95.5143,85.2707,57938,50651,10008,2721,7617,0.8008,0.484,68.6788,32.6829,603,5497,1242,275,0.686788155,0.326829268,0.442893867,0.743794077
44,9,121318,0.8933,0.265,95.5209,84.9926,57942,50428,10231,2717,7617,0.8015,0.4882,68.451,32.7342,601,5504,1235,277,0.684510251,0.327342048,0.442888725,0.743005125
56,4,121318,0.9087,0.2351,95.7912,87.2004,58106,52130,8529,2553,7622,0.8159,0.4902,67.0068,34.7035,591,5628,1112,291,0.670068027,0.347034645,0.457253385,0.742984014
51,5,121318,0.901,0.2521,95.4582,86.2141,57904,51400,9259,2755,7622,0.8048,0.5264,68.0272,33.2226,600,5534,1206,282,0.680272109,0.332225914,0.446428571,0.742536054
49,8,121318,0.908,0.2357,95.6478,87.1994,58019,52142,8517,2640,7622,0.8025,0.5132,68.254,32.9502,602,5515,1225,280,0.682539683,0.329501916,0.444444444,0.742519841
52,5,121318,0.9034,0.2446,95.5786,86.5199,57977,51626,9033,2682,7622,0.8044,0.4909,68.0272,33.1675,600,5531,1209,282,0.680272109,0.331674959,0.445930881,0.742336054
52,9,121318,0.9061,0.2387,95.8258,86.7723,58127,51798,8861,2532,7617,0.8124,0.479,67.0843,34.0659,589,5599,1140,289,0.670842825,0.340659341,0.451860376,0.741621412
45,8,121318,0.9025,0.2471,95.4862,86.4351,57921,51569,9090,2738,7622,0.7995,0.4956,68.3673,32.5594,603,5491,1249,279,0.683673469,0.325593952,0.441111924,0.741586735
54,5,121318,0.9061,0.2397,95.6115,86.9207,57997,51932,8727,2662,7622,0.8046,0.5089,67.6871,33.1483,597,5536,1204,285,0.676870748,0.33148251,0.445024227,0.740735374
51,6,121318,0.9069,0.2372,95.6742,87.0077,58035,51993,8666,2624,7622,0.7941,0.5457,68.7075,31.9115,606,5447,1293,276,0.68707483,0.319115324,0.435814455,0.740587415
44,8,121318,0.902,0.2497,95.6148,86.2695,57999,51428,9231,2660,7622,0.7993,0.5124,68.1406,32.4865,601,5491,1249,281,0.681405896,0.324864865,0.439970717,0.740352948
43,8,121318,0.8993,0.2543,95.3494,86.0249,57838,51263,9396,2821,7622,0.7981,0.5075,68.254,32.3482,602,5481,1259,280,0.682539683,0.323481999,0.438935472,0.740319841
49,6,121318,0.9051,0.2431,95.6659,86.7181,58030,51771,8888,2629,7622,0.7968,0.5385,68.3673,32.1943,603,5470,1270,279,0.683673469,0.321943406,0.437749546,0.740236735
57,6,121318,0.9159,0.22,95.9825,88.2285,58222,52891,7768,2437,7622,0.8078,0.5351,67.2336,33.5218,593,5564,1176,289,0.672335601,0.335217637,0.447378348,0.7400678
48,6,121318,0.9029,0.2467,95.417,86.539,57879,51656,9003,2780,7622,0.7919,0.5123,68.8209,31.6475,607,5429,1311,275,0.688208617,0.316475495,0.433571429,0.740054308
57,4,121318,0.9082,0.2352,95.75,87.1577,58081,52101,8558,2578,7622,0.8141,0.472,66.5533,34.3476,587,5618,1122,295,0.66553288,0.343475717,0.453106909,0.73981644
58,5,121318,0.9135,0.2253,96.0039,87.8237,58235,52585,8074,2424,7622,0.8102,0.5399,66.8934,33.8109,590,5585,1155,292,0.66893424,0.338108883,0.449181576,0.73956712
53,8,121318,0.9142,0.2232,95.8687,88.0412,58153,52760,7899,2506,7622,0.8081,0.5432,66.78,33.4849,589,5570,1170,293,0.667800454,0.334849346,0.446043165,0.737950227
53,5,121318,0.9037,0.2435,95.5456,86.5818,57957,51677,8982,2702,7622,0.8045,0.4947,67.1202,33.0357,592,5540,1200,290,0.671201814,0.330357143,0.442782349,0.737850907
50,9,121318,0.9026,0.2454,95.7995,86.2386,58111,51386,9273,2548,7617,0.8082,0.5091,66.7426,33.3903,586,5570,1169,292,0.667425968,0.333903134,0.445119635,0.737812984
59,4,121318,0.9103,0.2285,95.8605,87.4091,58148,52283,8376,2511,7622,0.8154,0.4971,65.9864,34.4583,582,5633,1107,300,0.659863946,0.344582593,0.452742124,0.737631973
51,8,121318,0.911,0.2293,95.8143,87.5631,58120,52404,8255,2539,7622,0.804,0.5233,67.1202,32.9621,592,5536,1204,290,0.671201814,0.329621381,0.442120986,0.737600907
57,9,121318,0.9131,0.2233,95.9561,87.7998,58206,52571,8088,2453,7617,0.8145,0.5188,66.0592,34.2183,580,5624,1115,298,0.660592255,0.342182891,0.4508356,0.737546128
52,8,121318,0.913,0.225,95.8522,87.8492,58143,52617,8042,2516,7622,0.8104,0.5608,66.4399,33.7752,586,5591,1149,296,0.664399093,0.337752161,0.447841039,0.737399546
59,7,121318,0.9083,0.2353,95.7896,87.1479,58105,52090,8569,2554,7622,0.8061,0.5021,66.78,33.2018,589,5555,1185,293,0.667800454,0.332018038,0.443524096,0.736950227
58,4,121318,0.9099,0.2308,95.8654,87.3427,58151,52232,8427,2508,7622,0.8183,0.4774,65.4195,34.822,577,5660,1080,305,0.654195011,0.348219674,0.454509649,0.736247506
57,5,121318,0.9107,0.2307,95.7978,87.5269,58110,52378,8281,2549,7622,0.8087,0.5041,66.2132,33.4862,584,5580,1160,298,0.662131519,0.334862385,0.44478294,0.73541576
56,9,121318,0.9117,0.2268,96.0204,87.522,58245,52355,8304,2414,7617,0.8134,0.5064,65.7175,34.0012,577,5619,1120,301,0.657175399,0.340011786,0.44815534,0.735287699
48,8,121318,0.9061,0.2389,95.4928,87.0019,57925,52005,8654,2734,7622,0.8081,0.5154,66.2132,33.3905,584,5575,1165,298,0.662131519,0.333905089,0.443937666,0.73511576
47,8,121318,0.9067,0.2386,95.7385,86.9332,58074,51930,8729,2585,7622,0.8046,0.5097,66.5533,32.959,587,5546,1194,295,0.66553288,0.329590118,0.440856177,0.73506644
46,8,121318,0.904,0.245,95.6066,86.597,57994,51683,8976,2665,7622,0.7993,0.5223,67.0068,32.2951,591,5501,1239,291,0.670068027,0.32295082,0.435840708,0.734684014
45,6,121318,0.8976,0.2571,95.4566,85.6934,57903,50992,9667,2756,7622,0.8041,0.4927,66.4399,32.866,586,5543,1197,296,0.664399093,0.328659563,0.439774859,0.734249546
58,6,121318,0.9165,0.2173,96.0501,88.2826,58263,52926,7733,2396,7622,0.815,0.5373,65.3061,34.2857,576,5636,1104,306,0.653061224,0.342857143,0.449648712,0.734030612
46,6,121318,0.8993,0.2545,95.2901,86.0687,57802,51303,9356,2857,7622,0.8045,0.4841,66.3265,32.9021,585,5547,1193,297,0.663265306,0.329021372,0.439849624,0.733882653
54,6,121318,0.9124,0.2258,95.7401,87.8274,58075,52610,8049,2584,7622,0.8103,0.5274,65.5329,33.6047,578,5598,1142,304,0.655328798,0.336046512,0.444273636,0.732814399
58,9,121318,0.9149,0.2202,96.0731,88.0065,58277,52717,7942,2382,7617,0.8066,0.5241,65.8314,33.0097,578,5566,1173,300,0.658314351,0.330097087,0.439710917,0.732457175
44,6,121318,0.8956,0.2619,95.2192,85.5321,57759,50889,9770,2900,7622,0.7906,0.5207,67.3469,31.2303,594,5432,1308,288,0.673469388,0.312302839,0.426724138,0.732034694
50,8,121318,0.9085,0.2343,95.6231,87.2844,58004,52209,8450,2655,7622,0.805,0.5257,65.873,32.8992,581,5555,1185,301,0.658730159,0.328992072,0.438821752,0.731865079
59,8,121318,0.9208,0.2075,96.0731,88.9712,58277,53435,7224,2382,7622,0.8145,0.5426,64.6259,34.0909,570,5638,1102,312,0.646258503,0.340909091,0.446358653,0.730379252
55,5,121318,0.9082,0.2349,95.7616,87.1564,58088,52099,8560,2571,7622,0.812,0.498,64.8526,33.7463,572,5617,1123,310,0.648526077,0.337463127,0.443927047,0.730263039
59,9,121318,0.9154,0.2184,96.0599,88.1022,58269,52790,7869,2390,7617,0.8213,0.522,63.6674,34.9157,559,5697,1042,319,0.63667426,0.349156777,0.450988302,0.72898713
54,8,121318,0.9152,0.2204,95.9379,88.1435,58195,52831,7828,2464,7622,0.8227,0.5229,63.3787,35.2237,559,5712,1028,323,0.633786848,0.352236925,0.452814905,0.728243424
52,6,121318,0.9107,0.2313,95.8918,87.4626,58167,52321,8338,2492,7622,0.8065,0.5161,64.966,32.95,573,5574,1166,309,0.649659864,0.329499712,0.437237696,0.728079932
56,5,121318,0.9105,0.231,95.7698,87.5092,58093,52367,8292,2566,7622,0.8116,0.4883,64.3991,33.6095,568,5618,1122,314,0.64399093,0.336094675,0.441679627,0.727795465
59,6,121318,0.9184,0.2132,96.0929,88.5528,58289,53124,7535,2370,7622,0.7939,0.5656,65.6463,31.3481,579,5472,1268,303,0.656462585,0.313481321,0.424331257,0.725181293
57,8,121318,0.9185,0.2133,96.0072,88.6421,58237,53197,7462,2422,7622,0.8138,0.507,63.4921,33.796,560,5643,1097,322,0.634920635,0.337960169,0.441118551,0.724360317
55,8,121318,0.9153,0.2186,95.7352,88.3103,58072,52972,7687,2587,7622,0.8134,0.5425,63.3787,33.7153,559,5641,1099,323,0.633786848,0.337153197,0.44015748,0.723593424
47,6,121318,0.9012,0.2496,95.5456,86.1891,57957,51372,9287,2702,7622,0.8023,0.4836,64.3991,32.2544,568,5547,1193,314,0.64399093,0.322544009,0.429814605,0.723145465
56,8,121318,0.9173,0.2153,95.9,88.519,58172,53114,7545,2487,7622,0.8098,0.5532,63.6054,33.1953,561,5611,1129,321,0.636054422,0.331952663,0.436236392,0.722927211
59,5,121318,0.9139,0.2238,95.9066,87.9549,58176,52692,7967,2483,7622,0.8129,0.5183,63.2653,33.6145,558,5638,1102,324,0.632653061,0.336144578,0.43902439,0.722776531
58,8,121318,0.9199,0.2099,96.0731,88.8206,58277,53324,7335,2382,7622,0.8183,0.5254,62.585,34.3497,552,5685,1055,330,0.62585034,0.3434972,0.443551627,0.72207517
53,6,121318,0.9101,0.2306,95.7484,87.4567,58080,52329,8330,2579,7622,0.8066,0.5153,63.7188,32.7506,562,5586,1154,320,0.637188209,0.327505828,0.432640493,0.721894104
55,6,121318,0.9137,0.2241,95.8687,87.948,58153,52690,7969,2506,7622,0.8016,0.5184,63.7188,32.041,562,5548,1192,320,0.637188209,0.32041049,0.426403642,0.719394104
56,6,121318,0.915,0.2218,96.0286,88.0481,58250,52752,7907,2409,7622,0.8083,0.5428,61.2245,32.5497,540,5621,1119,342,0.612244898,0.325497288,0.425029516,0.710272449
