ID,Gene_position,p,p_t,RO_median,RO_mean,sig_median,sig_mean
A0A0B4J1V0_GLEWVGR(cit)IK_,IGHV3-15(R69),0.7,0.794095591,1.877326607,1.143554331,ns,ns
A0A0B4J1V2_SR(cit)LTISK_,IGHV2-26(R87),0.666666667,0.441867706,1.351226673,1.351226673,ns,ns
A0A0B4J1X5_GR(cit)FTISR(cit)DNAK_,IGHV3-74(R86;R91),1,0.666938522,0.927080495,0.883500014,ns,ns
A6NI56_ASESSR(cit)LK_,CCDC154(R268),1,0.909295082,0.980193328,1.038681617,ns,ns
L0R6Q1_DYLQLLR(cit)K_,SLC35A4(R99),0.8,0.32445192,1.654599307,1.450568471,ns,ns
O00203_EASADLSPYVR(cit)K_,AP3B1(R167),1,0.873762401,0.989701849,0.989701849,ns,ns
O00231_ALTDYR(cit)AELR_,PSMD11(R310),1,0.877323815,0.941875971,0.969415361,ns,ns
O00299_R(cit)R(cit)TETVQK_,CLIC1(R51),0.666666667,0.45107406,0.624946601,0.624946601,ns,ns
O14776_ER(cit)AIVPLEAR_,TCERG1(R654),0.666666667,0.447959992,1.95288232,1.95288232,ns,ns
O14818_ANAIGR(cit)GAK_,PSMA7(R163),0.2,0.126320621,1.825846837,1.528816418,ns,ns
O14818_LQDER(cit)TVR_,PSMA7(R57),0.4,0.309084653,0.580187275,0.706414253,ns,ns
O14964_AAEEAER(cit)QR_,HGS(R504),1,0.559881494,0.905596767,0.860775361,ns,ns
O15054_MLDESIR(cit)K_,KDM6B(R707),0.4,0.232110935,0.66860659,0.555732806,ns,ns
O43150_R(cit)QLIQLR_,ASAP2(R264),1,0.896721106,0.945119186,0.988282609,ns,ns
O43707_NFITAEELR(cit)R_,ACTN4(R868),0.4,0.670867881,0.922846429,0.848500765,ns,ns
O43707_STLPDADR(cit)ER_,ACTN4(R582),0.1,0.100049053,1.776682019,1.951743463,ns,ns
O43914_GAAEAATR(cit)K_,TYROBP(R80),0.666666667,0.534285354,1.683133016,1.683133016,ns,ns
O60613_LFR(cit)GLQIK_,SELENOF(R117),0.628571429,0.373610263,1.581646284,2.243924972,ns,ns
O60637_VENEVDR(cit)SIQK_,TSPAN3(R117),1,0.597789922,1.86975367,1.86975367,ns,ns
O60701_EVVESCR(cit)GK_,UGDH(R65),0.4,0.496443476,1.210804357,1.200062938,ns,ns
O60749_NEIR(cit)EWEAK_,SNX2(R451),0.4,0.315241369,1.247108263,1.259707909,ns,ns
O60784_DALR(cit)AVK_,TOM1(R52),1,0.711572169,0.957661057,0.957661057,ns,ns
O75251_AR(cit)AVAPK_,NDUFS7(R50),0.628571429,0.558144846,0.743063034,0.788552974,ns,ns
O75369_VFGPGVER(cit)SGLK_,FLNB(R754),1,0.728114704,1.454031151,1.244011754,ns,ns
O75643_TLNR(cit)IQSK_,SNRNP200(R483),1,0.767633251,0.922877967,1.050535358,ns,ns
O75695_AEDAQR(cit)VFR_,RP2(R279),1,0.951545857,1.378872779,0.974493118,ns,ns
O75828_ALR(cit)DFLR_,CBR3(R74),1,0.528300498,1.099888564,1.099888564,ns,ns
O75947_AR(cit)IVEYEK_,ATP5PD(R111),1,0.487553204,3.079451062,1.961757782,ns,ns
O94925_STGLR(cit)TSDPR_,GLS(R169),0.333333333,0.2429769,1.90087392,1.90087392,ns,ns
O95183_VLER(cit)GVK_,VAMP5(R30),0.8,0.42064767,0.972655716,0.896505684,ns,ns
O95573_ELTELAR(cit)K_,ACSL3(R637),0.8,0.871667374,0.977766507,1.030670518,ns,ns
P00387_YPLR(cit)LIDR_,CYB5R3(R46),0.8,0.629098239,0.765947869,0.803600721,ns,ns
P00450_EYTDASFTNR(cit)K_,CP(R436),1,0.498512802,0.764056215,1.496431074,ns,ns
P00488_INETR(cit)DVLAK_,F13A1(R617),0.4,0.381540103,1.11209055,1.592200083,ns,ns
P00568_R(cit)LETYYK_,AK1(R149),0.333333333,0.338410736,2.97992194,2.97992194,ns,ns
P00734_GR(cit)VTGWGNLK_,F2(R500),1,0.79592169,0.930933784,0.930933784,ns,ns
P00747_NYR(cit)GTMSK_,PLG(R112),0.333333333,0.07911752,2.034435941,2.034435941,ns,ns
P00966_SQER(cit)VEGK_,ASS1(R344),0.8,0.948533531,0.795779625,1.028617153,ns,ns
P01024_QLANGVDR(cit)YISK_,C3(R1427),0.857142857,0.905694443,0.880603879,0.951066252,ns,ns
P01892_ETLQR(cit)TDAPK_,HLA-A(R205),0.4,0.636922807,1.527664516,1.278455957,ns,ns
P01903_EDHLFR(cit)K_,HLA-DRA(R171),1,0.79857028,1.29734385,1.128188669,ns,ns
P01903_SNAAER(cit)R(cit)GPL_,HLA-DRA(R250;R251),1,0.855858092,1.045346218,1.045346218,ns,ns
P01909_SVGASR(cit)HQGPL_,HLA-DQA1(R249),0.666666667,0.88296068,0.94547142,0.94547142,ns,ns
P02144_ALELFR(cit)K_,MB(R140),1,0.961853302,1.014422135,0.957911135,ns,ns
P02452_GDR(cit)GDAGPK_,COL1A1(R745),0.342857143,0.817459472,0.528843633,0.893284719,ns,ns
P02452_GPR(cit)GETGPAGR_,COL1A1(R910),1,0.806528436,0.776829276,1.111291658,ns,ns
P02545_DTSR(cit)R(cit)LLAEK_,LMNA(R335;R336),0.8,0.360376561,1.180247961,1.195436662,ns,ns
P02545_FVR(cit)LR(cit)NK_,LMNA(R453;R455),0.666666667,0.739245988,1.620662942,1.620662942,ns,ns
P02545_LAVYIDR(cit)VR_,LMNA(R48),0.857142857,0.773308075,1.052205896,1.118872209,ns,ns
P02545_LR(cit)DLEDSLAR_,LMNA(R321),0.4,0.339860322,1.485160179,1.338460588,ns,ns
P02545_QLQDEMLR(cit)R_,LMNA(R189),0.857142857,0.924413043,0.96273732,0.978945262,ns,ns
P02545_QR(cit)EFESR_,LMNA(R235),1,0.693356077,1.08007152,1.173129485,ns,ns
P02545_R(cit)TLEGELHDLR_,LMNA(R156),0.4,0.304483837,0.624753818,0.766702011,ns,ns
P02545_SLETENAGLR(cit)LR_,LMNA(R60),0.4,0.385549421,1.324139165,1.230850678,ns,ns
P02649_LQAEAFQAR(cit)LK_,APOE(R278),0.1,0.044585934,0.6474519,0.672922289,down,down
P02671_DLLPSR(cit)DR_,FGA(R216),1,0.735521648,1.409225236,1.112787885,ns,ns
P02671_GDFSSANNR(cit)DNTYNR_,FGA(R123),0.342857143,0.270077865,3.178634698,4.930970592,ns,ns
P02671_NVR(cit)AQLVDMK_,FGA(R160),0.685714286,0.805229033,0.634142573,1.212513967,ns,ns
P02675_IR(cit)PFFPQQ_,FGB(R485),0.7,0.673881394,0.71395072,0.849561154,ns,ns
P02675_R(cit)EEAPSLR_,FGB(R53),0.114285714,0.070831761,1.243154076,1.281586589,ns,ns
P02749_ATVVYQGER(cit)VK_,APOH(R279),1,0.903046019,0.997976617,1.121016066,ns,ns
P02751_DGQER(cit)DAPIVNK_,FN1(R1162),0.114285714,0.047352428,2.362125801,2.337918669,up,up
P02751_EDR(cit)VPHSR_,FN1(R1405),0.2,0.19582679,1.439871115,1.276131283,ns,ns
P02760_LYGR(cit)APQLR_,AMBP(R153),0.8,0.56452465,1.344818929,1.209559879,ns,ns
P02787_VPPR(cit)MDAK_,TF(R327),0.8,0.843683099,0.938650133,1.062525461,ns,ns
P02790_FDPVR(cit)GEVPPR_,HPX(R213),0.4,0.137331055,2.437061123,1.99378454,ns,ns
P04083_EIR(cit)DINR(cit)VYR_,ANXA1(R150),0.114285714,0.071111779,1.611124401,1.644986276,ns,ns
P04179_NVR(cit)PDYLK_,SOD2(R197),0.8,0.485888843,1.090862331,1.213176788,ns,ns
P04843_LASR(cit)NVESYTK_,RPN1(R180),0.857142857,0.975804464,0.893348286,1.008023536,ns,ns
P04843_SAVEAER(cit)LVAGK_,RPN1(R571),0.885714286,0.862253692,1.088227658,1.057710786,ns,ns
P04843_SGR(cit)FFTVK_,RPN1(R111),0.7,0.685184704,0.980127726,0.86545642,ns,ns
P04844_FELDTSER(cit)K_,RPN2(R468),0.4,0.413817324,1.527238046,1.544656646,ns,ns
P05107_LR(cit)NPCPNK_,ITGB2(R188),0.857142857,0.590011588,0.991010546,1.209162904,ns,ns
P05141_IAR(cit)DEGGK_,SLC25A5(R263),0.2,0.204428704,1.871184529,1.856613734,ns,ns
P05362_YR(cit)LQQAQK_,ICAM1(R513),0.8,0.624018587,1.520511734,0.478900644,ns,ns
P06732_R(cit)FCVGLQK_,CKM(R252),0.2,0.002607865,1.326341597,1.311597038,up,up
P06733_NFR(cit)NPLAK_,ENO1(R429),0.2,0.100412685,1.568002855,1.484466259,ns,ns
P06744_AALTR(cit)DPQFQK_,GPI(R6),0.4,0.273604786,1.624834274,1.487992706,ns,ns
P06744_VR(cit)SGDWK_,GPI(R137),0.666666667,0.785534132,0.921414287,0.921414287,ns,ns
P06748_SIR(cit)DTPAK_,NPM1(R197),0.333333333,0.260959177,3.119006368,3.119006368,ns,ns
P06753_AADAEAEVASLNR(cit)R_,TPM3(R91),0.333333333,0.169213483,1.812374294,1.812374294,ns,ns
P06753_HIAEEADR(cit)K_,TPM3(R161),0.628571429,0.640854151,1.056610162,1.249749129,ns,ns
P06753_QAEER(cit)SK_,TPM3(R36),0.4,0.301599511,0.824642027,0.46159925,ns,ns
P07437_TAVCDIPPR(cit)GLK_,TUBB(R359),0.685714286,0.74597373,1.234210198,1.107090338,ns,ns
P07910_SGQR(cit)GSSK_,HNRNPC(R180),0.628571429,0.379905282,1.409450866,2.158950771,ns,ns
P07910_TDPR(cit)SMNSR_,HNRNPC(R12),1,0.514965438,1.286777006,1.286777006,ns,ns
P07954_YAMTR(cit)IK_,FH(R261),1,0.84667092,1.035319537,1.035319537,ns,ns
P08133_GLGTR(cit)DNTLIR_,ANXA6(R270),0.4,0.659734998,1.313284612,1.196557273,ns,ns
P08133_TLTR(cit)IMVSR_,ANXA6(R624),1,0.976328427,1.011499026,1.011499026,ns,ns
P08311_VSMR(cit)R(cit)GTDTLR_,CTSG(R153;R154),1,0.762264424,1.637588081,1.23134426,ns,ns
P08603_ENER(cit)FQYK_,CFH(R232),0.885714286,0.672133415,1.261790007,1.14540329,ns,ns
P08670_AR(cit)VEVER_,VIM(R170),0.885714286,0.558258718,0.458875058,0.633202758,ns,ns
P08670_DNLAEDIMR(cit)LR_,VIM(R184),0.4,0.224444943,2.096687209,2.492260839,ns,ns
P08670_EEMAR(cit)HLR_,VIM(R378),0.7,0.583984965,0.68412306,0.635716486,ns,ns
P08670_GTNESLER(cit)QMR_,VIM(R342),0.1,0.20911185,1.774409596,2.78734551,ns,ns
P08670_NNDALR(cit)QAK_,VIM(R310),1,0.909268983,0.694302705,0.941501244,ns,ns
P08670_NTR(cit)TNEK_,VIM(R100),0.885714286,0.707461158,1.0619094,1.298573144,ns,ns
P08758_ADAETLR(cit)K_,ANXA5(R25),0.4,0.143324933,1.266468219,1.207595244,ns,ns
P08758_PSR(cit)LYDAYELK_,ANXA5(R89),0.7,0.688986842,0.828631278,0.879578492,ns,ns
P09429_AR(cit)YER(cit)EMK_,HMGB1(R70;R73),1,0.936677044,0.814370906,0.947469531,ns,ns
P09429_DIAAYR(cit)AK_,HMGB1(R163),0.7,0.752100047,1.835559678,0.698663452,ns,ns
P09493_AEFAER(cit)SVTK_,TPM1(R244),0.2,0.17992877,1.602746962,1.373637867,ns,ns
P09669_PR(cit)MR(cit)GLLAR_,COX6C(R10;R12),0.4,0.479182687,1.46262607,1.44482548,ns,ns
P09917_ELETR(cit)QK_,ALOX5(R139),0.2,0.035329332,1.536831333,1.622479187,up,up
P09936_MSPEDR(cit)AK_,UCHL1(R129),0.666666667,0.326457495,1.524804655,1.524804655,ns,ns
P09960_YALGER(cit)QSYK_,LTA4H(R79),0.485714286,0.544470402,1.201225852,1.339901232,ns,ns
P0C0L4_GYMR(cit)IQQFR_,C4A(R1055),0.857142857,0.888933428,1.0152482,1.041252041,ns,ns
P10412_ER(cit)SGVSLAALK_,H1-4(R54),0.2,0.108120506,1.93681894,1.968868491,ns,ns
P10643_NAR(cit)CVQK_,C7(R687),0.885714286,0.340418284,1.045870537,1.260586307,ns,ns
P10809_APGFGDNR(cit)K_,HSPD1(R309),1,0.59590445,0.981438267,0.889159686,ns,ns
P10909_VCR(cit)SGSGLVGR_,CLU(R130),0.342857143,0.185481227,0.768285807,0.700022381,ns,ns
P10916_DTFAALGR(cit)VNVK_,MYL2(R58),0.342857143,0.359959118,10.06595662,2.484516007,ns,ns
P11216_DR(cit)NVATPR_,PYGB(R44),1,0.71439552,0.956137428,0.887749201,ns,ns
P11233_R(cit)QVSVEEAK_,RALA(R135),0.8,0.813679319,1.083398024,0.931208848,ns,ns
P11940_VFVGR(cit)FK_,PABPC1(R172),0.628571429,0.433283951,1.121077966,1.41475979,ns,ns
P12109_FIDNLR(cit)DR_,COL6A1(R74),0.685714286,0.680131582,1.266049199,1.213762311,ns,ns
P12109_GVFHQTVSR(cit)K_,COL6A1(R1023),0.666666667,0.477635151,1.782262825,1.782262825,ns,ns
P12109_MPGGR(cit)DALK_,COL6A1(R110),0.2,0.164321469,1.226279446,1.412686457,ns,ns
P12110_AR(cit)R(cit)FVEQVAR_,COL6A2(R853;R854),0.114285714,0.059597214,1.386371948,1.366287162,ns,ns
P12110_FAYDR(cit)LIK_,COL6A2(R713),0.885714286,0.911899108,0.914935493,0.95177067,ns,ns
P12110_NLQGISSFR(cit)R_,COL6A2(R129),0.4,0.217369471,1.111730209,1.388259109,ns,ns
P12111_ASENLR(cit)QEGVR_,COL6A3(R1970),1,0.994365596,1.20628506,1.001783731,ns,ns
P12111_GGIGNR(cit)GPR_,COL6A3(R2287),1,0.916263798,0.986241638,1.036272576,ns,ns
P12111_GR(cit)TGPLGR_,COL6A3(R2265),0.2,0.083403321,0.57242866,0.538858626,ns,ns
P12111_R(cit)DSFQEVLR_,COL6A3(R1652),0.885714286,0.387242909,1.410988251,1.708387885,ns,ns
P12111_R(cit)VR(cit)NGFLMR_,COL6A3(R2501;R2503),0.333333333,0.162092522,1.361268146,1.361268146,ns,ns
P12111_VVESLDVGQDR(cit)VR_,COL6A3(R1064),1,0.699043051,0.841905417,0.841905417,ns,ns
P12236_IFR(cit)DEGGK_,SLC25A6(R263),1,0.568303404,0.996083692,1.427059821,ns,ns
P12883_EEFTR(cit)LK_,MYH7(R858),0.4,0.164164086,1.276692999,1.180004746,ns,ns
P12883_ENIAIVER(cit)R_,MYH7(R1676),0.485714286,0.638174358,1.358983436,1.283635748,ns,ns
P12883_LR(cit)SDLSR_,MYH7(R1136),0.485714286,0.436253523,0.778727677,0.767866232,ns,ns
P12883_LSR(cit)IITR_,MYH7(R783),0.228571429,0.256738406,2.485575623,1.791348742,ns,ns
P12883_R(cit)NAESVK_,MYH7(R1832),0.4,0.295877246,1.946231869,1.511658449,ns,ns
P12883_SVNDLTSQR(cit)AK_,MYH7(R1277),0.485714286,0.805328184,1.902997846,1.167630625,ns,ns
P13611_AGVR(cit)TYGFR_,VCAN(R228),1,0.756597266,1.073987705,0.891108179,ns,ns
P13667_AATQFWR(cit)SK_,PDIA4(R435),0.8,0.585625027,0.686794451,0.784947624,ns,ns
P13805_R(cit)AEDDAK_,TNNT1(R143),0.666666667,0.368088237,1.724596441,1.724596441,ns,ns
P14625_ESR(cit)EAVEK_,HSP90B1(R608),0.628571429,0.511596637,0.917831505,0.820680129,ns,ns
P14866_ISR(cit)PGDSDDSR_,HNRNPL(R181),0.685714286,0.800659661,0.863024793,0.959551144,ns,ns
P15090_EVGVGFATR(cit)K_,FABP4(R31),1,0.921297604,0.924224439,1.021103519,ns,ns
P15090_GVTSTR(cit)VYER(cit)A_,FABP4(R127;R131),1,0.537019621,1.461286593,1.267106085,ns,ns
P15121_ASR(cit)LLLNNGAK_,AKR1B1(R4),1,0.527157111,1.112104124,1.10231531,ns,ns
P16070_NGR(cit)YSISR_,CD44(R41),0.4,0.178184558,1.229638505,1.430755185,ns,ns
P16401_ER(cit)NGLSLAALK_,H1F5(R57),0.1,0.105930216,1.411494821,1.654282035,ns,ns
P16615_IR(cit)DEMVATEQER_,ATP2A2(R236),1,0.797236055,0.895487617,0.963098748,ns,ns
P17655_EVLNR(cit)FK_,CAPN2(R474),0.666666667,0.505105216,1.255235921,1.255235921,ns,ns
P17661_QVEVLTNQR(cit)AR_,DES(R173),1,0.892039665,1.208096137,1.052591615,ns,ns
P17844_GPQIR(cit)DLER_,DDX5(R212),1,0.820278779,1.279388461,0.899063894,ns,ns
P17858_GLVLR(cit)NEK_,PFKL(R626),0.333333333,0.197555909,1.446600245,1.446600245,ns,ns
P17858_LR(cit)ASGAGK_,PFKL(R10),0.885714286,0.916420762,0.82842363,0.965612599,ns,ns
P18077_FR(cit)SNLPAK_,RPL35A(R89),0.8,0.412029743,1.27349789,1.209611776,ns,ns
P18077_TR(cit)VIWGK_,RPL35A(R68),0.857142857,0.740282506,1.048147895,1.161107666,ns,ns
P18124_LSSPR(cit)GGMK_,RPL7(R217),0.4,0.34086911,2.517484674,2.171159495,ns,ns
P18206_NR(cit)NFTVEK_,VCL(R230),0.628571429,0.884075498,1.509628507,1.094128148,ns,ns
P18206_R(cit)ALIQCAK_,VCL(R1013),0.485714286,0.304806241,1.275087858,1.417180047,ns,ns
P19237_VMDLR(cit)GK_,TNNI1(R105),0.4,0.588659585,0.694275933,0.808907121,ns,ns
P19367_TR(cit)GIFETK_,HK1(R779),0.1,0.049431125,1.64966148,1.565868275,up,up
P19827_NVR(cit)NAIR(cit)GR_,ITIH1(R421;R425),1,0.6870825,1.146582437,1.077383507,ns,ns
P19827_VTYDVSR(cit)DK_,ITIH1(R264),0.485714286,0.466239099,1.884947927,1.35477823,ns,ns
P21333_VTGEGR(cit)VK_,FLNA(R2139),0.8,0.356688666,0.75053409,0.708669169,ns,ns
P21589_VIYPAVEGR(cit)IK_,NT5E(R545),0.666666667,0.43304558,3.871934382,3.871934382,ns,ns
P21796_SAR(cit)DVFTK_,VDAC1(R15),1,0.751539344,0.677826186,0.839107754,ns,ns
P21810_AFSPLR(cit)K_,BGN(R138),0.666666667,0.627405591,1.844700196,1.844700196,ns,ns
P21810_LNYLR(cit)ISEAK_,BGN(R214),0.485714286,0.519305541,2.053672284,1.566988796,ns,ns
P21980_GFR(cit)NVIIGPA_,TGM2(R680),0.228571429,0.233963403,1.236315058,1.753000682,ns,ns
P21980_IR(cit)ILGEPK_,TGM2(R592),0.685714286,0.794762187,0.720799484,1.126402455,ns,ns
P22105_VLGR(cit)DETGR_,TNXB(R971),1,0.795466304,1.065512781,0.942933539,ns,ns
P22105_VTVR(cit)GLEPGR_,TNXB(R2578),1,0.880523627,0.768214437,1.133905313,ns,ns
P22234_GPDETLR(cit)IK_,PAICS(R311),0.114285714,0.108877491,1.259493712,1.351195573,ns,ns
P22626_TLETVPLER(cit)K_,HNRNPA2B1(R12),0.1,0.043374365,0.660807002,0.618628948,down,down
P22695_ANYR(cit)GGEIR_,UQCRC2(R254),0.4,0.219708668,1.484122265,1.617318832,ns,ns
P23528_DR(cit)CTLAEK_,CFL1(R146),0.628571429,0.578902092,1.153479877,1.254823482,ns,ns
P24311_R(cit)TPDFHDK_,COX7B(R29),0.685714286,0.459543678,1.253137428,1.250773029,ns,ns
P24821_ETFTTGLDAPR(cit)NLR_,TNC(R897),1,0.937290856,1.054934207,1.024222981,ns,ns
P24821_TR(cit)DITGLR_,TNC(R1675),0.4,0.457017845,1.378832748,1.272518056,ns,ns
P25705_R(cit)LTDADAMK_,ATP5F1A(R262),0.4,0.354607724,1.798951054,1.387550121,ns,ns
P26599_GDSR(cit)SAGVPSR_,PTBP1(R52),0.885714286,0.820772968,0.95328807,0.923949908,ns,ns
P26639_QAFER(cit)LEVK_,TARS1(R218),0.333333333,0.175701103,0.708524489,0.708524489,ns,ns
P26641_TR(cit)TFLVGER_,EEF1G(R149),0.028571429,0.018119315,1.835604118,1.874018132,up,up
P27487_TVR(cit)VPYPK_,DPP4(R253),0.4,0.437878366,1.166976032,1.657133538,ns,ns
P29692_LVPVGYGIR(cit)K_,EEF1D(R241),0.485714286,0.685583645,0.889766327,0.885261251,ns,ns
P30048_SVEETLR(cit)LVK_,PRDX3(R214),0.885714286,0.978482208,0.942921165,1.011297134,ns,ns
P30486_LEAAR(cit)VAEQLR_,HLA-B(R175),0.4,0.363002765,1.451849063,1.644354149,ns,ns
P31948_AYAR(cit)IGNSYFK_,STIP1(R305),0.1,0.03451321,1.52417457,1.694452845,up,up
P32119_ASGNAR(cit)IGK_,PRDX2(R7),0.2,0.315123935,0.893426718,0.796010265,ns,ns
P33121_EAELR(cit)SGIIR_,ACSL1(R402),1,0.991711089,1.069815501,1.004165239,ns,ns
P33176_STLLFGQR(cit)AK_,KIF5B(R321),0.857142857,0.952359513,1.023570964,1.021108636,ns,ns
P34896_GTDGGR(cit)AEK_,SHMT1(R372),0.2,0.071853888,1.965264376,1.934389089,ns,ns
P35221_ANR(cit)DLIYK_,CTNNA1(R241),0.333333333,0.213513018,0.746801038,0.746801038,ns,ns
P35221_DVDGLDR(cit)TAGAIR_,CTNNA1(R540),0.8,0.530817402,1.264772341,1.270191117,ns,ns
P35268_NNLR(cit)DWLR_,RPL22(R97),1,0.482902735,1.185871275,1.185871275,ns,ns
P35443_DLLR(cit)QQVK_,THBS4(R242),1,0.644292429,1.173111664,1.101671757,ns,ns
P35542_AEEWGR(cit)SGK_,SAA4(R113),0.628571429,0.482684616,1.396817191,1.214315147,ns,ns
P35555_AGYQSTLTR(cit)TECR_,FBN1(R525),1,0.982337193,1.250648514,0.992068622,ns,ns
P35555_R(cit)GFIPNIR_,FBN1(R233),0.685714286,0.852306179,1.098032091,1.03374651,ns,ns
P35555_R(cit)GGGGHDALK_,FBN1(R45),1,0.861616319,0.7125023,0.920180988,ns,ns
P35555_SGNCYLDIR(cit)PR_,FBN1(R1539),0.685714286,0.74661575,1.232520114,1.08893194,ns,ns
P35579_AQFER(cit)DLQGR_,MYH9(R1571),1,0.870545799,2.056802638,1.12025088,ns,ns
P35579_R(cit)DLGEELEALK_,MYH9(R1135),0.4,0.428033514,1.132859559,1.201012438,ns,ns
P35749_AR(cit)AELNDK_,MYH11(R1275),1,0.614835031,1.239258331,1.239258331,ns,ns
P35749_ASR(cit)DEIFATAK_,MYH11(R1668),0.7,0.577619951,1.190597741,1.124045131,ns,ns
P35749_VGR(cit)DVVQK_,MYH11(R405),0.628571429,0.55472801,0.736758026,0.860647451,ns,ns
P36776_ESGVR(cit)NLQK_,LONP1(R710),0.8,0.87738151,1.137454609,1.034001531,ns,ns
P36957_EAVTFLR(cit)K_,DLST(R437),1,0.936521942,1.006567591,1.013790583,ns,ns
P38646_R(cit)ETGVDLTK_,HSPA9(R292),0.2,0.251727402,1.418036506,1.753622102,ns,ns
P39023_EVDR(cit)PGSK_,RPL3(R62),1,0.93500997,1.201004525,0.967724127,ns,ns
P40121_DSER(cit)QGK_,CAPG(R202),1,0.393107097,1.027850261,0.506853442,ns,ns
P41250_R(cit)LLEFNQGK_,GARS1(R310),0.885714286,0.436543147,0.942437337,0.719112682,ns,ns
P42025_GFGDR(cit)LLSEVK_,ACTR1B(R313),1,0.774912113,0.88020156,0.88020156,ns,ns
P42330_SYNEQR(cit)IR_,AKR1C3(R276),0.7,0.437284929,2.06027399,1.320159759,ns,ns
P42765_ISR(cit)EECDK_,ACAA2(R176),1,0.622864558,0.999564981,0.90779217,ns,ns
P43686_R(cit)FDAQTGADR_,PSMC4(R274),0.4,0.24685385,1.194668654,1.240739562,ns,ns
P45880_AAR(cit)DIFNK_,VDAC2(R26),0.7,0.652124902,0.651591629,0.65296293,ns,ns
P46781_R(cit)LFEGNALLR_,RPS9(R70),0.666666667,0.703444802,1.379897447,1.379897447,ns,ns
P46781_SPYGGGR(cit)PGR(cit)VK_,RPS9(R169;R172),1,0.493759498,1.029073651,0.855796896,ns,ns
P46781_SR(cit)LDQELK_,RPS9(R24),0.114285714,0.156444817,2.327951801,1.861868825,ns,ns
P46782_EAAFR(cit)NIK_,RPS5(R164),1,0.747917508,1.158931199,1.076484963,ns,ns
P46940_IYDR(cit)EQTR(cit)YK_,IQGAP1(R98;R102),0.7,0.74797196,1.898748646,1.230689024,ns,ns
P46940_R(cit)NLGSIAK_,IQGAP1(R1223),0.4,0.491819643,1.552330953,1.476818894,ns,ns
P46940_TR(cit)LDSSIR_,IQGAP1(R1130),0.857142857,0.650086012,1.046497767,0.941391487,ns,ns
P46977_NLDISR(cit)PDK_,STT3A(R437),0.485714286,0.276410744,1.076250063,1.315740805,ns,ns
P48643_VGGR(cit)LEDTK_,CCT5(R218),1,0.894227387,0.978320462,0.978320462,ns,ns
P48735_SNLDR(cit)ALGR(cit)Q_,IDH2(R447;R451),1,0.69123338,0.925605716,0.925605716,ns,ns
P49207_R(cit)AFLIEEQK_,RPL34(R93),0.4,0.21883291,1.890930759,1.615981632,ns,ns
P49257_SQR(cit)GSVWTK_,LMAN1(R90),0.028571429,0.144585009,3.09995735,4.643215935,ns,ns
P49720_ITTR(cit)TLK_,PSMB3(R198),0.333333333,0.314302482,1.700690319,1.700690319,ns,ns
P49747_DPR(cit)NVGWK_,COMP(R672),0.2,0.148426806,1.36680787,1.409396645,ns,ns
P49747_ELLR(cit)QQVR_,COMP(R53),0.4,0.285581036,1.571083031,1.294464696,ns,ns
P49748_EPGVER(cit)VLR_,ACADVL(R450),0.342857143,0.299466921,1.183063253,1.392282341,ns,ns
P50454_ADLSR(cit)MSGK_,SERPINH1(R339),0.2,0.175579058,0.726949298,0.756949131,ns,ns
P50991_TAGINVR(cit)K_,CCT4(R496),0.7,0.676219248,1.169239607,1.10337931,ns,ns
P50995_ELNR(cit)AYK_,ANXA11(R312),0.4,0.365691818,0.831230831,0.835525426,ns,ns
P51884_R(cit)FNALQYLR_,LUM(R227),1,0.896893287,0.696748093,0.938988361,ns,ns
P51888_LTDR(cit)GLPK_,PRELP(R281),1,0.914732581,0.753613345,0.932910245,ns,ns
P51888_PGTGPGR(cit)R(cit)PR_,PRELP(R34;R35),0.666666667,0.51591295,0.875142808,0.875142808,ns,ns
P51911_EWIEGVTGR(cit)R_,CNN1(R44),1,0.987595352,0.879951268,0.997053263,ns,ns
P52179_WR(cit)EANVK_,MYOM1(R984),0.333333333,0.220744651,1.285491877,1.285491877,ns,ns
P52209_DER(cit)IQASK_,PGD(R297),0.4,0.583935032,1.263825361,1.143367042,ns,ns
P52209_SFLEDIR(cit)K_,PGD(R324),0.7,0.872460314,1.277538145,0.931186245,ns,ns
P52272_HSLSGR(cit)PLK_,HNRNPM(R140),0.666666667,0.565301752,1.422986344,1.422986344,ns,ns
P52565_SR(cit)FTDDDK_,ARHGDIA(R180),0.4,0.453527655,0.957558429,0.800882902,ns,ns
P52895_PALER(cit)SLK_,AKR1C2(R101),1,0.92900156,1.098091858,1.025733531,ns,ns
P54136_QR(cit)LFEEK_,RARS1(R395),1,0.676679548,0.852149747,1.104017031,ns,ns
P54687_AFR(cit)GVDNK_,BCAT1(R102),0.7,0.881482698,0.571885637,1.090710141,ns,ns
P55001_ADLCR(cit)DK_,MFAP2(R154),0.7,0.862515829,1.184520472,1.123712339,ns,ns
P55735_R(cit)FASGGCDNLIK_,SEC13(R181),0.2,0.163018005,1.201708653,1.232456944,ns,ns
P55769_NVPYVFVR(cit)SK_,SNU13(R84),0.8,0.835093796,0.772043359,0.876790689,ns,ns
P55899_EPPSMR(cit)LK_,FCGRT(R206),0.8,0.574493778,0.963362478,0.903567438,ns,ns
P59666_IPACIAGER(cit)R_,DEFA3(R78),0.4,0.28950911,1.737627875,1.620610764,ns,ns
P60174_LDER(cit)EAGITEK_,TPI1(R172),0.7,0.561248444,1.113434344,1.305563116,ns,ns
P60709_EIVR(cit)DIK_,ACTB(R210),1,0.736718665,1.792041935,1.792041935,ns,ns
P60709_ILTER(cit)GYSFTTTAER_,ACTB(R196),0.485714286,0.383809403,0.786229973,0.69727266,ns,ns
P60866_GPVR(cit)MPTK_,RPS20(R55),1,0.991099201,1.008507427,1.008507427,ns,ns
P60903_DLDQCR(cit)DGK_,S100A10(R63),0.885714286,0.904367258,0.932700973,1.019498709,ns,ns
P61081_R(cit)LFEQNVQR_,UBE2M(R158),1,0.496628428,0.639036845,0.639036845,ns,ns
P61160_MDSQGR(cit)K_,ACTR2(R6),0.2,0.134329981,2.362163879,2.251605839,ns,ns
P61160_R(cit)LDIAGR_,ACTR2(R181),0.7,0.419133975,1.244279064,1.295076096,ns,ns
P61313_FAR(cit)SLQSVAEER_,RPL15(R96),1,0.926792338,1.020366739,1.020366739,ns,ns
P61619_ALR(cit)EAFYR_,SEC61A1(R231),0.8,0.458451557,1.091272967,1.148890583,ns,ns
P61619_DR(cit)ALFNGAQK_,SEC61A1(R109),0.4,0.753622168,1.334203113,0.859455036,ns,ns
P61981_AR(cit)LAEQAER_,YWHAG(R12),0.666666667,0.76693899,1.34947602,1.34947602,ns,ns
P61981_R(cit)ATVVESSEK_,YWHAG(R143),0.685714286,0.775472423,0.973886273,1.079001923,ns,ns
P62263_ETICR(cit)VTGGMK_,RPS14(R55),0.4,0.310736083,1.304188542,1.505059152,ns,ns
P62263_LR(cit)ATGGNR(cit)TK_,RPS14(R104),0.4,0.633688222,1.232247942,1.173533836,ns,ns
P62753_LIEVDDER(cit)K_,RPS6(R22),0.885714286,0.952593138,0.847100273,0.975323031,ns,ns
P62805_R(cit)ISGLIYEETR_,H4C1(R46),0.666666667,0.414110912,1.581749445,1.581749445,ns,ns
P62826_R(cit)HLTGEFEK_,RAN(R29),1,0.640114349,1.032809197,0.840134209,ns,ns
P62937_FGSR(cit)NGK_,PPIA(R148),1,0.987549707,0.986665065,0.986665065,ns,ns
P63244_QIVSGSR(cit)DK_,RACK1(R125),1,0.806609718,1.640410813,0.827263964,ns,ns
P63244_TEQMTLR(cit)GTLK_,RACK1(R8),0.666666667,0.425147335,1.189639417,1.189639417,ns,ns
P67936_AEER(cit)AEVSELK_,TPM4(R146),0.885714286,0.681856114,1.306504873,1.204905625,ns,ns
P67936_AEGDVAALNR(cit)R_,TPM4(R54),0.857142857,0.674615462,0.964477297,0.884180296,ns,ns
P78382_ASLR(cit)ENVLGSPK_,SLC35A1(R78),0.7,0.523987382,0.871735217,0.779066943,ns,ns
P78527_R(cit)YAVPSAGLR_,PRKDC(R264),0.666666667,0.423332175,2.260806427,2.260806427,ns,ns
P84077_ER(cit)VNEAR_,ARF1(R99),0.485714286,0.867820802,1.18099702,1.088022328,ns,ns
Q00325_CR(cit)MQVDPQK_,SLC25A3(R92),1,0.99878553,0.442518872,1.001074872,ns,ns
Q00610_FICIR(cit)EK_,CLTC(R41),1,0.950437054,0.770711349,0.981987405,ns,ns
Q00610_LDASESLR(cit)K_,CLTC(R1620),0.666666667,0.456751402,3.220930192,3.220930192,ns,ns
Q00796_ESPQEIAR(cit)K_,SORD(R234),0.4,0.468764336,2.543982477,1.727197462,ns,ns
Q00872_NGQEIR(cit)PSTK_,MYBPC1(R293),0.685714286,0.86858876,0.799637923,0.941882505,ns,ns
Q01082_AWER(cit)LEK_,SPTBN1(R398),0.4,0.411719897,1.20239321,1.393993048,ns,ns
Q01082_ER(cit)IIYIR_,SPTBN1(R718),0.666666667,0.460950226,0.470421316,0.470421316,ns,ns
Q01082_EVAELTR(cit)LR(cit)K_,SPTBN1(R839;R841),0.628571429,0.482381416,1.138562905,1.164218914,ns,ns
Q01082_R(cit)VR(cit)LVDTGDK_,SPTBN1(R1904),0.4,0.321641582,1.28623476,1.480856779,ns,ns
Q01082_VYMPR(cit)EGK_,SPTBN1(R384),0.2,0.10128678,1.318330901,1.469688357,ns,ns
Q01469_ESTITR(cit)K_,FABP5(R109),0.333333333,0.405172137,6.404992898,6.404992898,ns,ns
Q02218_ICEEAFAR(cit)SK_,OGDH(R572),0.685714286,0.930535494,0.860578685,0.98071637,ns,ns
Q02543_ASGTLR(cit)EYK_,RPL18A(R8),0.8,0.793991918,0.677008921,0.847985855,ns,ns
Q02641_NR(cit)GR(cit)NK_,CACNB1(R565;R567),0.4,0.345368232,1.286767398,1.345549715,ns,ns
Q02790_FDSSLDR(cit)K_,FKBP4(R73),0.4,0.377062657,1.212386732,1.214095161,ns,ns
Q05639_R(cit)YDEIVK_,EEF1A2(R166),0.666666667,0.405908164,1.778343666,1.778343666,ns,ns
Q05707_DEVIEAVR(cit)NLPYK_,COL14A1(R226),1,0.773350208,0.951147296,0.751775409,ns,ns
Q05707_GYR(cit)IVYK_,COL14A1(R860),0.885714286,0.652483433,0.960660598,1.242927462,ns,ns
Q05707_NLR(cit)ISNVGSNSAR_,COL14A1(R542),0.333333333,0.051269255,1.75875086,1.75875086,ns,ns
Q05707_PAQGQFR(cit)IK_,COL14A1(R116),1,0.987879855,1.375151052,1.00634674,ns,ns
Q05707_YR(cit)VVYYPTR_,COL14A1(R384),1,0.551864067,1.85358683,1.462214497,ns,ns
Q07507_GATTTFSAVER(cit)DR_,DPT(R180),0.666666667,0.597229276,0.909213229,0.909213229,ns,ns
Q07666_ER(cit)VLIPVK_,KHDRBS1(R159),0.2,0.215927403,0.394399901,0.525229072,ns,ns
Q07954_DSAR(cit)CISK_,LRP1(R1117),0.666666667,0.386748507,1.140014924,1.140014924,ns,ns
Q07954_IER(cit)SR(cit)LDGTER_,LRP1(R2035;R2037),1,0.948049982,0.983876104,0.986388762,ns,ns
Q07954_VFNR(cit)DR(cit)QK_,LRP1(R2150;R2152),1,0.851178343,0.981128626,0.981128626,ns,ns
Q12907_LTPDER(cit)SK_,LMAN2(R95),0.4,0.601297402,1.360412905,1.223932834,ns,ns
Q13492_YSR(cit)YLNEK_,PICALM(R129),0.8,0.696708715,0.985880963,1.075619606,ns,ns
Q13813_R(cit)NEVLDR_,SPTAN1(R1526),0.666666667,0.606495371,1.214068554,1.214068554,ns,ns
Q14019_EFVISDR(cit)K_,COTL1(R117),0.1,0.189980385,0.919264872,0.552441647,ns,ns
Q14108_ETASR(cit)LK_,SCARB2(R424),1,0.680521008,0.78771774,0.916022613,ns,ns
Q14152_R(cit)ANEFLEVGK_,EIF3A(R14),0.857142857,0.604532495,1.219004592,1.257176986,ns,ns
Q14152_R(cit)GMDDDR(cit)GPR_,EIF3A(R960;R966),0.857142857,0.872266739,1.081593456,1.053233844,ns,ns
Q14195_WR(cit)EWADGK_,DPYSL3(R124),0.4,0.143590056,1.217024382,1.253956798,ns,ns
Q14204_ALYR(cit)IQEK_,DYNC1H1(R287),0.857142857,0.698506136,0.983608587,1.122593708,ns,ns
Q14204_R(cit)VEDVLGK_,DYNC1H1(R664),0.333333333,0.23447048,1.25413149,1.25413149,ns,ns
Q14624_IQQTR(cit)EALIK_,ITIH4(R294),0.857142857,0.526940064,0.970816738,1.247530948,ns,ns
Q14696_R(cit)PSAPVDFSK_,MESD(R86),0.4,0.452303374,2.256361007,2.36670322,ns,ns
Q14764_TR(cit)VVSYR_,MVP(R456),0.4,0.38802171,1.41054564,1.31514167,ns,ns
Q14914_WQGDAR(cit)QK_,PTGR1(R280),0.228571429,0.235967273,0.785615242,0.801292804,ns,ns
Q15008_R(cit)LDEELEDAEK_,PSMD6(R83),0.8,0.746290525,1.432830142,0.761771107,ns,ns
Q15084_LGGR(cit)SGGYSSGK_,PDIA6(R142),1,0.807033061,0.903121417,0.8897758,ns,ns
Q15149_AQQQAEAER(cit)AR_,PLEC(R1759),1,0.917035917,1.087835012,1.087835012,ns,ns
Q15149_AR(cit)QAEAAER_,PLEC(R1575),1,0.676660123,0.984864717,0.907563378,ns,ns
Q15149_LR(cit)DVGAYSK_,PLEC(R4563),0.4,0.268471156,0.766528294,0.645191196,ns,ns
Q15149_QLR(cit)SEFER_,PLEC(R522),0.885714286,0.94506456,1.025726462,0.979599746,ns,ns
Q15233_ER(cit)EQPPR_,NONO(R251),0.685714286,0.456443374,0.723531113,0.694997381,ns,ns
Q15363_GDR(cit)ESSGK_,TMED2(R74),0.885714286,0.523379748,0.972714554,1.351731651,ns,ns
Q15582_SR(cit)LLGDAK_,TGFBI(R557),0.7,0.491546916,1.320896835,1.545092771,ns,ns
Q15836_VLER(cit)DQK_,VAMP3(R39),0.485714286,0.991912776,0.679873624,1.00596175,ns,ns
Q16531_GLWPLR(cit)SDPNR_,DDB1(R414),0.8,0.6274901,0.849056686,0.864108039,ns,ns
Q16555_SSAEVIAQAR(cit)K_,DPYSL2(R268),0.685714286,0.846158997,1.058717976,1.15494623,ns,ns
Q16555_VFNLYPR(cit)K_,DPYSL2(R397),0.685714286,0.78368406,1.038941205,1.096489512,ns,ns
Q16822_DVAR(cit)VESK_,PCK2(R104),1,0.868323081,0.931202621,0.955633488,ns,ns
Q5SSJ5_SGASVVAIR(cit)K_,HP1BP3(R184),1,0.674236868,0.786012753,1.168760873,ns,ns
Q5VST9_AAPVEWR(cit)K_,OBSCN(R3306),0.857142857,0.544159434,1.259644641,1.343425068,ns,ns
Q5VTE0_R(cit)GNVAGDSK_,EEF1A1P5(R322),0.4,0.240375371,2.06466261,1.697291981,ns,ns
Q687X5_EFR(cit)FVQSK_,STEAP4(R380),1,0.702448962,1.206984791,1.206984791,ns,ns
Q6UXV4_NPPR(cit)DFLPK_,APOOL(R109),0.2,0.126336412,1.829654877,1.779846796,ns,ns
Q6ZMJ2_GVEEVYR(cit)TAR_,SCARA5(R444),0.666666667,0.586776308,0.845913371,0.845913371,ns,ns
Q71DI3_R(cit)VTIMPK_,H3C15(R117),0.4,0.366482082,0.555896284,0.609019364,ns,ns
Q71DI3_STELLIR(cit)K_,H3C15(R64),0.885714286,0.897304936,0.761879175,0.878430109,ns,ns
Q7KZF4_R(cit)AAATQPDAK_,SND1(R62),0.685714286,0.76720728,1.10048631,1.093007929,ns,ns
Q7L576_EGER(cit)LDAK_,CYFIP1(R1042),0.333333333,0.021250197,0.815511489,0.815511489,down,down
Q7Z304_EGPGWTR(cit)VK_,MAMDC2(R362),1,0.567901149,0.969867946,1.173689703,ns,ns
Q86VB7_CSGR(cit)VEVK_,CD163(R63),0.4,0.467202812,0.554123537,0.683678834,ns,ns
Q86VP6_NSR(cit)STDSIR_,CAND1(R829),0.333333333,0.02303752,2.849070223,2.849070223,up,up
Q8NBJ5_R(cit)TPAYIPIR(cit)K_,COLGALT1(R213),1,0.641375748,0.829118929,1.147610617,ns,ns
Q8NBX0_LIDR(cit)LNK_,SCCPDH(R413),0.666666667,0.364415632,1.909810171,1.909810171,ns,ns
Q8NF37_R(cit)R(cit)AQSNGK_,LPCAT1(R192;R193),1,0.772196338,4.504583909,1.402972698,ns,ns
Q8TD55_FILLR(cit)SPGNK_,PLEKHO2(R88),0.885714286,0.80031968,0.949123783,0.890365631,ns,ns
Q8TED1_EVESFAR(cit)K_,GPX8(R127),0.333333333,0.279317844,1.148496938,1.148496938,ns,ns
Q8WUM4_INR(cit)ALAAAK_,PDCD6IP(R306),0.4,0.53731776,0.694006279,0.703148107,ns,ns
Q8WZ42_AGDSSR(cit)LECK_,TTN(R6369),0.4,0.516796827,0.892852751,0.859029761,ns,ns
Q8WZ42_ASER(cit)PLPPGK_,TTN(R22975),0.666666667,0.632403409,1.170651342,1.170651342,ns,ns
Q8WZ42_DR(cit)NSILWQK_,TTN(R27638),0.114285714,0.139750055,1.367385825,1.26654949,ns,ns
Q8WZ42_DSR(cit)EIR(cit)SGGK_,TTN(R9118;R9121),1,0.706670145,0.902474082,0.901994772,ns,ns
Q8WZ42_ENSNFR(cit)LK_,TTN(R20928),0.342857143,0.21068686,1.094590383,1.293981398,ns,ns
Q8WZ42_FR(cit)VSAINGAGK_,TTN(R29254),0.2,0.10663519,2.354032737,2.252351978,ns,ns
Q8WZ42_LDDGTYR(cit)CK_,TTN(R32567),0.7,0.558377095,0.868337192,0.866565197,ns,ns
Q8WZ42_LEIR(cit)DTTK_,TTN(R9442),0.8,0.624026883,1.283678912,1.292546179,ns,ns
Q8WZ42_LEPSR(cit)IVK_,TTN(R8242),0.628571429,0.540360835,1.258329755,1.100431409,ns,ns
Q8WZ42_LSVR(cit)GDTIK_,TTN(R16331),0.1,0.094206011,1.134883198,1.251777466,ns,ns
Q8WZ42_SGVPLTTGYR(cit)YK_,TTN(R1127),0.857142857,0.653415627,0.922817631,0.877085556,ns,ns
Q8WZ42_TANCR(cit)VK_,TTN(R16832),0.666666667,0.729183999,1.155532319,1.155532319,ns,ns
Q8WZ42_VGIDNVVR(cit)K_,TTN(R19577),0.4,0.484625488,1.19812087,1.200502019,ns,ns
Q8WZ42_VLETGDR(cit)VK_,TTN(R14367),0.7,0.514483402,1.158263024,1.180949604,ns,ns
Q8WZ42_VTNDNLLSR(cit)K_,TTN(R17701),0.8,0.815267081,0.661058765,0.906138641,ns,ns
Q92896_EAEER(cit)EPK_,GLG1(R281),0.8,0.609415272,0.7070866,0.830932626,ns,ns
Q92896_EDVTR(cit)VCPK_,GLG1(R124),0.4,0.400515425,1.546792719,1.32974736,ns,ns
Q92896_LDPVLYR(cit)K_,GLG1(R565),1,0.872221404,1.524751637,1.095249033,ns,ns
Q96AC1_VNFSDR(cit)VFK_,FERMT2(R118),0.885714286,0.984170086,1.021001239,1.007285455,ns,ns
Q96B49_GVYR(cit)FATDR_,TOMM6(R33),1,0.870582958,1.044197021,1.044197021,ns,ns
Q96HD1_SDR(cit)VLEGFIK_,CRELD1(R411),1,0.841791215,0.861919655,1.120211466,ns,ns
Q96KB5_VALNMAR(cit)GLK_,PBK(R152),1,0.766342057,1.175410971,1.098792263,ns,ns
Q96KG9_AR(cit)VEAGGLK_,SCYL1(R106),1,0.986400595,1.02000446,0.993087777,ns,ns
Q96LZ2_VSATAGAR(cit)SK_,MAGEB10(R335),0.7,0.257832801,0.269782357,0.200052384,ns,ns
Q96QZ0_ER(cit)YFEFPLLER_,PANX3(R185),1,0.995158624,1.004000573,1.004000573,ns,ns
Q96TA1_AELGPR(cit)LK_,NIBAN2(R256),0.485714286,0.457541367,1.258804424,1.206737556,ns,ns
Q99613_SEAPSGESR(cit)K_,EIF3C(R209),1,0.630991027,0.846542772,1.259550084,ns,ns
Q99623_DLAGR(cit)LPAGPR_,PHB2(R11),0.666666667,0.789344449,1.34270248,1.34270248,ns,ns
Q9BPX5_ER(cit)AQGVVLK_,ARPC5L(R76),0.4,0.286707827,1.577246128,1.425160291,ns,ns
Q9BQE5_R(cit)AQELEGK_,APOL2(R313),0.857142857,0.440713604,1.074086089,1.396807713,ns,ns
Q9BRX8_FYGPQR(cit)R(cit)K_,PRXL2A(R146),0.4,0.390401019,1.203830226,1.159469718,ns,ns
Q9BSJ8_AEDLPLR(cit)K_,ESYT1(R813),0.333333333,0.233333729,1.44493533,1.44493533,ns,ns
Q9BVK6_EQNYQR(cit)WR_,TMED9(R186),0.228571429,0.20306774,0.550065452,0.489839966,ns,ns
Q9BXN1_ELQR(cit)LGLGNNK_,ASPN(R269),0.028571429,0.061154318,1.439592687,1.845648505,ns,ns
Q9BY50_GDNNEVDDR(cit)GLYK_,SEC11C(R135),0.1,0.040276133,1.557286023,1.424051389,up,up
Q9BZZ2_DGVR(cit)LQTK_,SIGLEC1(R282),0.666666667,0.808136918,1.154618518,1.154618518,ns,ns
Q9H1C4_TVLR(cit)TLPR_,UNC93B1(R277),1,0.523397272,0.692545682,0.609846984,ns,ns
Q9H223_AFR(cit)GQDDK_,EHD4(R211),0.8,0.727222243,0.513420067,0.767532774,ns,ns
Q9H299_SQQSEVTR(cit)ILDGK_,SH3BGRL3(R26),1,0.769582419,1.628687739,0.85651501,ns,ns
Q9H8H3_ALER(cit)ASFSK_,TMT1A(R214),0.4,0.394476921,1.072850778,1.192065402,ns,ns
Q9HD45_R(cit)DAFVYAIK_,TM9SF3(R117),0.857142857,0.625870672,0.959570519,0.862385718,ns,ns
Q9NQ79_R(cit)LVNIAVDER_,CRTAC1(R91),0.4,0.494683501,1.286958492,1.215424517,ns,ns
Q9NRI5_SLQER(cit)IK_,DISC1(R549),0.2,0.142931236,1.657402744,1.581544764,ns,ns
Q9NRX4_EIVR(cit)GYK_,PHPT1(R45),1,0.733418013,1.262740353,0.758568427,ns,ns
Q9NTJ5_TDFTR(cit)TGK_,SACM1L(R461),0.057142857,0.09844553,1.198704791,1.394437997,ns,ns
Q9NUU6_GETPR(cit)NK_,OTULINL(R110),1,0.701446767,1.333545977,1.123104425,ns,ns
Q9NUU7_LAYAVR(cit)GNK_,DDX19A(R198),0.628571429,0.575475341,1.240392153,1.247733085,ns,ns
Q9NVJ2_R(cit)DLPNALDEK_,ARL8B(R132),0.8,0.816156455,1.073886581,0.852743613,ns,ns
Q9NZ08_TR(cit)LEEVK_,ERAP1(R887),1,0.843089358,0.984954035,1.060720089,ns,ns
Q9NZU5_YSTLTAR(cit)VK_,LMCD1(R84),0.485714286,0.592717769,0.985348205,0.953476824,ns,ns
Q9P016_SEPESR(cit)LEK_,THYN1(R66),0.114285714,0.093904029,1.497812212,1.449316583,ns,ns
Q9P035_EEER(cit)LNK_,HACD3(R127),1,0.986599956,1.011460164,1.011460164,ns,ns
Q9UBG0_VFSSER(cit)LQDK_,MRC2(R690),0.7,0.480013613,0.710229115,0.73332674,ns,ns
Q9UHQ9_SPPEPR(cit)VAK_,CYB5R1(R174),0.7,0.471920265,1.14305982,1.297693103,ns,ns
Q9UKX2_EALVSQLSR(cit)GK_,MYH2(R1309),0.8,0.557910267,1.477553027,1.293263059,ns,ns
Q9UKX2_EAR(cit)SLGTELFK_,MYH2(R1481),0.7,0.809714458,0.75090524,0.849206832,ns,ns
Q9UNL2_LSEADNR(cit)K_,SSR3(R110),0.685714286,0.678092033,1.079293083,1.38474236,ns,ns
Q9UNL2_R(cit)EDAVSK_,SSR3(R92),0.2,0.228888346,0.754920717,0.67850167,ns,ns
Q9Y279_ITELR(cit)VQK_,VSIG4(R134),0.8,0.610106074,0.90192906,0.9282835,ns,ns
Q9Y2J8_CLDWNR(cit)DILK_,PADI2(R552),0.7,0.687887795,1.315070623,1.141218348,ns,ns
Q9Y2J8_DMSQMILR(cit)TK_,PADI2(R187),0.885714286,0.786903185,0.98133432,1.170679389,ns,ns
Q9Y2J8_VCFQYLNR(cit)GDR_,PADI2(R344),0.685714286,0.981456822,1.266227072,0.990553427,ns,ns
Q9Y2J8_VVR(cit)DFLK_,PADI2(R448),0.771503409,0.710233524,1.169799276,1.434800753,ns,ns
Q9Y3A6_TLVFEQR(cit)K_,TMED5(R89),1,0.908831532,0.967616904,0.967616904,ns,ns
Q9Y3U8_FVR(cit)DMIR_,RPL36(R41),0.333333333,0.12063539,1.591012995,1.591012995,ns,ns
Q9Y490_AAAR(cit)DGK_,TLN1(R1072),0.4,0.935406009,0.805399235,1.036839588,ns,ns
Q9Y490_LITSMR(cit)DK_,TLN1(R1652),1,0.688898431,0.945159782,0.945159782,ns,ns
Q9Y490_R(cit)ASDNLVK_,TLN1(R2465),0.4,0.19716389,1.264348464,1.4251491,ns,ns
Q9Y5K8_GAQTGR(cit)NLLK_,ATP6V1D(R30),0.333333333,0.139216624,1.700150899,1.700150899,ns,ns
Q9Y5U8_AGALVR(cit)K_,MPC1(R7),0.228571429,0.322253608,1.326547426,1.267275546,ns,ns
Q9Y639_NGVELSATR(cit)K_,NPTN(R195),0.7,0.740349471,1.450739838,1.161424549,ns,ns
Q9Y678_EDNYR(cit)GPAVR_,COPG1(R121),0.7,0.904906471,1.320112191,0.959420081,ns,ns
Q9Y696_YR(cit)NFDIPK_,CLIC4(R206),1,0.597528866,1.014810888,0.860085312,ns,ns
Q9Y6X1_NITQR(cit)GNVAK_,SERP1(R21),0.885714286,0.646781591,1.086054336,1.262357063,ns,ns
