ID_PA,ID,PA,Gene_position,n_Y,n_N,p_YN,fc_YN,fc_YN_mean,median_Y,median_N,mean_Y,mean_N,color_YN_median,color_YN_mean,pro_n_Y,pro_n_N,pro_p_YN,pro_fc_YN,pro_fc_YN_mean,pro_median_Y,pro_median_N,pro_mean_Y,pro_mean_N,pro_color_YN_median,pro_color_YN_mean
P07305_NR(cit)AGSSR(cit)QSIQK_,P07305,NR(cit)AGSSR(cit)QSIQK,H1F0(R42;R47),15,39,0.088041392,-0.003538654,-0.097105768,-4.803080747,-4.799542093,-4.822300545,-4.725194777,other,other,14,41,0.477057925,0.018451909,0.067374714,-2.921368909,-2.939820818,-2.885790678,-2.953165392,other,other
P07339_VER(cit)QVFGEATK_,P07339,VER(cit)QVFGEATK,CTSD(R176),14,33,0.786835374,-0.029884983,-0.003858385,-1.951546073,-1.92166109,-1.925059395,-1.921201009,other,other,15,42,0.52765687,-0.008607943,-0.030424132,-1.525028282,-1.516420339,-1.511993887,-1.481569755,other,other
P07355_DIISDTSGDFR(cit)K_,P07355,DIISDTSGDFR(cit)K,ANXA2(R168),11,34,0.496306178,-0.014100209,-0.072791059,-2.688956408,-2.6748562,-2.711757176,-2.638966118,other,other,3,11,0.638578518,0.026003394,0.049429333,-0.274058748,-0.300062142,-0.191923135,-0.241352468,other,other
P08670_NNDALR(cit)QAK_,P08670,NNDALR(cit)QAK,VIM(R310),16,44,0.873227659,0.029429126,-0.022273551,-3.329288119,-3.358717246,-3.317824054,-3.295550503,other,other,17,47,0.759457919,0.013381935,0.014307989,-1.287427215,-1.30080915,-1.256063027,-1.270371016,other,other
P08670_SR(cit)LGDLYEEEMR_,P08670,SR(cit)LGDLYEEEMR,VIM(R145),11,33,0.389038553,-0.109199241,-0.056829887,-2.225853291,-2.11665405,-2.207811142,-2.150981255,other,other,17,47,0.759457919,0.013381935,0.014307989,-1.287427215,-1.30080915,-1.256063027,-1.270371016,other,other
P11142_R(cit)NTTIPTK_,P11142,R(cit)NTTIPTK,HSPA8(R416),14,36,0.056032918,-0.159808107,-0.124171807,-3.064854598,-2.905046491,-3.054489229,-2.930317422,other,other,17,46,0.821229121,-0.001000446,0.004454064,-2.072139278,-2.071138832,-2.02849463,-2.032948693,other,other
P14618_GPEIR(cit)TGLIK_,P14618,GPEIR(cit)TGLIK,PKM(R120),9,31,0.503588911,0.017956591,0.073883069,-2.724135756,-2.742092347,-2.696920232,-2.770803302,other,other,17,47,0.43492518,0.080504987,0.0132856,-2.313670235,-2.394175222,-2.340682732,-2.353968332,other,other
P16401_ER(cit)NGLSLAALK_,P16401,ER(cit)NGLSLAALK,H1F5(R57),10,20,0.448450267,-0.009900174,-0.018739226,-4.743309412,-4.733409238,-4.731701832,-4.712962606,other,other,12,39,0.66207813,0.02219216,0.03272225,-1.785843365,-1.808035525,-1.752657458,-1.785379708,other,other
P26038_EALLQASR(cit)DQK_,P26038,EALLQASR(cit)DQK,MSN(R408),13,34,0.009647826,0.058756254,0.180292018,-1.986811324,-2.045567578,-1.914168642,-2.09446066,other,up,17,47,0.71329736,0.009779099,-0.028767293,-1.699381265,-1.709160364,-1.691267363,-1.66250007,other,other
P30086_NR(cit)PTSISWDGLDSGK_,P30086,NR(cit)PTSISWDGLDSGK,PEBP1(R49),11,27,0.871487809,0,0.009228789,-4.166334832,-4.166334832,-4.160281665,-4.169510454,other,other,16,44,0.405752336,0.031905475,0.027996083,-2.331434464,-2.363339939,-2.367765093,-2.395761176,other,other
P31040_IYQR(cit)AFGGQSLK_,P31040,IYQR(cit)AFGGQSLK,SDHA(R171),12,36,0.990448575,0.001383244,-0.012752624,-2.969836488,-2.971219732,-2.971860593,-2.959107969,other,other,12,35,0.685118731,0.057205774,0.033737871,-1.10034721,-1.157552983,-1.112789372,-1.146527243,other,other
P61978_ELR(cit)ENTQTTIK_,P61978,ELR(cit)ENTQTTIK,HNRNPK(R171),16,44,0.667608448,-0.005855418,-0.031066434,-3.931082782,-3.925227364,-3.943017258,-3.911950823,other,other,16,43,0.465334786,0.012105565,0.019549505,-0.845446861,-0.857552425,-0.824562869,-0.844112374,other,other
P62081_AQLR(cit)ELNITAAK_,P62081,AQLR(cit)ELNITAAK,RPS7(R41),16,36,0.492340475,0.024455642,0.040590352,-3.39278869,-3.417244332,-3.381434478,-3.42202483,other,other,12,30,0.271221757,-0.029769202,-0.034837863,0.150012702,0.179781904,0.19044694,0.225284803,other,other
Q01995_R(cit)EFTESQLQEGK_,Q01995,R(cit)EFTESQLQEGK,TAGLN(R161),17,47,0.290801552,-0.036476691,-0.060794115,-5.896430106,-5.859953415,-5.894209777,-5.833415662,other,other,17,47,0.747829732,0,0.012600021,-1.470927462,-1.470927462,-1.459211197,-1.471811218,other,other
Q06830_R(cit)TIAQDYGVLK_,Q06830,R(cit)TIAQDYGVLK,PRDX1(R110),15,37,0.729632726,0,0.00019014,-3.311725197,-3.311725197,-3.31420988,-3.31440002,other,other,17,47,0.581532987,0.06070604,0.016059992,-1.216130667,-1.276836707,-1.218833556,-1.234893549,other,other
Q9UBQ7_R(cit)ILDAAGANLK_,Q9UBQ7,R(cit)ILDAAGANLK,GRHPR(R66),12,29,0.047487254,-0.068389831,-0.088066381,-2.997445893,-2.929056062,-2.992470412,-2.904404031,other,other,7,22,0.758173017,0.020549655,-0.003030015,-1.506207795,-1.52675745,-1.531713133,-1.528683118,other,other
A0A0B4J1V0_GLEWVGR(cit)IK_,A0A0B4J1V0,GLEWVGR(cit)IK,IGHV3-15(R69),2,12,0.224326308,-0.041359532,-0.077444044,-4.589423718,-4.548064187,-4.589423718,-4.511979674,other,other,2,15,0.169984847,0.272775407,0.358567375,1.715768257,1.44299285,1.715768257,1.357200881,other,other
A0A0B4J1X5_GR(cit)FTISR(cit)DNAK_,A0A0B4J1X5,GR(cit)FTISR(cit)DNAK,IGHV3-74(R86;R91),13,36,0.123956447,-0.011095182,-0.069796005,-3.862731244,-3.851636062,-3.876199758,-3.806403753,other,other,#N/A,#N/A,#N/A,#N/A,#N/A,#N/A,#N/A,#N/A,#N/A,#N/A,#N/A
O00299_R(cit)TETVQK_,O00299,R(cit)TETVQK,CLIC1(R51),3,13,0.27426625,-0.001735329,-0.14053828,-1.848216434,-1.846481105,-1.888798142,-1.748259862,other,other,17,45,0.294150024,-0.006935235,-0.082798457,-0.898925241,-0.891990006,-0.952061573,-0.869263116,other,other
O00483_MLR(cit)QIIGQAK_,O00483,MLR(cit)QIIGQAK,NDUFA4(R3),2,13,0.685878703,0.066882421,-0.0023894,-2.482682858,-2.549565279,-2.482682858,-2.480293458,other,other,#N/A,#N/A,#N/A,#N/A,#N/A,#N/A,#N/A,#N/A,#N/A,#N/A,#N/A
O15144_R(cit)NCFASVFEK_,O15144,R(cit)NCFASVFEK,ARPC2(R118),3,9,0.925021816,0,-0.012899777,-3.259250372,-3.259250372,-3.284386311,-3.271486533,other,other,10,28,0.01433636,0.134335265,0.145796963,-1.22496615,-1.359301414,-1.217535998,-1.363332961,other,up
O15144_VLNR(cit)AR(cit)PDAEK_,O15144,VLNR(cit)AR(cit)PDAEK,ARPC2(R279; R281),13,25,0.889089063,0,0.013948755,-2.494380107,-2.494380107,-2.494739442,-2.508688197,other,other,10,28,0.01433636,0.134335265,0.145796963,-1.22496615,-1.359301414,-1.217535998,-1.363332961,other,up
O43707_AETAANR(cit)ICK_,O43707,AETAANR(cit)ICK,ACTN4(R280),8,35,0.037780917,-0.111046802,-0.182272257,-3.380894004,-3.269847202,-3.428821495,-3.246549238,other,down,17,47,0.771140743,0,-0.025406156,-1.998399851,-1.998399851,-1.983832542,-1.958426386,other,other
O43707_EGLLLWCQR(cit)K_,O43707,EGLLLWCQR(cit)K,ACTN4(R175),3,10,1,0,-0.006976539,-5.876063223,-5.876063223,-5.882354115,-5.875377576,other,other,17,47,0.771140743,0,-0.025406156,-1.998399851,-1.998399851,-1.983832542,-1.958426386,other,other
O43866_SLSPSFR(cit)DR(cit)K_,O43866,SLSPSFR(cit)DR(cit)K,CD5L(R296;R298),7,23,0.52118375,-0.121446717,-0.070165337,-3.328224917,-3.2067782,-3.286730818,-3.216565481,other,other,17,45,0.356302969,0,0.077698203,2.843018063,2.843018063,2.867196336,2.789498133,other,other
O75369_VR(cit)AGGPGLER_,O75369,VR(cit)AGGPGLER,FLNB(R2197),10,24,0.773834087,0.136332082,-0.067089362,-2.284854516,-2.421186597,-2.426305151,-2.359215789,other,other,17,46,0.403912327,0.035494,0.02044291,-0.241430136,-0.276924136,-0.24460354,-0.26504645,other,other
O75390_ALGFPLER(cit)PK_,O75390,ALGFPLER(cit)PK,CS(R448),5,15,0.425956692,0.03224592,0.051351498,-3.353827154,-3.386073074,-3.285546191,-3.336897689,other,other,4,15,0.330165439,-0.041377479,-0.086787569,-1.092818422,-1.051440943,-1.144863263,-1.058075693,other,other
O75947_AR(cit)IVEYEK_,O75947,AR(cit)IVEYEK,ATP5H(R111),0,5,NA,NA,NA,NA,-2.409679246,NA,-2.457259516,NA,NA,11,43,0.77868642,0.025128038,-0.038930589,-2.035087497,-2.060215535,-2.073728664,-2.034798076,other,other
O95831_VR(cit)R(cit)EGVK_,O95831,VR(cit)R(cit)EGVK,AIFM1(R357;R358),8,14,0.427775815,-0.030496129,-0.034628494,-1.855379459,-1.824883329,-1.824263305,-1.789634811,other,other,17,47,0.358316269,-0.005860039,-0.039311363,-2.192411092,-2.186551053,-2.212274015,-2.172962652,other,other
P00325_AAGAAR(cit)IIAVDINK_,P00325,AAGAAR(cit)IIAVDINK,ADH1B(R219),4,5,1,-0.077582257,0.003498616,-4.766970697,-4.689388439,-4.69302308,-4.696521696,other,other,16,41,0.103773136,0.107740336,0.055176151,-0.987914902,-1.095655238,-0.989595533,-1.044771684,other,other
P00325_NDLGNPR(cit)GTLQDGTR(cit)R_,P00325,NDLGNPR(cit)GTLQDGTR(cit)R,ADH1B(R121;R129),16,36,0.13755132,-0.087939485,-0.072148555,-2.139592827,-2.051653342,-2.160721579,-2.088573024,other,other,16,41,0.103773136,0.107740336,0.055176151,-0.987914902,-1.095655238,-0.989595533,-1.044771684,other,other
P00325_NDLGNPR(cit)GTLQDGTR_,P00325,NDLGNPR(cit)GTLQDGTR,ADH1B(R121),8,26,0.854194197,0.048631192,-0.079155504,-2.579591113,-2.628222305,-2.67188779,-2.592732286,other,other,16,41,0.103773136,0.107740336,0.055176151,-0.987914902,-1.095655238,-0.989595533,-1.044771684,other,other
P00338_NR(cit)VIGSGCNLDSAR_,P00338,NR(cit)VIGSGCNLDSAR,LDHA(R157),12,23,0.355052932,-0.073340288,-0.029027951,-2.68493623,-2.611595942,-2.666789963,-2.637762012,other,other,17,47,0.854236548,0.009231183,0.000244944,-1.444196673,-1.453427856,-1.440533404,-1.440778348,other,other
P00338_QQEGESR(cit)LNLVQR_,P00338,QQEGESR(cit)LNLVQR,LDHA(R106),8,14,1,0.021368622,-0.032781332,-3.003869978,-3.025238599,-3.049253331,-3.016471999,other,other,17,47,0.854236548,0.009231183,0.000244944,-1.444196673,-1.453427856,-1.440533404,-1.440778348,other,other
P00338_VTLTSEEEAR(cit)LK_,P00338,VTLTSEEEAR(cit)LK,LDHA(R315),3,9,0.257899035,0.122078144,0.093312114,-2.177847796,-2.29992594,-2.195640875,-2.288952989,other,other,17,47,0.854236548,0.009231183,0.000244944,-1.444196673,-1.453427856,-1.440533404,-1.440778348,other,other
P00387_SNPIIR(cit)TVK_,P00387,SNPIIR(cit)TVK,CYB5R3(R170),7,19,0.486083511,-0.061489643,-0.036890964,-0.270999046,-0.209509403,-0.259300852,-0.222409889,other,other,17,46,0.821229121,-0.005414055,0.006359995,-1.715979357,-1.710565302,-1.686961551,-1.693321546,other,other
P00450_EYTDASFTNR(cit)K_,P00450,EYTDASFTNR(cit)K,CP(R436),7,12,0.251796968,-0.162506611,-0.13607431,-3.344355044,-3.181848433,-3.344690689,-3.208616378,other,other,17,47,0.305011517,-0.03396773,-0.036793234,2.6015149,2.63548263,2.575370667,2.612163901,other,other
P00558_IEAFR(cit)ASLSK_,P00558,IEAFR(cit)ASLSK,PGK1(R151),11,29,0.604574586,-0.008121188,-0.019681155,-3.030838799,-3.022717611,-3.042606143,-3.022924988,other,other,17,47,0.657057452,0.055362666,0.020879413,-2.017635596,-2.072998262,-2.024858118,-2.045737531,other,other
P00558_NNQITNNQR(cit)IK_,P00558,NNQITNNQR(cit)IK,PGK1(R39),15,42,0.590197699,0.061595162,0.031671903,-4.431503879,-4.493099041,-4.425815182,-4.457487085,other,other,17,47,0.657057452,0.055362666,0.020879413,-2.017635596,-2.072998262,-2.024858118,-2.045737531,other,other
P00558_YAEAVTR(cit)AK_,P00558,YAEAVTR(cit)AK,PGK1(R330),12,33,0.409060103,-0.042168903,-0.070647785,-3.141802395,-3.099633491,-3.159146675,-3.088498889,other,other,17,47,0.657057452,0.055362666,0.020879413,-2.017635596,-2.072998262,-2.024858118,-2.045737531,other,other
P00734_GR(cit)VTGWGNLK_,P00734,GR(cit)VTGWGNLK,F2(R500),13,38,0.593565258,-0.025865221,-0.035458152,-2.400939278,-2.375074058,-2.3891921,-2.353733948,other,other,17,47,0.238461116,-0.040404098,-0.036502038,2.25816577,2.298569868,2.236119758,2.272621796,other,other
P00736_LR(cit)YTTEIIK_,P00736,LR(cit)YTTEIIK,C1R(R301),6,18,0.713569886,0.106782275,0.012622165,-2.560107273,-2.666889548,-2.66504462,-2.677666784,other,other,16,46,0.280921494,0.012614801,0.026000768,0.975879333,0.963264531,0.99033094,0.964330172,other,other
P00738_LR(cit)TEGDGVYTLNDK_,P00738,LR(cit)TEGDGVYTLNDK,HP(R59),12,35,0.632036623,-0.010661641,-0.015423857,-4.617940116,-4.607278475,-4.607367107,-4.59194325,other,other,17,47,0.747829732,-0.200719641,-0.014084508,2.274311838,2.475031479,2.399911684,2.413996192,other,other
P00738_LR(cit)TEGDGVYTLNNEK_,P00738,LR(cit)TEGDGVYTLNNEK,HP(R118),14,40,0.682926548,0.012074763,-0.017616376,-3.868425313,-3.880500076,-3.858601855,-3.840985479,other,other,17,47,0.747829732,-0.200719641,-0.014084508,2.274311838,2.475031479,2.399911684,2.413996192,other,other
P00738_VGYVSGWGR(cit)NANFK_,P00738,VGYVSGWGR(cit)NANFK,HP(R286),12,30,0.443321964,0.039200627,0.085176078,-3.154751395,-3.193952021,-3.129451402,-3.214627481,other,other,17,47,0.747829732,-0.200719641,-0.014084508,2.274311838,2.475031479,2.399911684,2.413996192,other,other
P00747_NYR(cit)GTMSK_,P00747,NYR(cit)GTMSK,PLG(R112),13,29,0.72274747,0.050961294,0.021484417,-3.111865403,-3.162826697,-3.095938254,-3.117422672,other,other,17,47,0.399771181,-0.002954406,-0.027548558,2.162862097,2.165816503,2.145128092,2.172676651,other,other
P00747_SPR(cit)PSSYK_,P00747,SPR(cit)PSSYK,PLG(R629),10,11,0.549342009,0.007837064,-0.015234767,-2.533417563,-2.541254627,-2.545455422,-2.530220655,other,other,17,47,0.399771181,-0.002954406,-0.027548558,2.162862097,2.165816503,2.145128092,2.172676651,other,other
P00751_ISVIR(cit)PSK_,P00751,ISVIR(cit)PSK,CFB(R503),3,10,0.596544269,-0.053662588,-0.092788476,-4.440997031,-4.387334443,-4.477838988,-4.385050513,other,other,17,47,0.358316269,0,0.041279508,2.226553732,2.226553732,2.232223972,2.190944464,other,other
P00966_EDFEEAR(cit)K_,P00966,EDFEEAR(cit)K,ASS1(R48),9,21,0.221681455,-0.060395958,-0.081177581,-1.552007412,-1.491611454,-1.600841185,-1.519663604,other,other,17,46,0.245646201,-0.060896524,-0.024913617,-0.934794475,-0.873897951,-0.914672608,-0.889758991,other,other
P00966_GR(cit)NDLMEYAK_,P00966,GR(cit)NDLMEYAK,ASS1(R157),14,38,0.189893339,-0.08528005,-0.04183068,-2.545304286,-2.460024236,-2.509036132,-2.467205452,other,other,17,46,0.245646201,-0.060896524,-0.024913617,-0.934794475,-0.873897951,-0.914672608,-0.889758991,other,other
P00966_QVEIAQR(cit)EGAK_,P00966,QVEIAQR(cit)EGAK,ASS1(R108),17,43,0.741272821,0.016962319,-0.001415806,-3.203854156,-3.220816475,-3.19121836,-3.189802554,other,other,17,46,0.245646201,-0.060896524,-0.024913617,-0.934794475,-0.873897951,-0.914672608,-0.889758991,other,other
P00966_SQER(cit)VEGK_,P00966,SQER(cit)VEGK,ASS1(R344),9,19,0.522216394,0.000635376,-0.150764593,-3.003237958,-3.003873334,-3.10012563,-2.949361037,other,other,17,46,0.245646201,-0.060896524,-0.024913617,-0.934794475,-0.873897951,-0.914672608,-0.889758991,other,other
P01008_ENAEQSR(cit)AAINK_,P01008,ENAEQSR(cit)AAINK,SERPINC1(R215),10,29,0.467206427,-0.110368773,-0.05162761,-2.834025855,-2.723657082,-2.819729436,-2.768101826,other,other,10,35,0.825698893,0.065259953,0.005775904,2.064421001,1.999161047,2.020380903,2.014604999,other,other
P01008_FSPENTR(cit)K_,P01008,FSPENTR(cit)K,SERPINC1(R267),4,20,0.204668564,-0.0452561,-0.075952671,-2.342148808,-2.296892708,-2.34481478,-2.268862109,other,other,10,35,0.825698893,0.065259953,0.005775904,2.064421001,1.999161047,2.020380903,2.014604999,other,other
P01008_LVSANR(cit)LFGDK_,P01008,LVSANR(cit)LFGDK,SERPINC1(R177),1,8,1,0,-8.44E-05,-5.622342161,-5.622342161,-5.622342161,-5.622257743,other,other,10,35,0.825698893,0.065259953,0.005775904,2.064421001,1.999161047,2.020380903,2.014604999,other,other
P01009_FLENEDR(cit)R_,P01009,FLENEDR(cit)R,SERPINA1(R305),8,27,0.936628266,-0.0819614,-0.004980657,-2.891823016,-2.809861616,-2.884414643,-2.879433986,other,other,17,47,0.080932928,0.027962104,0.053289325,1.131822642,1.103860538,1.128238187,1.074948862,other,other
P01023_R(cit)TTVMVK_,P01023,R(cit)TTVMVK,A2M(R117),12,26,0.861360981,0.038372472,-0.04464731,-3.328186184,-3.366558655,-3.393430438,-3.348783128,other,other,17,47,0.646026595,0.001186392,0.001914766,2.108215034,2.107028642,2.085682885,2.083768119,other,other
P01023_YGAATFTR(cit)TGK_,P01023,YGAATFTR(cit)TGK,A2M(R1271),10,40,0.633466683,-0.026940038,-0.000468071,-3.383445032,-3.356504995,-3.357983606,-3.357515535,other,other,17,47,0.646026595,0.001186392,0.001914766,2.108215034,2.107028642,2.085682885,2.083768119,other,other
P01024_CR(cit)EALK_,P01024,CR(cit)EALK,C3(R1591),6,18,0.893445094,-0.0067974,-0.023787723,-2.208172548,-2.201375148,-2.228112788,-2.204325065,other,other,17,47,0.69059294,-0.026968139,-0.002374036,2.052518762,2.079486901,2.037950046,2.040324082,other,other
P01024_LGR(cit)EGVQK_,P01024,LGR(cit)EGVQK,C3(R954),10,35,0.265050196,0.029868329,0.049193782,-1.363270851,-1.39313918,-1.35161625,-1.400810031,other,other,17,47,0.69059294,-0.026968139,-0.002374036,2.052518762,2.079486901,2.037950046,2.040324082,other,other
P01024_NR(cit)WEDPGK_,P01024,NR(cit)WEDPGK,C3(R1219),6,21,0.304089304,-0.058291713,-0.058830483,-2.760963655,-2.702671942,-2.762146534,-2.703316051,other,other,17,47,0.69059294,-0.026968139,-0.002374036,2.052518762,2.079486901,2.037950046,2.040324082,other,other
P01024_QLANGVDR(cit)YISK_,P01024,QLANGVDR(cit)YISK,C3(R1427),12,36,0.379333061,0.04632894,0.02501162,-3.639329506,-3.685658446,-3.628279213,-3.653290832,other,other,17,47,0.69059294,-0.026968139,-0.002374036,2.052518762,2.079486901,2.037950046,2.040324082,other,other
P01024_TVAVR(cit)TLDPER_,P01024,TVAVR(cit)TLDPER,C3(R945),9,17,0.956750667,-0.051745544,0.006065927,-1.296206476,-1.244460932,-1.256491451,-1.262557378,other,other,17,47,0.69059294,-0.026968139,-0.002374036,2.052518762,2.079486901,2.037950046,2.040324082,other,other
P01042_AR(cit)VQVVAGK_,P01042,AR(cit)VQVVAGK,KNG1(R308),14,40,0.913138312,0.050109874,-0.001689056,-1.969713215,-2.019823089,-1.999396286,-1.99770723,other,other,17,47,0.095166877,-0.012079651,-0.031102738,1.989206774,2.001286425,1.978832736,2.009935474,other,other
P01833_AAGSR(cit)DVSLAK_,P01833,AAGSR(cit)DVSLAK,PIGR(R571),8,18,0.214835735,-0.071154664,-0.115835172,-0.195249862,-0.124095198,-0.102485269,0.013349904,other,other,9,20,0.043676841,0.115660033,0.08056876,-0.137744482,-0.253404515,-0.147394704,-0.227963464,other,other
P01871_VTER(cit)TVDK_,P01871,VTER(cit)TVDK,IGHM(R427),16,42,0.258504155,-0.040795204,-0.035142759,-3.537942531,-3.497147327,-3.507595509,-3.47245275,other,other,16,45,0.580170148,0.022683348,0.074940337,2.834223188,2.81153984,2.870923277,2.79598294,other,other
P01876_TIDR(cit)LAGK_,P01876,TIDR(cit)LAGK,IGHA1(R331),4,7,1,0.051288065,-0.017356399,-2.117034049,-2.168322113,-2.105148418,-2.087792018,other,other,17,47,0.145831175,-0.05879365,-0.092937966,2.217050557,2.275844207,2.201579357,2.294517323,other,other
P01876_WLQGSQELPR(cit)EK_,P01876,WLQGSQELPR(cit)EK,IGHA1(R273),16,40,0.185957579,-0.014538162,-0.026229963,-4.062394161,-4.047855999,-4.049825943,-4.02359598,other,other,17,47,0.145831175,-0.05879365,-0.092937966,2.217050557,2.275844207,2.201579357,2.294517323,other,other
P02545_AAYEAELGDAR(cit)K_,P02545,AAYEAELGDAR(cit)K,LMNA(R89),7,7,0.534965035,-0.12762441,-0.091667777,-3.151887421,-3.024263011,-3.09916226,-3.007494483,other,other,17,47,0.342520216,-0.01127311,-0.06739888,-1.386889109,-1.375615999,-1.402829849,-1.335430969,other,other
P02545_FVR(cit)LR(cit)NK_,P02545,FVR(cit)LR(cit)NK,LMNA(R453;R455),6,21,0.906945316,0.011497867,-0.017979768,-1.649013423,-1.66051129,-1.654325776,-1.636346007,other,other,17,47,0.342520216,-0.01127311,-0.06739888,-1.386889109,-1.375615999,-1.402829849,-1.335430969,other,other
P02545_ITR(cit)LQEK_,P02545,ITR(cit)LQEK,LMNA(R28),10,25,0.255442879,-0.071738329,-0.046921164,-1.581351749,-1.50961342,-1.542430343,-1.495509179,other,other,17,47,0.342520216,-0.01127311,-0.06739888,-1.386889109,-1.375615999,-1.402829849,-1.335430969,other,other
P02545_NIYSEELR(cit)ETK_,P02545,NIYSEELR(cit)ETK,LMNA(R216),6,34,0.308097551,0.017268264,0.050345899,-0.868787505,-0.886055769,-0.899833507,-0.950179406,other,other,17,47,0.342520216,-0.01127311,-0.06739888,-1.386889109,-1.375615999,-1.402829849,-1.335430969,other,other
P02647_ENGGAR(cit)LAEYHAK_,P02647,ENGGAR(cit)LAEYHAK,APOA1(R212),12,26,0.603033943,-0.045094313,-0.054471066,-3.238883247,-3.193788933,-3.22637897,-3.171907904,other,other,17,47,0.926811009,0.0111808,0.031657177,2.583859259,2.572678459,2.58598072,2.554323543,other,other
P02647_ETEGLR(cit)QEMSK_,P02647,ETEGLR(cit)QEMSK,APOA1(R107),13,22,0.707067771,-0.01602678,-0.035025418,-3.165477714,-3.149450935,-3.161415298,-3.12638988,other,other,17,47,0.926811009,0.0111808,0.031657177,2.583859259,2.572678459,2.58598072,2.554323543,other,other
P02647_LAAR(cit)LEALK_,P02647,LAAR(cit)LEALK,APOA1(R201),6,17,0.079223138,-0.079952195,-0.11691735,-4.498993258,-4.419041063,-4.532509459,-4.415592109,other,other,17,47,0.926811009,0.0111808,0.031657177,2.583859259,2.572678459,2.58598072,2.554323543,other,other
P02649_LLR(cit)DADDLQK_,P02649,LLR(cit)DADDLQK,APOE(R168),7,20,0.616572575,0.048821396,0.015383357,-2.141468139,-2.190289535,-2.136024229,-2.151407586,other,other,17,47,0.035956404,0.03251678,0.125071343,2.049413647,2.016896867,2.135811288,2.010739944,other,other
P02655_LR(cit)DLYSK_,P02655,LR(cit)DLYSK,APOC2(R72),1,6,0.755188889,0,-0.016332676,-0.658662993,-0.658662993,-0.658662993,-0.642330317,other,other,17,44,0.335226352,0.025455165,0.059265704,1.278382435,1.25292727,1.299224911,1.239959206,other,other
P02671_DLLPSR(cit)DR_,P02671,DLLPSR(cit)DR,FGA(R216),8,18,0.231984683,-0.119917026,-0.066213671,-1.211728689,-1.091811663,-1.190407982,-1.124194311,other,other,17,47,0.701911891,0,0.000273092,1.307961168,1.307961168,1.311242693,1.310969602,other,other
P02671_DR(cit)QHLPLIK_,P02671,DR(cit)QHLPLIK,FGA(R218),5,18,0.152711056,0.077000799,0.102097675,-2.880670911,-2.95767171,-2.839615251,-2.941712926,other,other,17,47,0.701911891,0,0.000273092,1.307961168,1.307961168,1.311242693,1.310969602,other,other
P02671_GDKELR(cit)TGK_,P02671,GDKELR(cit)TGK,FGA(R443),2,13,0.43467868,-0.030936548,-0.217681309,-2.367008986,-2.336072438,-2.367008986,-2.149327677,other,other,17,47,0.701911891,0,0.000273092,1.307961168,1.307961168,1.311242693,1.310969602,other,other
P02671_GPR(cit)VVER_,P02671,GPR(cit)VVER,FGA(R38),2,4,0.273321678,-0.11108915,-0.142695684,-2.372505398,-2.261416248,-2.372505398,-2.229809714,other,other,17,47,0.701911891,0,0.000273092,1.307961168,1.307961168,1.311242693,1.310969602,other,other
P02671_NVR(cit)AQLVDMK_,P02671,NVR(cit)AQLVDMK,FGA(R160),14,35,0.929206525,-0.012863816,-0.018187609,-2.133972942,-2.121109126,-2.136744422,-2.118556813,other,other,17,47,0.701911891,0,0.000273092,1.307961168,1.307961168,1.311242693,1.310969602,other,other
P02671_SCR(cit)GSCSR(cit)ALAR_,P02671,SCR(cit)GSCSR(cit)ALAR,FGA(R181;R186),10,24,0.819822965,0.052809557,0.030337844,-2.828597693,-2.881407249,-2.806606593,-2.836944437,other,other,17,47,0.701911891,0,0.000273092,1.307961168,1.307961168,1.311242693,1.310969602,other,other
P02671_VTSGSTTTTR(cit)R(cit)SCSK_,P02671,VTSGSTTTTR(cit)R(cit)SCSK,FGA(R458;R459),16,43,0.763700042,0.023554872,-0.029362654,-5.648640679,-5.67219555,-5.640250512,-5.610887858,other,other,17,47,0.701911891,0,0.000273092,1.307961168,1.307961168,1.311242693,1.310969602,other,other
P02675_ECEEIIR(cit)K_,P02675,ECEEIIR(cit)K,FGB(R246),13,38,0.305624066,0.030777034,0.023933512,-3.381940307,-3.412717341,-3.376374481,-3.400307993,other,other,17,47,0.724747054,0,-0.021821857,2.662332566,2.662332566,2.647975273,2.66979713,other,other
P02675_R(cit)EEAPSLR_,P02675,R(cit)EEAPSLR,FGB(R53),8,29,0.653689445,0.050308658,-0.015184339,-1.182080194,-1.232388851,-1.213673025,-1.198488686,other,other,17,47,0.724747054,0,-0.021821857,2.662332566,2.662332566,2.647975273,2.66979713,other,other
P02675_SILENLR(cit)SK_,P02675,SILENLR(cit)SK,FGB(R206),3,23,0.363176055,-0.106507569,-0.060710305,-2.755144545,-2.648636976,-2.712639143,-2.651928838,other,other,17,47,0.724747054,0,-0.021821857,2.662332566,2.662332566,2.647975273,2.66979713,other,other
P02679_R(cit)LDGSVDFK_,P02679,R(cit)LDGSVDFK,FGG(R223),14,36,0.680196482,0.003251351,-0.081537296,-2.308874328,-2.312125679,-2.403445223,-2.321907927,other,other,17,47,0.490865049,0.001617563,-0.00061778,2.448896361,2.447278798,2.426785686,2.427403466,other,other
P02679_TR(cit)WYSMK_,P02679,TR(cit)WYSMK,FGG(R401),2,7,0.881642405,0.030551203,-0.041893483,-1.558579604,-1.589130807,-1.558579604,-1.516686121,other,other,17,47,0.490865049,0.001617563,-0.00061778,2.448896361,2.447278798,2.426785686,2.427403466,other,other
P02749_ATVVYQGER(cit)VK_,P02749,ATVVYQGER(cit)VK,APOH(R279),17,46,0.906904799,-0.001643751,-0.000633198,-3.561626729,-3.559982978,-3.576990079,-3.57635688,other,other,17,47,0.471800333,0,0.026769235,3.674256717,3.674256717,3.703988974,3.677219739,other,other
P02749_LPECR(cit)EVK_,P02749,LPECR(cit)EVK,APOH(R201),4,14,0.146563946,-0.064647909,-0.064569821,-0.697760108,-0.6331122,-0.71733321,-0.652763389,other,other,17,47,0.471800333,0,0.026769235,3.674256717,3.674256717,3.703988974,3.677219739,other,other
P02751_LTVGLTR(cit)R(cit)GQPR_,P02751,LTVGLTR(cit)R(cit)GQPR,FN1(R1035;R1036),2,13,0.547161955,0.040783698,0.008569755,-1.465813605,-1.506597303,-1.465813605,-1.47438336,other,other,17,47,0.724747054,0,-0.030327622,1.725896587,1.725896587,1.716207628,1.74653525,other,other
P02751_SEPLIGR(cit)K_,P02751,SEPLIGR(cit)K,FN1(R1988),9,18,0.404150232,-0.000115731,-0.062012921,-3.417019043,-3.416903313,-3.40400284,-3.34198992,other,other,17,47,0.724747054,0,-0.030327622,1.725896587,1.725896587,1.716207628,1.74653525,other,other
P02774_SR(cit)LSNLIK_,P02774,SR(cit)LSNLIK,GC(R232),8,20,0.778043612,-0.005365646,0.02023457,-1.429458776,-1.42409313,-1.422865271,-1.44309984,other,other,17,47,0.571083481,0,0.0074711,1.964741106,1.964741106,1.959873167,1.952402066,other,other
P02787_AVGNLR(cit)K_,P02787,AVGNLR(cit)K,TF(R682),8,19,0.487407284,0.129007249,0.046948903,-4.162619879,-4.291627127,-4.20915912,-4.256108023,other,other,17,47,1,0,-0.007446319,2.537172655,2.537172655,2.5325584,2.540004719,other,other
P02787_DSGFQMNQLR(cit)GK_,P02787,DSGFQMNQLR(cit)GK,TF(R132),15,43,0.543607864,0,-0.007940219,-4.540882203,-4.540882203,-4.544701695,-4.536761476,other,other,17,47,1,0,-0.007446319,2.537172655,2.537172655,2.5325584,2.540004719,other,other
P02787_LHDR(cit)NTYEK_,P02787,LHDR(cit)NTYEK,TF(R663),17,46,0.919316778,0.006698469,0.027142444,-5.319327064,-5.326025534,-5.291805088,-5.318947531,other,other,17,47,1,0,-0.007446319,2.537172655,2.537172655,2.5325584,2.540004719,other,other
P02787_VPPR(cit)MDAK_,P02787,VPPR(cit)MDAK,TF(R327),13,35,0.497482583,-0.005289265,-0.049362649,-2.649062647,-2.643773382,-2.657157116,-2.607794467,other,other,17,47,1,0,-0.007446319,2.537172655,2.537172655,2.5325584,2.540004719,other,other
P02790_WDR(cit)ELISER_,P02790,WDR(cit)ELISER,HPX(R83),12,33,0.587817878,-0.05422722,-0.022902921,0.791634176,0.845861395,0.834348485,0.857251405,other,other,17,47,0.490865049,0.007174999,0.024498872,2.066561345,2.059386346,2.053779512,2.029280639,other,other
P04075_ADDGR(cit)PFPQVIK_,P04075,ADDGR(cit)PFPQVIK,ALDOA(R92),6,11,0.918897536,-0.013063855,-0.029825024,-2.996000563,-2.982936708,-3.011449532,-2.981624508,other,other,17,47,0.759457919,-0.00895659,-0.010690536,-1.611850504,-1.602893914,-1.594829445,-1.584138909,other,other
P04075_R(cit)ALANSLACQGK_,P04075,R(cit)ALANSLACQGK,ALDOA(R331),4,24,0.217337837,-0.046855216,-0.133260567,-2.190776431,-2.143921215,-2.279259506,-2.145998939,other,other,17,47,0.759457919,-0.00895659,-0.010690536,-1.611850504,-1.602893914,-1.594829445,-1.584138909,other,other
P04083_R(cit)NNAQR(cit)QQIK_,P04083,R(cit)NNAQR(cit)QQIK,ANXA1(R72;R77),9,34,0.843281746,0.030924543,-0.01997678,-3.031614553,-3.062539096,-3.016455987,-2.996479207,other,other,17,47,0.806491916,0,-0.021083404,-0.860054156,-0.860054156,-0.861532008,-0.840448604,other,other
P04114_INSR(cit)FFGEGTK_,P04114,INSR(cit)FFGEGTK,APOB(R297),7,18,0.331837663,0.116931817,0.086922725,-3.974697166,-4.091628983,-3.996201715,-4.08312444,other,other,17,47,0.668163541,0,0.041908835,0.78489421,0.78489421,0.833411046,0.791502211,other,other
P04114_NR(cit)NNALDFVTK_,P04114,NR(cit)NNALDFVTK,APOB(R3212),1,12,0.788700461,-0.178645042,-0.125761766,-4.396238773,-4.217593731,-4.396238773,-4.270477007,other,other,17,47,0.668163541,0,0.041908835,0.78489421,0.78489421,0.833411046,0.791502211,other,other
P04406_LVTR(cit)AAFNSGK_,P04406,LVTR(cit)AAFNSGK,GAPDH(R20),10,18,0.356044259,0,-0.100553839,-1.12885886,-1.12885886,-1.181189887,-1.080636047,other,other,17,47,1,0.033710584,-0.00078566,-2.584862007,-2.618572591,-2.558006241,-2.557220581,other,other
P04406_VGVNGFGR(cit)IGR_,P04406,VGVNGFGR(cit)IGR,GAPDH(R13),3,10,0.338914037,-0.160060551,-0.119622853,-1.100547291,-0.94048674,-1.055342704,-0.935719851,other,other,17,47,1,0.033710584,-0.00078566,-2.584862007,-2.618572591,-2.558006241,-2.557220581,other,other
P04844_SVASR(cit)ATVLQK_,P04844,SVASR(cit)ATVLQK,RPN2(R316),15,34,0.094836329,-0.02604249,-0.06327328,-3.513192706,-3.487150216,-3.5255454,-3.46227212,other,other,15,42,0.459441864,0.039741018,0.033666155,-2.996156139,-3.035897157,-2.993585688,-3.027251843,other,other
P04844_TTR(cit)VTYPAK_,P04844,TTR(cit)VTYPAK,RPN2(R395),1,10,0.14140328,-0.273517657,-0.225653998,-2.279106335,-2.005588678,-2.279106335,-2.053452337,other,other,15,42,0.459441864,0.039741018,0.033666155,-2.996156139,-3.035897157,-2.993585688,-3.027251843,other,other
P04899_NLR(cit)EDGEK_,P04899,NLR(cit)EDGEK,GNAI2(R24),5,14,0.329292431,-0.125183078,-0.073620703,-2.525040086,-2.399857009,-2.492628264,-2.419007561,other,other,#N/A,#N/A,#N/A,#N/A,#N/A,#N/A,#N/A,#N/A,#N/A,#N/A,#N/A
P05023_LNIPVSQVNPR(cit)DAK_,P05023,LNIPVSQVNPR(cit)DAK,ATP1A1(R658),9,21,0.540775606,-0.482364757,-0.093826753,-3.38768891,-2.905324153,-3.026255103,-2.932428351,other,other,16,46,0.691351138,0.008650107,-0.008911206,-0.613731089,-0.622381196,-0.618271882,-0.609360676,other,other
P05023_R(cit)AVAGDASESALLK_,P05023,R(cit)AVAGDASESALLK,ATP1A1(R445),6,29,0.036124888,0.168954829,0.164185591,-2.270225137,-2.439179965,-2.241496186,-2.405681776,up,up,16,46,0.691351138,0.008650107,-0.008911206,-0.613731089,-0.622381196,-0.618271882,-0.609360676,other,other
P05026_TEISFR(cit)PNDPK_,P05026,TEISFR(cit)PNDPK,ATP1B1(R91),5,12,0.010173184,0.018722987,0.094924471,-2.139498621,-2.158221608,-2.139837809,-2.23476228,other,other,16,46,0.214829445,-0.015677719,-0.037677041,-3.215134856,-3.199457136,-3.215093947,-3.177416906,other,other
P05062_AHR(cit)FPALTQEQK_,P05062,AHR(cit)FPALTQEQK,ALDOB(R4),12,41,0.036381148,-0.043393474,-0.122242255,-1.383120126,-1.339726652,-1.386946058,-1.264703803,other,other,17,47,0.4259733,0.010262904,-0.013030432,-1.950873611,-1.961136515,-1.965522426,-1.952491994,other,other
P05062_LFR(cit)NILK_,P05062,LFR(cit)NILK,ALDOB(R95),6,20,0.255286578,0.025897644,0.070419067,-4.866947413,-4.892845057,-4.84842049,-4.918839557,other,other,17,47,0.4259733,0.010262904,-0.013030432,-1.950873611,-1.961136515,-1.965522426,-1.952491994,other,other
P05062_VENTEENR(cit)R(cit)QFR_,P05062,VENTEENR(cit)R(cit)QFR,ALDOB(R56;R57),12,23,0.587809739,0,-0.031062401,-2.348182962,-2.348182962,-2.355427827,-2.324365425,other,other,17,47,0.4259733,0.010262904,-0.013030432,-1.950873611,-1.961136515,-1.965522426,-1.952491994,other,other
P05091_SR(cit)VVGNPFDSK_,P05091,SR(cit)VVGNPFDSK,ALDH2(R346),7,29,0.372984985,0.08608318,0.06616404,-1.634686942,-1.720770122,-1.602337313,-1.668501352,other,other,17,47,0.443984708,-0.028728621,-0.007789818,-2.258506395,-2.229777774,-2.222933451,-2.215143633,other,other
P05141_AGAER(cit)EFR_,P05141,AGAER(cit)EFR,SLC25A5(R152),4,11,0.645334492,0.001993376,-0.083687592,-0.022791939,-0.024785314,-0.039314148,0.044373444,other,other,8,20,0.248209989,-0.088525446,-0.056152267,-1.923556113,-1.835030667,-1.901922147,-1.84576988,other,other
P05141_TR(cit)LAADVGK_,P05141,TR(cit)LAADVGK,SLC25A5(R140),8,25,0.023281602,-0.084597738,-0.091455063,-1.963853438,-1.8792557,-1.960653441,-1.869198378,other,other,8,20,0.248209989,-0.088525446,-0.056152267,-1.923556113,-1.835030667,-1.901922147,-1.84576988,other,other
P05783_ASLENSLR(cit)EVEAR_,P05783,ASLENSLR(cit)EVEAR,KRT18(R325),3,11,0.087309386,-0.117688717,-0.13540609,-1.504842005,-1.387153288,-1.469981294,-1.334575203,other,other,14,41,0.071380639,0.065971708,0.049533657,-1.561965257,-1.627936965,-1.577065505,-1.626599162,other,other
P05783_NR(cit)EELDK_,P05783,NR(cit)EELDK,KRT18(R264),3,2,0.553616992,-0.043996503,-0.057156605,-2.626101878,-2.582105375,-2.63926198,-2.582105375,other,other,14,41,0.071380639,0.065971708,0.049533657,-1.561965257,-1.627936965,-1.577065505,-1.626599162,other,other
P05783_TTTR(cit)R(cit)IVDGK_,P05783,TTTR(cit)R(cit)IVDGK,KRT18(R411;R412),12,29,0.707474385,0.05308099,0.005976174,-2.794397325,-2.847478315,-2.787123329,-2.793099503,other,other,14,41,0.071380639,0.065971708,0.049533657,-1.561965257,-1.627936965,-1.577065505,-1.626599162,other,other
P06727_GR(cit)LTPYADEFK_,P06727,GR(cit)LTPYADEFK,APOA4(R200),12,27,0.46947783,-0.016211006,-0.050006693,-3.162881807,-3.1466708,-3.166957553,-3.11695086,other,other,17,47,0.220661568,0.077882879,0.054036238,2.362794567,2.284911688,2.350237137,2.296200899,other,other
P06733_FAGR(cit)NFR(cit)NPLAK_,P06733,FAGR(cit)NFR(cit)NPLAK,ENO1(R426;R429),11,29,0.830866395,0,0.074067962,-4.461140859,-4.461140859,-4.358892738,-4.4329607,other,other,17,47,0.203835479,0.001236773,0.021026758,-2.779981612,-2.781218385,-2.769058216,-2.790084974,other,other
P06733_NFR(cit)NPLAK_,P06733,NFR(cit)NPLAK,ENO1(R429),6,14,0.19940387,-0.116053557,-0.095364157,-2.596469131,-2.480415574,-2.649145476,-2.553781319,other,other,17,47,0.203835479,0.001236773,0.021026758,-2.779981612,-2.781218385,-2.769058216,-2.790084974,other,other
P06744_AALTR(cit)DPQFQK_,P06744,AALTR(cit)DPQFQK,GPI(R6),8,19,0.370528584,0,-0.034461949,-1.122437777,-1.122437777,-1.104163633,-1.069701683,other,other,17,47,0.490865049,0.090448262,0.011907422,-2.284716112,-2.375164374,-2.323777451,-2.335684873,other,other
P06744_STEEAR(cit)K_,P06744,STEEAR(cit)K,GPI(R446),2,10,0.909090909,0.04539317,0.047011988,-2.113086874,-2.158480044,-2.113086874,-2.160098861,other,other,17,47,0.490865049,0.090448262,0.011907422,-2.284716112,-2.375164374,-2.323777451,-2.335684873,other,other
P06748_SIR(cit)DTPAK_,P06748,SIR(cit)DTPAK,NPM1(R197),4,20,0.159051194,-0.028698276,-0.078082311,-2.561522897,-2.532824621,-2.590863849,-2.512781538,other,other,15,45,0.115982147,-0.053382945,-0.059452726,-1.130421684,-1.077038739,-1.08655883,-1.027106104,other,other
P07237_FFR(cit)NGDTASPK_,P07237,FFR(cit)NGDTASPK,P4HB(R106),5,16,0.091011843,-0.157340823,-0.225372833,-3.068908467,-2.911567644,-3.090036952,-2.864664119,other,other,17,47,0.736258637,0.01093403,-0.031155491,-1.43880181,-1.44973584,-1.457917078,-1.426761588,other,other
P07305_GVGASGSFR(cit)LAK_,P07305,GVGASGSFR(cit)LAK,H1F0(R94),7,16,0.591695416,0.08911872,0.012028215,-1.71358519,-1.802703911,-1.735299396,-1.74732761,other,other,14,41,0.477057925,0.018451909,0.067374714,-2.921368909,-2.939820818,-2.885790678,-2.953165392,other,other
P07355_IR(cit)SEFK_,P07355,IR(cit)SEFK,ANXA2(R304),12,31,0.786335373,0.097849172,0.026949762,-2.63044479,-2.728293962,-2.684164891,-2.711114653,other,other,3,11,0.638578518,0.026003394,0.049429333,-0.274058748,-0.300062142,-0.191923135,-0.241352468,other,other
P07355_VFDR(cit)YK_,P07355,VFDR(cit)YK,ANXA2(R231),9,14,0.040429506,-0.23678055,-0.392787474,-3.158236523,-2.921455973,-3.201375473,-2.808587999,down,down,3,11,0.638578518,0.026003394,0.049429333,-0.274058748,-0.300062142,-0.191923135,-0.241352468,other,other
P07900_IR(cit)YESLTDPSK_,P07900,IR(cit)YESLTDPSK,HSP90AA1(R60),1,15,0.900716269,0,0.020672808,-2.759587194,-2.759587194,-2.759587194,-2.780260002,other,other,13,34,0.571208621,0.038465341,-0.056404039,-0.872895204,-0.911360545,-0.865196124,-0.808792085,other,other
P08263_NR(cit)YFPAFEK_,P08263,NR(cit)YFPAFEK,GSTA1(R131),4,17,0.346383669,0.073518069,0.071256226,-3.153226371,-3.22674444,-3.124271236,-3.195527462,other,other,#N/A,#N/A,#N/A,#N/A,#N/A,#N/A,#N/A,#N/A,#N/A,#N/A,#N/A
P08263_SLEEAR(cit)K_,P08263,SLEEAR(cit)K,GSTA1(R217),9,19,0.882293254,-0.025632174,0.002281633,-4.042031819,-4.016399645,-4.006156105,-4.008437738,other,other,#N/A,#N/A,#N/A,#N/A,#N/A,#N/A,#N/A,#N/A,#N/A,#N/A,#N/A
P08263_TR(cit)ISNLPTVK_,P08263,TR(cit)ISNLPTVK,GSTA1(R187),4,16,0.256481367,0.192718324,0.202488846,-1.101720448,-1.294438772,-1.07198379,-1.274472636,other,other,#N/A,#N/A,#N/A,#N/A,#N/A,#N/A,#N/A,#N/A,#N/A,#N/A,#N/A
P08311_VSMR(cit)R(cit)GTDTLR_,P08311,VSMR(cit)R(cit)GTDTLR,CTSG(R153;R154),2,13,1,0.000645739,0.022657098,-2.31114071,-2.311786449,-2.31114071,-2.333797807,other,other,#N/A,#N/A,#N/A,#N/A,#N/A,#N/A,#N/A,#N/A,#N/A,#N/A,#N/A
P08319_TSR(cit)FTCK_,P08319,TSR(cit)FTCK,ADH4(R135),8,21,0.231094548,0.105569302,0.056294606,-3.084550093,-3.190119395,-3.110459829,-3.166754435,other,other,17,47,0.571083481,-0.030975885,0.002898091,-1.629489938,-1.598514053,-1.596867047,-1.599765138,other,other
P08603_ENER(cit)FQYK_,P08603,ENER(cit)FQYK,CFH(R232),11,29,0.927391145,0.014527182,-0.028726285,-3.609755622,-3.624282804,-3.629580087,-3.600853802,other,other,17,47,0.938982985,-0.00713576,0.006916078,2.403314274,2.410450034,2.401358518,2.39444244,other,other
P08670_AR(cit)VEVER_,P08670,AR(cit)VEVER,VIM(R170),15,41,0.695602646,0.000885294,0.016954493,-1.782696539,-1.783581833,-1.772338831,-1.789293324,other,other,17,47,0.759457919,0.013381935,0.014307989,-1.287427215,-1.30080915,-1.256063027,-1.270371016,other,other
P08670_GTNESLER(cit)QMR_,P08670,GTNESLER(cit)QMR,VIM(R342),10,30,0.5589111,-1.94E-05,-0.022524554,-2.302791704,-2.30277226,-2.285201463,-2.262676909,other,other,17,47,0.759457919,0.013381935,0.014307989,-1.287427215,-1.30080915,-1.256063027,-1.270371016,other,other
P09210_NR(cit)YFPAFEK_,P09210,NR(cit)YFPAFEK,GSTA2(R131),3,5,0.25,-0.024937247,-0.037637678,-3.472781218,-3.447843971,-3.478279629,-3.440641951,other,other,4,9,0.393454028,0.009358716,0.074340091,-3.487568592,-3.496927308,-3.467554075,-3.541894165,other,other
P09210_SLEESR(cit)K_,P09210,SLEESR(cit)K,GSTA2(R217),3,15,0.370780482,-0.04751207,-0.085640005,-2.986547632,-2.939035562,-3.049364972,-2.963724967,other,other,4,9,0.393454028,0.009358716,0.074340091,-3.487568592,-3.496927308,-3.467554075,-3.541894165,other,other
P09382_VR(cit)GEVAPDAK_,P09382,VR(cit)GEVAPDAK,LGALS1(R21),10,30,0.974820032,0.018161865,0.009401435,-1.943099375,-1.96126124,-1.949121666,-1.958523101,other,other,16,45,0.785154248,0.026433597,0.012056328,-3.168852473,-3.19528607,-3.157085221,-3.169141549,other,other
P09493_VIESR(cit)AQK_,P09493,VIESR(cit)AQK,TPM1(R133),15,36,0.354589965,-0.06954303,-0.037129269,-3.139514703,-3.069971674,-3.084816967,-3.047687697,other,other,16,46,0.394629795,0.007102789,0.025683796,-1.834405527,-1.841508316,-1.831966809,-1.857650605,other,other
P09669_FR(cit)VADQR(cit)K_,P09669,FR(cit)VADQR(cit)K,COX6C(R40;R45),13,36,0.793060863,0,-0.046120269,-1.750428167,-1.750428167,-1.834522354,-1.788402085,other,other,6,26,0.749718577,0.011317892,-0.022820745,-1.3973454,-1.408663292,-1.419848899,-1.397028154,other,other
P09871_QR(cit)IIGGSDADIK_,P09871,QR(cit)IIGGSDADIK,C1S(R437),7,13,0.516503017,0.035470193,0.019647759,-2.309587911,-2.345058104,-2.292169105,-2.311816865,other,other,17,47,0.055657928,0.082230543,0.064270799,2.229317565,2.147087022,2.227582438,2.163311639,other,other
P0C0L4_NPSR(cit)NNVPCSPK_,P0C0L4,NPSR(cit)NNVPCSPK,C4A(R63),2,8,0.177777778,0.273486803,0.253827278,-3.98869357,-4.262180373,-3.98869357,-4.242520848,other,other,#N/A,#N/A,#N/A,#N/A,#N/A,#N/A,#N/A,#N/A,#N/A,#N/A,#N/A
P0C0L4_QR(cit)VEASISK_,P0C0L4,QR(cit)VEASISK,C4A(R1167),10,15,0.616939178,0.015099813,0.007830852,-2.963164674,-2.978264487,-2.92966514,-2.937495991,other,other,#N/A,#N/A,#N/A,#N/A,#N/A,#N/A,#N/A,#N/A,#N/A,#N/A,#N/A
P0C0L4_QYR(cit)NGESVK_,P0C0L4,QYR(cit)NGESVK,C4A(R582),3,10,0.075524334,-0.131785538,-0.121729718,-4.160452495,-4.028666957,-4.139982751,-4.018253033,other,other,#N/A,#N/A,#N/A,#N/A,#N/A,#N/A,#N/A,#N/A,#N/A,#N/A,#N/A
P0C0L4_TFFR(cit)GLESQTK_,P0C0L4,TFFR(cit)GLESQTK,C4A(R297),7,24,0.110056234,-0.066473239,-0.095634306,-3.971131347,-3.904658108,-4.012861307,-3.917227002,other,other,#N/A,#N/A,#N/A,#N/A,#N/A,#N/A,#N/A,#N/A,#N/A,#N/A,#N/A
P0DMV9_LR(cit)TACER_,P0DMV9,LR(cit)TACER,HSPA1B(R264),15,33,0.719760444,0.053137207,0.011254495,-2.16360081,-2.216738017,-2.181306025,-2.19256052,other,other,#N/A,#N/A,#N/A,#N/A,#N/A,#N/A,#N/A,#N/A,#N/A,#N/A,#N/A
P0DMV9_R(cit)NSTIPTK_,P0DMV9,R(cit)NSTIPTK,HSPA1B(R416),6,20,0.343040409,0.039729572,0.037185937,-2.815910848,-2.85564042,-2.820784843,-2.85797078,other,other,#N/A,#N/A,#N/A,#N/A,#N/A,#N/A,#N/A,#N/A,#N/A,#N/A,#N/A
P10412_ER(cit)SGVSLAALK_,P10412,ER(cit)SGVSLAALK,H1F4(R54),6,18,0.814669878,-0.012072283,-0.047906272,-4.786762287,-4.774690004,-4.781487519,-4.733581247,other,other,5,21,0.645052082,-0.080853925,-0.025549763,-0.959268413,-0.878414488,-0.944014134,-0.918464371,other,other
P10515_GR(cit)VFVSPLAK_,P10515,GR(cit)VFVSPLAK,DLAT(R354),13,25,1,0.002085846,-0.016946735,-3.30161564,-3.303701486,-3.287079746,-3.27013301,other,other,13,28,0.565059126,-0.020999174,-0.024858768,-1.283393465,-1.262394291,-1.273627754,-1.248768986,other,other
P10643_NAR(cit)CVQK_,P10643,NAR(cit)CVQK,C7(R687),0,9,NA,NA,NA,NA,-2.043143186,NA,-2.022734634,NA,NA,17,46,0.300053151,8.58E-06,0.024909137,3.648384752,3.648376169,3.654013065,3.629103928,other,other
P10809_APGFGDNR(cit)K_,P10809,APGFGDNR(cit)K,HSPD1(R309),2,8,0.784889385,-0.11607538,-0.055927522,-4.033197338,-3.917121958,-4.033197338,-3.977269815,other,other,17,47,0.975573173,0.008824789,-0.003043202,-2.353638246,-2.362463035,-2.359605913,-2.356562711,other,other
P11021_DNR(cit)AVQK_,P11021,DNR(cit)AVQK,HSPA5(R283),13,34,0.737339267,-0.012195218,-0.013959643,-2.505419865,-2.493224647,-2.523515582,-2.50955594,other,other,17,47,0.214945623,-0.015109662,-0.027374621,-1.146140667,-1.131031005,-1.1482996,-1.120924979,other,other
P11168_R(cit)LR(cit)GYDDVTK_,P11168,R(cit)LR(cit)GYDDVTK,SLC2A2(R262;R264),7,17,0.463798449,-0.039182816,-0.033546974,-2.460421921,-2.421239105,-2.481942517,-2.448395543,other,other,#N/A,#N/A,#N/A,#N/A,#N/A,#N/A,#N/A,#N/A,#N/A,#N/A,#N/A
P11177_VSR(cit)GLWK_,P11177,VSR(cit)GLWK,PDHB(R71),8,8,0.798445998,-0.009118246,-0.004152364,-1.874991775,-1.865873529,-1.894790282,-1.890637918,other,other,13,23,0.530837137,-0.048378149,-0.003325828,-2.371522907,-2.323144758,-2.314764338,-2.311438511,other,other
P11310_EFQATAR(cit)K_,P11310,EFQATAR(cit)K,ACADM(R53),9,24,0.40429435,-0.068773363,-0.080339222,-2.6976291,-2.628855737,-2.695644424,-2.615305202,other,other,16,44,0.729987223,0.004882558,-0.044715383,-0.235278615,-0.240161173,-0.249184454,-0.204469071,other,other
P12111_FR(cit)QSSPDSVK_,P12111,FR(cit)QSSPDSVK,COL6A3(R1938),9,22,0.982569219,-0.007221082,0.018455452,-2.539786165,-2.532565083,-2.507351343,-2.525806795,other,other,17,47,0.073256814,-0.022373529,-0.076664196,-0.725543631,-0.703170102,-0.744440669,-0.667776473,other,other
P12111_SSDR(cit)VDGPASNLK_,P12111,SSDR(cit)VDGPASNLK,COL6A3(R955),9,21,0.891764439,-0.033406281,0.023873753,-2.610923094,-2.577516813,-2.591688191,-2.615561944,other,other,17,47,0.073256814,-0.022373529,-0.076664196,-0.725543631,-0.703170102,-0.744440669,-0.667776473,other,other
P12277_R(cit)LR(cit)LQK_,P12277,R(cit)LR(cit)LQK,CKB(R314;R316),7,12,0.213023724,-0.053854782,0.001327578,-0.852522014,-0.798667232,-0.781310847,-0.782638425,other,other,12,22,0.91387368,0.107378364,0.010021533,-2.43258471,-2.539963074,-2.407247851,-2.417269384,other,other
P12814_EAMLR(cit)QK_,P12814,EAMLR(cit)QK,ACTN1(R418),4,8,0.268767553,-0.225120245,-0.18362567,-1.205840959,-0.980720714,-1.195017241,-1.011391571,other,other,16,46,0.864968901,1.60E-05,0.005348284,-1.548694244,-1.548710274,-1.555314778,-1.560663062,other,other
P13073_VELYR(cit)IK_,P13073,VELYR(cit)IK,COX4I1(R83),2,7,0.377780742,-0.262760301,-0.212364878,-2.239489432,-1.976729131,-2.239489432,-2.027124554,other,other,17,44,0.175896977,-0.02581277,-0.037678105,-0.681965867,-0.656153097,-0.678912598,-0.641234493,other,other
P13611_SPPVR(cit)GSLSGK_,P13611,SPPVR(cit)GSLSGK,VCAN(R33),7,7,0.019945403,-0.047363903,-0.108076889,-1.083101137,-1.035737234,-1.156257138,-1.048180249,other,other,7,8,0.51686775,0,-0.116181017,-1.399260197,-1.399260197,-1.424413312,-1.308232295,other,other
P13639_GEGQLGPAER(cit)AK_,P13639,GEGQLGPAER(cit)AK,EEF2(R249),14,29,0.705183189,0.04294915,0.010038228,-1.174871717,-1.217820866,-1.1806217,-1.190659928,other,other,17,47,0.399771181,-0.03432277,-0.029483731,-1.035687316,-1.001364546,-1.007792068,-0.978308337,other,other
P13667_R(cit)FDVSGYPTLK_,P13667,R(cit)FDVSGYPTLK,PDIA4(R246),3,5,1,0.024051192,-0.022525106,-3.245993316,-3.270044508,-3.245771915,-3.223246809,other,other,17,46,0.579691025,0.009722589,0.020641329,-1.926793425,-1.936516014,-1.911072777,-1.931714106,other,other
P13804_VVVSGGR(cit)GLK_,P13804,VVVSGGR(cit)GLK,ETFA(R223),6,15,0.250334391,-0.348093796,-0.1564296,-3.139414757,-2.791320961,-3.074796518,-2.918366918,other,other,9,27,0.141028535,-0.024933172,-0.104347377,-1.787689125,-1.762755953,-1.851722847,-1.747375471,other,other
P14618_APIIAVTR(cit)NPQTAR_,P14618,APIIAVTR(cit)NPQTAR,PKM(R455),16,39,0.594163618,0.026735761,0.041069935,-2.895895214,-2.922630975,-2.860225188,-2.901295123,other,other,17,47,0.43492518,0.080504987,0.0132856,-2.313670235,-2.394175222,-2.340682732,-2.353968332,other,other
P14618_AR(cit)GFFK_,P14618,AR(cit)GFFK,PKM(R500),5,16,0.647472645,0.188572847,-0.149457591,-3.734814382,-3.923387229,-3.966106241,-3.81664865,other,other,17,47,0.43492518,0.080504987,0.0132856,-2.313670235,-2.394175222,-2.340682732,-2.353968332,other,other
P14625_IYFMAGSSR(cit)K_,P14625,IYFMAGSSR(cit)K,HSP90B1(R546),3,5,0.880791023,0.024390372,0.030660169,-3.212601719,-3.236992091,-3.159283155,-3.189943325,other,other,17,47,0.560724203,-0.009350628,-0.039445049,-2.625882451,-2.616531823,-2.623263403,-2.583818354,other,other
P15311_AQAR(cit)EEK_,P15311,AQAR(cit)EEK,EZR(R310),12,24,0.959776414,-0.008346079,0.018121956,-3.92230361,-3.913957532,-3.923421475,-3.941543431,other,other,16,33,0.251776414,0,-0.054416949,-0.820738337,-0.820738337,-0.832233171,-0.777816222,other,other
P15311_TLR(cit)QIR(cit)QGNTK_,P15311,TLR(cit)QIR(cit)QGNTK,EZR(R569;R572),10,20,0.67564741,0.006437035,-0.025781988,-3.654278672,-3.660715707,-3.676518017,-3.65073603,other,other,16,33,0.251776414,0,-0.054416949,-0.820738337,-0.820738337,-0.832233171,-0.777816222,other,other
P15311_VSAQEVR(cit)K_,P15311,VSAQEVR(cit)K,EZR(R71),7,25,0.747684167,0,-0.063212274,-2.249873212,-2.249873212,-2.272476622,-2.209264348,other,other,16,33,0.251776414,0,-0.054416949,-0.820738337,-0.820738337,-0.832233171,-0.777816222,other,other
P15924_QR(cit)TQEELR_,P15924,QR(cit)TQEELR,DSP(R1649),2,10,0.587926368,-0.077061743,-0.095681828,-1.863443909,-1.786382166,-1.863443909,-1.767762081,other,other,#N/A,#N/A,#N/A,#N/A,#N/A,#N/A,#N/A,#N/A,#N/A,#N/A,#N/A
P18077_TR(cit)VIWGK_,P18077,TR(cit)VIWGK,RPL35A(R68),5,8,0.766560879,0.145402445,0.000607107,-2.124932015,-2.27033446,-2.171803229,-2.172410336,other,other,11,32,0.73596141,0.035399972,-0.013941354,-2.481677131,-2.517077103,-2.463802621,-2.449861267,other,other
P18206_NR(cit)NFTVEK_,P18206,NR(cit)NFTVEK,VCL(R230),6,15,0.724023478,0.012405718,-0.03142909,-1.84444734,-1.856853058,-1.839667069,-1.808237979,other,other,17,47,0.668163541,-0.045564714,-0.039822513,-1.204161591,-1.158596877,-1.19465745,-1.154834936,other,other
P18621_NTR(cit)ETAQAIK_,P18621,NTR(cit)ETAQAIK,RPL17(R30),3,13,0.891380375,0.173082176,0.062683659,-1.484373576,-1.657455752,-1.575988654,-1.638672313,other,other,3,11,0.937255534,-0.037756996,0.043725034,-2.230157541,-2.192400545,-2.219558987,-2.263284022,other,other
P19338_GQNQDYR(cit)GGK_,P19338,GQNQDYR(cit)GGK,NCL(R474),13,34,0.923703885,0.051627778,0.010777034,-4.068984962,-4.12061274,-4.079751722,-4.090528756,other,other,17,47,0.104627593,-0.019388508,-0.056633732,-0.791257705,-0.771869197,-0.786788307,-0.730154575,other,other
P19827_AAISGENAGLVR(cit)ASGR_,P19827,AAISGENAGLVR(cit)ASGR,ITIH1(R137),4,12,0.625069839,-0.008648184,-0.035229918,-2.674756453,-2.666108269,-2.678318311,-2.643088394,other,other,11,30,0.533857334,0.019033712,0.024137715,-0.102902373,-0.121936085,-0.07831011,-0.102447825,other,other
P19827_VTYDVSR(cit)DK_,P19827,VTYDVSR(cit)DK,ITIH1(R264),4,7,0.84249459,0.011368191,-0.002380606,-1.466866387,-1.478234578,-1.469803893,-1.467423287,other,other,11,30,0.533857334,0.019033712,0.024137715,-0.102902373,-0.121936085,-0.07831011,-0.102447825,other,other
P20962_R(cit)AAEEEDEADPK_,P20962,R(cit)AAEEEDEADPK,PTMS(R81),4,15,0.725412376,-0.098001377,-0.042582239,-2.305696476,-2.207695099,-2.295960083,-2.253377844,other,other,3,11,1,0.041954385,-0.044631517,-0.311995011,-0.353949396,-0.370589094,-0.325957578,other,other
P21333_AEISFEDR(cit)K_,P21333,AEISFEDR(cit)K,FLNA(R2288),9,25,0.367219511,-0.004970328,-0.032350915,-2.59004246,-2.585072132,-2.594248964,-2.561898049,other,other,17,47,0.71329736,0.012389727,0.016308341,-1.688339079,-1.700728806,-1.676674318,-1.692982658,other,other
P21333_R(cit)IANLQTDLSDGLR_,P21333,R(cit)IANLQTDLSDGLR,FLNA(R63),4,13,0.276113006,-0.047321524,-0.041193122,-1.844141266,-1.796819742,-1.786019783,-1.744826661,other,other,17,47,0.71329736,0.012389727,0.016308341,-1.688339079,-1.700728806,-1.676674318,-1.692982658,other,other
P21333_R(cit)LTVSSLQESGLK_,P21333,R(cit)LTVSSLQESGLK,FLNA(R2334),13,34,0.558344936,0.044116463,0.023320893,-2.872775566,-2.916892029,-2.863413172,-2.886734065,other,other,17,47,0.71329736,0.012389727,0.016308341,-1.688339079,-1.700728806,-1.676674318,-1.692982658,other,other
P21695_VAEAFAR(cit)TGK_,P21695,VAEAFAR(cit)TGK,GPD1(R279),11,18,0.701585697,0.00297279,0.040313304,-2.2601525,-2.26312529,-2.251370696,-2.291684,other,other,14,41,0.99224425,0.014102916,-0.008216132,-2.529364569,-2.543467485,-2.524424405,-2.516208273,other,other
P21796_SAR(cit)DVFTK_,P21796,SAR(cit)DVFTK,VDAC1(R15),11,31,0.554588422,0.055480073,0.051036735,-1.675979223,-1.731459296,-1.656033592,-1.707070327,other,other,17,46,0.299782769,-0.005296966,-0.043626026,-2.30578916,-2.300492194,-2.350869773,-2.307243747,other,other
P21796_SR(cit)VTQSNFAVGYK_,P21796,SR(cit)VTQSNFAVGYK,VDAC1(R163),8,20,0.626401646,-0.033178506,-0.004433642,-3.155941611,-3.122763105,-3.137003062,-3.132569421,other,other,17,46,0.299782769,-0.005296966,-0.043626026,-2.30578916,-2.300492194,-2.350869773,-2.307243747,other,other
P21810_AFSPLR(cit)K_,P21810,AFSPLR(cit)K,BGN(R138),5,15,0.015578177,-0.342945125,-0.397241278,-4.857613544,-4.514668419,-4.873930981,-4.476689703,down,down,16,41,0.809289315,0.024966531,-0.003842918,-0.039735141,-0.064701672,-0.020842152,-0.016999234,other,other
P22626_LTDCVVMR(cit)DPASK_,P22626,LTDCVVMR(cit)DPASK,HNRNPA2B1(R54),3,11,0.080463988,0.113849813,0.068075233,-1.575147487,-1.6889973,-1.585214948,-1.653290181,other,other,16,40,0.528879497,-0.010562085,-0.036626997,-1.555407294,-1.544845209,-1.550038962,-1.513411965,other,other
P22626_TLETVPLER(cit)K_,P22626,TLETVPLER(cit)K,HNRNPA2B1(R12),6,29,0.502831648,-0.055551998,-0.042272288,-2.630665498,-2.5751135,-2.61562666,-2.573354372,other,other,16,40,0.528879497,-0.010562085,-0.036626997,-1.555407294,-1.544845209,-1.550038962,-1.513411965,other,other
P22695_ANYR(cit)GGEIR_,P22695,ANYR(cit)GGEIR,UQCRC2(R254),2,7,0.358951436,-0.030010228,-0.041686812,-1.64732761,-1.617317382,-1.64732761,-1.605640798,other,other,17,43,0.085657684,0.026097135,0.033075359,-2.028291519,-2.054388654,-2.018193945,-2.051269304,other,other
P23284_VLEGMEVVR(cit)K_,P23284,VLEGMEVVR(cit)K,PPIB(R180),6,14,0.588497574,-0.007722732,-0.017437215,-3.180745867,-3.173023134,-3.162320566,-3.144883351,other,other,15,45,0.938417395,0.031014442,-0.002953092,-1.763045387,-1.794059829,-1.783425315,-1.780472223,other,other
P24752_R(cit)VDFSK_,P24752,R(cit)VDFSK,ACAT1(R258),5,11,0.361219232,0.001682283,0.272412002,-2.805439792,-2.807122075,-2.595063251,-2.867475253,other,other,17,47,0.842242982,-0.020902501,-0.006484114,-2.761258678,-2.740356177,-2.746079269,-2.739595155,other,other
P25705_AVDSLVPIGR(cit)GQR_,P25705,AVDSLVPIGR(cit)GQR,ATP5A1(R204),11,31,0.455903932,-0.003731207,0.092877471,-1.407078559,-1.403347352,-1.284815832,-1.377693303,other,other,17,47,0.263736413,-0.032701476,-0.039080902,-1.893852615,-1.861151139,-1.886039408,-1.846958506,other,other
P25705_ELIIGDR(cit)QTGK_,P25705,ELIIGDR(cit)QTGK,ATP5A1(R214),5,12,0.791522386,-0.009967057,-0.006301719,-2.134211674,-2.124244617,-2.082507773,-2.076206054,other,other,17,47,0.263736413,-0.032701476,-0.039080902,-1.893852615,-1.861151139,-1.886039408,-1.846958506,other,other
P25705_ISVR(cit)EPMQTGIK_,P25705,ISVR(cit)EPMQTGIK,ATP5A1(R186),13,35,0.050532436,-0.033560666,-0.066591681,-2.308240589,-2.274679923,-2.314867751,-2.24827607,other,other,17,47,0.263736413,-0.032701476,-0.039080902,-1.893852615,-1.861151139,-1.886039408,-1.846958506,other,other
P25705_R(cit)LTDADAMK_,P25705,R(cit)LTDADAMK,ATP5A1(R262),15,42,0.004036349,-0.157484952,-0.211275523,-2.954301951,-2.796816999,-3.002895087,-2.791619564,down,down,17,47,0.263736413,-0.032701476,-0.039080902,-1.893852615,-1.861151139,-1.886039408,-1.846958506,other,other
P25705_R(cit)STVAQLVK_,P25705,R(cit)STVAQLVK,ATP5A1(R253),7,15,0.641591574,0,-0.020593075,-2.243921678,-2.243921678,-2.219184087,-2.198591012,other,other,17,47,0.263736413,-0.032701476,-0.039080902,-1.893852615,-1.861151139,-1.886039408,-1.846958506,other,other
P25705_VGSAAQTR(cit)AMK_,P25705,VGSAAQTR(cit)AMK,ATP5A1(R424),7,13,0.811813656,0,0.038837909,-2.01994587,-2.01994587,-1.988816763,-2.027654672,other,other,17,47,0.263736413,-0.032701476,-0.039080902,-1.893852615,-1.861151139,-1.886039408,-1.846958506,other,other
P27348_YLAEVACGDDR(cit)K_,P27348,YLAEVACGDDR(cit)K,YWHAQ(R138),2,7,0.486600914,-0.002341013,-0.002757139,-3.182888244,-3.180547231,-3.182888244,-3.180131105,other,other,6,19,0.89516723,-0.017497742,0.025115364,-2.140733701,-2.123235959,-2.139928504,-2.165043868,other,other
P29401_GR(cit)GITGVEDK_,P29401,GR(cit)GITGVEDK,TKT(R246),13,35,0.573643678,0.011396244,0.00107297,-2.971102598,-2.982498842,-2.936530856,-2.937603826,other,other,17,47,0.073256814,-0.049161333,-0.128385266,-1.643316173,-1.59415484,-1.681191742,-1.552806476,other,other
P30041_R(cit)VATPVDWK_,P30041,R(cit)VATPVDWK,PRDX6(R174),2,28,0.468611504,0.101338711,0.042750081,-2.549206268,-2.650544979,-2.549206268,-2.591956349,other,other,15,46,0.741927565,0.011085658,-0.032216475,-1.480919022,-1.49200468,-1.499597506,-1.467381032,other,other
P30050_EPPR(cit)DR(cit)K_,P30050,EPPR(cit)DR(cit)K,RPL12(R90;R92),4,9,0.583941458,0.073308842,0.027311966,-0.23477095,-0.308079792,-0.257589588,-0.284901553,other,other,3,9,0.107051195,-0.04212065,-0.034808968,-3.98411234,-3.94199169,-3.984736612,-3.949927644,other,other
P30086_VASFR(cit)K_,P30086,VASFR(cit)K,PEBP1(R155),1,14,0.334333695,-0.121033632,-0.13749328,-4.652234518,-4.531200887,-4.652234518,-4.514741238,other,other,16,44,0.405752336,0.031905475,0.027996083,-2.331434464,-2.363339939,-2.367765093,-2.395761176,other,other
P30101_LNFAVASR(cit)K_,P30101,LNFAVASR(cit)K,PDIA3(R304),2,17,0.173300218,0.142853489,0.097176658,-3.058446747,-3.201300236,-3.058446747,-3.155623405,other,other,17,47,0.168244289,-0.019157507,-0.042385881,-1.464864663,-1.445707156,-1.457027379,-1.414641498,other,other
P31327_ASR(cit)SFPFVSK_,P31327,ASR(cit)SFPFVSK,CPS1(R1262),4,9,0.434015966,-0.026175484,-0.036810327,-1.651331909,-1.625156425,-1.656783231,-1.619972905,other,other,17,47,0.471800333,0,-0.027678028,-1.622868696,-1.622868696,-1.619284111,-1.591606083,other,other
P31327_EWPSNLDLR(cit)K_,P31327,EWPSNLDLR(cit)K,CPS1(R840),12,25,0.423251992,-0.231593847,-0.227146544,-2.179977413,-1.948383566,-2.025527059,-1.798380515,other,other,17,47,0.471800333,0,-0.027678028,-1.622868696,-1.622868696,-1.619284111,-1.591606083,other,other
P31327_LR(cit)DADPILR_,P31327,LR(cit)DADPILR,CPS1(R1319),4,15,0.119344081,0.083277654,0.005675413,-2.108716297,-2.191993951,-2.10807002,-2.113745433,other,other,17,47,0.471800333,0,-0.027678028,-1.622868696,-1.622868696,-1.619284111,-1.591606083,other,other
P31930_NR(cit)PGSALEK_,P31930,NR(cit)PGSALEK,UQCRC1(R104),13,28,0.55338112,-0.029129308,-0.067455325,-3.09772233,-3.068593022,-3.112246545,-3.04479122,other,other,5,30,0.316888251,0.166417857,0.050866101,-1.098054007,-1.264471864,-1.15568295,-1.206549051,other,other
P32119_ASGNAR(cit)IGK_,P32119,ASGNAR(cit)IGK,PRDX2(R7),3,18,0.50284719,-0.078649797,-0.04317498,-1.798014441,-1.719364644,-1.703285255,-1.660110275,other,other,17,46,0.220948832,-0.032776535,-0.081049022,-1.662438187,-1.629661653,-1.667095953,-1.586046931,other,other
P35268_AGNLGGGVVTIER(cit)SK_,P35268,AGNLGGGVVTIER(cit)SK,RPL22(R65),3,11,1,0,0.034315688,-3.952521769,-3.952521769,-3.992140911,-4.026456599,other,other,5,18,0.546219474,0,0.076459766,-2.063293418,-2.063293418,-1.982751542,-2.059211308,other,other
P35542_AEEWGR(cit)SGK_,P35542,AEEWGR(cit)SGK,SAA4(R113),1,8,0.645387748,0,-0.096504598,-2.680428765,-2.680428765,-2.680428765,-2.583924167,other,other,12,40,0.546156781,-0.020755562,-0.02865787,3.770784483,3.791540045,3.737475976,3.766133846,other,other
P35579_ASR(cit)EEILAQAK_,P35579,ASR(cit)EEILAQAK,MYH9(R1661),11,29,0.233281473,0.013650661,0.073466555,-3.503963527,-3.517614188,-3.464036293,-3.537502848,other,other,17,47,0.668163541,0.044695493,0.011197502,-1.568453596,-1.613149089,-1.538228897,-1.549426399,other,other
P35579_ER(cit)QAACK_,P35579,ER(cit)QAACK,MYH9(R1830),5,8,0.074459484,0.146591648,0.106516882,-0.213733679,-0.360325327,-0.221776177,-0.328293059,other,other,17,47,0.668163541,0.044695493,0.011197502,-1.568453596,-1.613149089,-1.538228897,-1.549426399,other,other
P35579_NENAR(cit)QQLER_,P35579,NENAR(cit)QQLER,MYH9(R1780),4,21,0.431471043,-0.06922001,-0.075391834,-2.134717867,-2.065497857,-2.170792093,-2.095400259,other,other,17,47,0.668163541,0.044695493,0.011197502,-1.568453596,-1.613149089,-1.538228897,-1.549426399,other,other
P35749_ASR(cit)DEIFATAK_,P35749,ASR(cit)DEIFATAK,MYH11(R1668),14,32,0.305144118,-0.002097188,-0.052459623,-2.609272077,-2.607174889,-2.591489713,-2.53903009,other,other,17,47,0.938982985,-0.009808246,-0.005419226,-1.801151383,-1.791343137,-1.788673956,-1.78325473,other,other
P35749_NESAR(cit)QQLER_,P35749,NESAR(cit)QQLER,MYH11(R1787),3,13,0.580574319,0.059719177,0.046671286,-3.90234838,-3.962067557,-3.90794359,-3.954614876,other,other,17,47,0.938982985,-0.009808246,-0.005419226,-1.801151383,-1.791343137,-1.788673956,-1.78325473,other,other
P35749_R(cit)LVWVPSEK_,P35749,R(cit)LVWVPSEK,MYH11(R34),6,26,0.136518902,-0.140389972,-0.087483934,-2.539457676,-2.399067704,-2.546599878,-2.459115944,other,other,17,47,0.938982985,-0.009808246,-0.005419226,-1.801151383,-1.791343137,-1.788673956,-1.78325473,other,other
P35749_VGR(cit)DVVQK_,P35749,VGR(cit)DVVQK,MYH11(R405),15,37,0.027350809,-0.174300625,-0.171535411,-2.539672903,-2.365372278,-2.528991439,-2.357456028,down,down,17,47,0.938982985,-0.009808246,-0.005419226,-1.801151383,-1.791343137,-1.788673956,-1.78325473,other,other
P37802_DVGR(cit)PQPGR_,P37802,DVGR(cit)PQPGR,TAGLN2(R44),1,7,0.37109337,-0.617385482,-0.400156529,-0.897654158,-0.280268676,-0.897654158,-0.497497629,other,other,17,42,0.186273759,-0.003226702,-0.070879792,-0.838674774,-0.835448073,-0.819451472,-0.74857168,other,other
P38646_LINR(cit)NTTIPTK_,P38646,LINR(cit)NTTIPTK,HSPA9(R460),13,34,0.321179416,0.038961921,0.038747304,-2.863121471,-2.902083392,-2.852719525,-2.891466829,other,other,17,44,0.532335561,0,-0.010563703,-0.559537951,-0.559537951,-0.556641749,-0.546078046,other,other
P38646_R(cit)ETGVDLTK_,P38646,R(cit)ETGVDLTK,HSPA9(R292),3,12,0.717004053,0.022915211,0.008325036,-2.436078833,-2.458994044,-2.43105456,-2.439379596,other,other,17,44,0.532335561,0,-0.010563703,-0.559537951,-0.559537951,-0.556641749,-0.546078046,other,other
P39023_LLPLR(cit)QK_,P39023,LLPLR(cit)QK,RPL3(R174),12,13,0.059590406,-0.119565899,-0.091477235,-1.160797147,-1.041231248,-1.140188921,-1.048711686,other,other,15,43,0.462590519,0.021569614,0.035350024,-0.648119305,-0.669688919,-0.635251192,-0.670601216,other,other
P40429_R(cit)GQAALDR(cit)LK_,P40429,R(cit)GQAALDR(cit)LK,RPL13A(R94;R101),8,27,0.632028327,-0.05979309,0.029629075,-1.909051388,-1.849258298,-1.855605581,-1.885234657,other,other,10,34,0.713387959,0.013383045,0.038773261,-3.057714121,-3.071097167,-3.049239926,-3.088013187,other,other
P42765_ISR(cit)EECDK_,P42765,ISR(cit)EECDK,ACAA2(R176),6,24,0.581118187,-0.021505352,-0.046414152,-1.69167553,-1.670170179,-1.651497586,-1.605083434,other,other,12,45,0.851478973,0.002070352,-0.022041286,-0.418942603,-0.421012955,-0.420146718,-0.398105432,other,other
P42765_YALQSQQR(cit)WK_,P42765,YALQSQQR(cit)WK,ACAA2(R189),4,16,0.068845742,-0.035281865,-0.061384908,-3.046034833,-3.010752968,-3.05608785,-2.994702942,other,other,12,45,0.851478973,0.002070352,-0.022041286,-0.418942603,-0.421012955,-0.420146718,-0.398105432,other,other
P43146_R(cit)APR(cit)AK_,P43146,R(cit)APR(cit)AK,DCC(R1228;R1231),7,9,0.014107604,0.171277678,0.144714163,-2.554903758,-2.726181436,-2.58683149,-2.731545653,up,up,#N/A,#N/A,#N/A,#N/A,#N/A,#N/A,#N/A,#N/A,#N/A,#N/A,#N/A
P45880_AAR(cit)DIFNK_,P45880,AAR(cit)DIFNK,VDAC2(R26),5,12,0.398786077,0.237167439,0.183309365,-1.803813597,-2.040981036,-1.871411576,-2.05472094,other,other,17,47,0.938982985,0.025051733,-0.022075301,-0.67016737,-0.695219103,-0.693655892,-0.671580591,other,other
P45954_YFR(cit)DAK_,P45954,YFR(cit)DAK,ACADSB(R405),4,9,0.26013986,-0.180071905,-0.19508143,-2.600286382,-2.420214477,-2.59718929,-2.40210786,other,other,16,43,0.911170959,-0.009780615,-0.009481135,-1.517882203,-1.508101588,-1.534362396,-1.524881261,other,other
P46776_R(cit)NQSFCPTVNLDK_,P46776,R(cit)NQSFCPTVNLDK,RPL27A(R65),9,22,0.272453744,0.016283316,0.068646893,-3.659919065,-3.676202381,-3.615019102,-3.683665996,other,other,4,15,0.918950586,-0.013653821,-0.018683191,-0.503768241,-0.49011442,-0.497352618,-0.478669427,other,other
P46777_R(cit)FPGYDSESK_,P46777,R(cit)FPGYDSESK,RPL5(R179),7,13,1,-0.027599026,0.070558619,-2.372844973,-2.345245947,-2.309742634,-2.380301253,other,other,3,2,1,0.013665833,0.004555278,0.872449375,0.858783542,0.86333882,0.858783542,other,other
P46777_TDYYAR(cit)K_,P46777,TDYYAR(cit)K,RPL5(R33),1,5,0.213373707,-0.070777641,-0.234004923,-2.466297552,-2.395519911,-2.466297552,-2.232292629,other,other,3,2,1,0.013665833,0.004555278,0.872449375,0.858783542,0.86333882,0.858783542,other,other
P46778_SR(cit)DSFLK_,P46778,SR(cit)DSFLK,RPL21(R102),5,11,0.775394127,0,0.050415473,-1.521079934,-1.521079934,-1.466793184,-1.517208657,other,other,3,1,1,0.009582727,0.060623552,-0.828557516,-0.838140243,-0.777516691,-0.838140243,other,other
P46781_SR(cit)LDQELK_,P46781,SR(cit)LDQELK,RPS9(R24),9,27,0.616608534,0.005468406,-0.002813172,-2.393322675,-2.398791081,-2.42734606,-2.424532887,other,other,15,44,0.785392585,0.012816093,0.003920354,-1.731141863,-1.743957956,-1.654212929,-1.658133284,other,other
P48735_ATDFVADR(cit)AGTFK_,P48735,ATDFVADR(cit)AGTFK,IDH2(R188),16,42,0.203801873,-0.017244779,-0.055205399,-3.212870019,-3.19562524,-3.191888666,-3.136683267,other,other,17,43,0.399003798,0.026458439,-0.009113746,-0.578810756,-0.605269195,-0.622176661,-0.613062915,other,other
P48735_AYDGR(cit)FK_,P48735,AYDGR(cit)FK,IDH2(R261),2,11,0.194513708,-0.132146795,-0.176783326,-2.452757441,-2.320610646,-2.452757441,-2.275974114,other,other,17,43,0.399003798,0.026458439,-0.009113746,-0.578810756,-0.605269195,-0.622176661,-0.613062915,other,other
P50440_R(cit)VMVDANEVPIQK_,P50440,R(cit)VMVDANEVPIQK,GATM(R369),11,29,0.975748968,-0.039589491,0.035092327,-2.714579657,-2.674990166,-2.665115081,-2.700207408,other,other,17,47,0.963366914,0,0.021169964,-1.940908229,-1.940908229,-1.934227165,-1.955397129,other,other
P50914_MTDFDR(cit)FK_,P50914,MTDFDR(cit)FK,RPL14(R109),5,18,0.346684254,-0.048629657,0.00672328,-2.41380626,-2.365176603,-2.381622556,-2.388345836,other,other,6,10,0.180569431,-0.115915577,-0.114835378,-0.189996229,-0.074080652,-0.183627232,-0.068791854,other,other
P50914_WAATR(cit)WAK_,P50914,WAATR(cit)WAK,RPL14(R90),14,28,0.519918852,-0.010211325,-0.039130135,-2.159054339,-2.148843014,-2.133606238,-2.094476103,other,other,6,10,0.180569431,-0.115915577,-0.114835378,-0.189996229,-0.074080652,-0.183627232,-0.068791854,other,other
P50914_YVR(cit)QAWQK_,P50914,YVR(cit)QAWQK,RPL14(R74),12,37,0.590460702,0.054950878,0.049527455,-1.607871989,-1.662822867,-1.592400155,-1.641927611,other,other,6,10,0.180569431,-0.115915577,-0.114835378,-0.189996229,-0.074080652,-0.183627232,-0.068791854,other,other
P51888_LTDR(cit)GLPK_,P51888,LTDR(cit)GLPK,PRELP(R281),7,13,0.538052709,-0.02899026,-0.021404958,-2.91017739,-2.88118713,-2.864355759,-2.842950801,other,other,5,19,0.563068662,0.004359252,0.033125052,-0.366633119,-0.370992371,-0.33998918,-0.373114233,other,other
P52209_SFLEDIR(cit)K_,P52209,SFLEDIR(cit)K,PGD(R324),1,8,0.173441705,0.349246677,0.323925798,-0.84041795,-1.189664627,-0.84041795,-1.164343748,other,other,9,27,0.711725021,0.027858046,-0.006901747,-2.93352065,-2.961378696,-2.967103843,-2.960202096,other,other
P53999_TGETSR(cit)ALSSSK_,P53999,TGETSR(cit)ALSSSK,SUB1(R47),6,16,0.737206093,0.049613468,-0.03446457,-3.216699189,-3.266312657,-3.279152951,-3.244688381,other,other,#N/A,#N/A,#N/A,#N/A,#N/A,#N/A,#N/A,#N/A,#N/A,#N/A,#N/A
P55072_LAGESESNLR(cit)K_,P55072,LAGESESNLR(cit)K,VCP(R287),7,13,0.716766916,0.090543718,-0.006850244,-2.650237563,-2.740781281,-2.707971349,-2.701121105,other,other,17,47,0.902521192,0.034017311,-0.02748151,-1.341872079,-1.37588939,-1.323690341,-1.29620883,other,other
P56470_WGSEER(cit)K_,P56470,WGSEER(cit)K,LGALS4(R89),6,17,0.778687663,-0.091811738,-0.015229135,-3.284894595,-3.193082857,-3.241301492,-3.226072356,other,other,17,47,0.854236548,0.036507043,-0.014289714,-3.227369093,-3.263876136,-3.232557581,-3.218267867,other,other
P60174_LDER(cit)EAGITEK_,P60174,LDER(cit)EAGITEK,TPI1(R172),8,23,0.908708564,0.038711758,-0.013059116,-3.320506868,-3.359218625,-3.333095441,-3.320036325,other,other,17,47,0.902521192,0.008054457,0.016670929,-4.03540758,-4.043462037,-4.006641677,-4.023312607,other,other
P60709_IIAPPER(cit)K_,P60709,IIAPPER(cit)K,ACTB(R335),14,28,0.445594271,0.032745131,0.053897244,-3.785237912,-3.817983043,-3.775836628,-3.829733872,other,other,#N/A,#N/A,#N/A,#N/A,#N/A,#N/A,#N/A,#N/A,#N/A,#N/A,#N/A
P60709_ILTER(cit)GYSFTTTAER_,P60709,ILTER(cit)GYSFTTTAER,ACTB(R196),11,19,0.745799539,0.054039081,0.030166622,-2.735981221,-2.790020302,-2.730113025,-2.760279647,other,other,#N/A,#N/A,#N/A,#N/A,#N/A,#N/A,#N/A,#N/A,#N/A,#N/A,#N/A
P60866_GPVR(cit)MPTK_,P60866,GPVR(cit)MPTK,RPS20(R55),2,11,0.619267847,0.074270107,0.066409624,-2.146666576,-2.220936683,-2.146666576,-2.2130762,other,other,#N/A,#N/A,#N/A,#N/A,#N/A,#N/A,#N/A,#N/A,#N/A,#N/A,#N/A
P60866_TLR(cit)ITTR(cit)K_,P60866,TLR(cit)ITTR(cit)K,RPS20(R62;R66),8,25,0.372028183,-0.0958673,-0.066502367,-2.344920002,-2.249052702,-2.312205112,-2.245702745,other,other,#N/A,#N/A,#N/A,#N/A,#N/A,#N/A,#N/A,#N/A,#N/A,#N/A,#N/A
P60866_VCADLIR(cit)GAK_,P60866,VCADLIR(cit)GAK,RPS20(R41),2,12,0.513411786,-0.148931713,-0.062338575,-2.800733468,-2.651801755,-2.800733468,-2.738394893,other,other,#N/A,#N/A,#N/A,#N/A,#N/A,#N/A,#N/A,#N/A,#N/A,#N/A,#N/A
P60903_EDLR(cit)VLMEK_,P60903,EDLR(cit)VLMEK,S100A10(R32),5,16,0.640339086,0.35113312,0.003655036,-4.176241232,-4.527374352,-4.31888761,-4.322542646,other,other,9,27,0.94167845,0.003215625,-0.001147124,-2.12567591,-2.128891535,-2.112575679,-2.111428555,other,other
P61160_R(cit)LDIAGR_,P61160,R(cit)LDIAGR,ACTR2(R181),1,3,0.637351888,0.299044603,0.211403841,-1.457088143,-1.756132746,-1.457088143,-1.668491984,other,other,6,13,0.344965916,0,-0.115007477,-3.697903971,-3.697903971,-3.686637464,-3.571629987,other,other
P61247_TLVTR(cit)TQGTK_,P61247,TLVTR(cit)TQGTK,RPS3A(R51),6,24,0.279390786,-0.06985995,-0.06467792,-1.632728778,-1.562868828,-1.624942147,-1.560264227,other,other,13,38,0.436407177,0.060438026,0.030396107,-2.622283789,-2.682721815,-2.614721306,-2.645117413,other,other
P61313_AR(cit)R(cit)LGYK_,P61313,AR(cit)R(cit)LGYK,RPL15(R49;R50),7,9,0.872820533,0.141935309,-0.011524795,-2.043028679,-2.184963988,-2.134188891,-2.122664096,other,other,9,15,0.401673576,-0.045138568,-0.029092166,-0.773776153,-0.728637585,-0.747798249,-0.718706084,other,other
P61353_DVFR(cit)DPALK_,P61353,DVFR(cit)DPALK,RPL27(R102),5,9,0.42114743,0.011823178,-0.102391988,-2.856958731,-2.868781909,-2.899646565,-2.797254577,other,other,5,21,0.425967753,-0.077670616,-0.099704277,-1.07346571,-0.995795094,-1.057263467,-0.95755919,other,other
P61981_R(cit)ATVVESSEK_,P61981,R(cit)ATVVESSEK,YWHAG(R143),8,25,0.38209228,-0.05588708,-0.058811898,-2.494453181,-2.438566101,-2.539223008,-2.48041111,other,other,16,47,0.499427276,0.11798121,0.026451597,-2.790383599,-2.908364809,-2.83867737,-2.865128967,other,other
P62241_YELGR(cit)PAANTK_,P62241,YELGR(cit)PAANTK,RPS8(R31),7,17,0.723015624,0.083327832,-0.003591913,-2.844839961,-2.928167793,-2.895125761,-2.891533848,other,other,8,23,0.266769829,-0.038081927,-0.060097231,-1.893441297,-1.85535937,-1.867667312,-1.80757008,other,other
P62249_GPLQSVQVFGR(cit)K_,P62249,GPLQSVQVFGR(cit)K,RPS16(R15),14,31,0.720447059,0,0.050382432,-4.028248573,-4.028248573,-3.963880532,-4.014262964,other,other,12,38,0.558428481,0,-0.045094591,-1.467659955,-1.467659955,-1.480191192,-1.435096601,other,other
P62805_R(cit)ISGLIYEETR_,P62805,R(cit)ISGLIYEETR,H4C1(R46),13,27,0.442180951,0.029295861,0.042883601,-1.812136385,-1.841432246,-1.823961674,-1.866845276,other,other,17,46,0.623120918,-0.000506413,-0.005102112,-7.324691504,-7.324185091,-7.327397381,-7.322295268,other,other
P62805_RQGR(cit)TLYGFGG_,P62805,RQGR(cit)TLYGFGG,H4C1(R96),8,21,0.148967002,-0.116106527,-0.1000047,-0.729987398,-0.613880871,-0.739409876,-0.639405176,other,other,17,46,0.623120918,-0.000506413,-0.005102112,-7.324691504,-7.324185091,-7.327397381,-7.322295268,other,other
P62820_R(cit)MGPGATAGGAEK_,P62820,R(cit)MGPGATAGGAEK,RAB1A(R175),2,7,0.333333333,-0.166062872,-0.188687693,-2.220798476,-2.054735604,-2.220798476,-2.032110783,other,other,2,7,0.747203325,-0.014698203,-0.00685339,-0.04525524,-0.030557037,-0.04525524,-0.03840185,other,other
P62834_YDPTIEDSYR(cit)K_,P62834,YDPTIEDSYR(cit)K,RAP1A(R41),3,15,0.269373692,-0.04004121,-0.056491577,-2.642221347,-2.602180137,-2.642927824,-2.586436247,other,other,#N/A,#N/A,#N/A,#N/A,#N/A,#N/A,#N/A,#N/A,#N/A,#N/A,#N/A
P62937_FGSR(cit)NGK_,P62937,FGSR(cit)NGK,PPIA(R148),12,16,0.870679381,0.035217986,0.005257337,-3.706807144,-3.74202513,-3.718422751,-3.723680088,other,other,11,24,0.802821099,-0.03027373,-0.008258284,-1.093291845,-1.063018115,-1.074578367,-1.066320083,other,other
P62937_TAENFR(cit)ALSTGEK_,P62937,TAENFR(cit)ALSTGEK,PPIA(R37),15,39,0.298692937,-0.060914183,-0.037766031,-5.150052876,-5.089138693,-5.15947915,-5.121713119,other,other,11,24,0.802821099,-0.03027373,-0.008258284,-1.093291845,-1.063018115,-1.074578367,-1.066320083,other,other
P63096_NLR(cit)EDGEK_,P63096,NLR(cit)EDGEK,GNAI1(R24),12,27,0.987796648,-0.025259055,0.005578936,-2.509998047,-2.484738992,-2.476791596,-2.482370532,other,other,#N/A,#N/A,#N/A,#N/A,#N/A,#N/A,#N/A,#N/A,#N/A,#N/A,#N/A
P63261_GYSFTTTAER(cit)EIVR_,P63261,GYSFTTTAER(cit)EIVR,ACTG1(R206),0,1,NA,NA,NA,NA,-1.732916153,NA,-1.732916153,NA,NA,#N/A,#N/A,#N/A,#N/A,#N/A,#N/A,#N/A,#N/A,#N/A,#N/A,#N/A
P63261_IIAPPER(cit)K_,P63261,IIAPPER(cit)K,ACTG1(R335),2,13,1,-0.029407619,-0.023360095,-2.977376991,-2.947969372,-2.977376991,-2.954016896,other,other,#N/A,#N/A,#N/A,#N/A,#N/A,#N/A,#N/A,#N/A,#N/A,#N/A,#N/A
P63267_CDIDIR(cit)K_,P63267,CDIDIR(cit)K,ACTG2(R291),9,30,0.906390369,0.01341582,-0.013173054,-2.259668851,-2.273084671,-2.261797341,-2.248624287,other,other,#N/A,#N/A,#N/A,#N/A,#N/A,#N/A,#N/A,#N/A,#N/A,#N/A,#N/A
P67936_AEFAER(cit)TVAK_,P67936,AEFAER(cit)TVAK,TPM4(R208),7,19,0.641463494,-0.001201183,0.016117155,-2.767419714,-2.766218531,-2.73821472,-2.754331876,other,other,17,44,0.65557417,0.008225972,-0.032038366,0.716078026,0.707852054,0.726660874,0.758699241,other,other
P68133_CDIDIR(cit)K_,P68133,CDIDIR(cit)K,ACTA1(R292),3,7,0.816961322,-0.040576935,0.00686093,-3.189985741,-3.149408806,-3.160387501,-3.167248431,other,other,#N/A,#N/A,#N/A,#N/A,#N/A,#N/A,#N/A,#N/A,#N/A,#N/A,#N/A
P84098_GTANAR(cit)MPEK_,P84098,GTANAR(cit)MPEK,RPL19(R88),9,15,0.633194524,0.026036346,-0.051028876,-2.099993507,-2.126029853,-2.177657826,-2.12662895,other,other,#N/A,#N/A,#N/A,#N/A,#N/A,#N/A,#N/A,#N/A,#N/A,#N/A,#N/A
P84098_NTLAR(cit)R(cit)K_,P84098,NTLAR(cit)R(cit)K,RPL19(R70;R71),5,13,0.19817471,-0.153128464,-0.120960033,-1.607649744,-1.45452128,-1.634485611,-1.513525579,other,other,#N/A,#N/A,#N/A,#N/A,#N/A,#N/A,#N/A,#N/A,#N/A,#N/A,#N/A
Q00325_EDGVR(cit)GLAK_,Q00325,EDGVR(cit)GLAK,SLC25A3(R117),11,24,0.01976014,-0.124478442,-0.123605148,-2.502298775,-2.377820334,-2.521532842,-2.397927694,other,other,10,32,0.05816641,-0.04745496,-0.132336009,-2.0727861,-2.02533114,-2.143542461,-2.011206452,other,other
Q00796_ESPQEIAR(cit)K_,Q00796,ESPQEIAR(cit)K,SORD(R234),8,16,0.593568143,-0.117826189,-0.01230779,-1.764664872,-1.646838683,-1.712299373,-1.699991582,other,other,11,34,0.296569926,-0.050726003,-0.047616443,-0.875161192,-0.824435189,-0.891027077,-0.843410634,other,other
Q00839_FIEIAAR(cit)K_,Q00839,FIEIAAR(cit)K,HNRNPU(R572),6,13,0.725489807,0.020599606,-0.020741111,-3.091394282,-3.111993888,-3.104988257,-3.084247146,other,other,16,45,0.823608951,0.054604391,0.010090917,-1.372043579,-1.42664797,-1.364805361,-1.374896278,other,other
Q01082_AWER(cit)LEK_,Q01082,AWER(cit)LEK,SPTBN1(R398),1,8,0.888888889,-0.059077239,-0.075750015,-2.555978843,-2.496901605,-2.555978843,-2.480228828,other,other,16,46,0.703338933,-0.037578364,-0.007332578,-0.608615463,-0.571037099,-0.587648072,-0.580315495,other,other
Q01082_NR(cit)EASLGEASK_,Q01082,NR(cit)EASLGEASK,SPTBN1(R1054),13,30,0.882857927,0.071634533,-0.032758771,-1.918319714,-1.989954247,-1.903256315,-1.870497544,other,other,16,46,0.703338933,-0.037578364,-0.007332578,-0.608615463,-0.571037099,-0.587648072,-0.580315495,other,other
Q01518_EVITFR(cit)EK_,Q01518,EVITFR(cit)EK,CAP1(R119),5,17,0.323286117,0.21107987,0.182792502,-2.608357274,-2.819437144,-2.619703664,-2.802496166,other,other,17,47,0.193149274,0.06792241,0.033745421,-1.819221627,-1.887144037,-1.83530752,-1.869052941,other,other
Q01995_GPSYGMSR(cit)EVQSK_,Q01995,GPSYGMSR(cit)EVQSK,TAGLN(R12),15,43,0.914598011,0.005229823,-0.002096159,-4.607247778,-4.612477601,-4.532729628,-4.530633469,other,other,17,47,0.747829732,0,0.012600021,-1.470927462,-1.470927462,-1.459211197,-1.471811218,other,other
Q02252_EGASILLDGR(cit)K_,Q02252,EGASILLDGR(cit)K,ALDH6A1(R386),7,13,0.129104196,0.160078177,0.147795557,-2.643749855,-2.803828032,-2.61858538,-2.766380936,other,other,17,46,0.403912327,0.066677748,0.023013581,-0.929844884,-0.996522632,-0.955979012,-0.978992593,other,other
Q02252_ER(cit)VCNLIDSGTK_,Q02252,ER(cit)VCNLIDSGTK,ALDH6A1(R366),14,32,0.004904873,0.076465343,0.110663777,-3.986724721,-4.063190064,-3.964899675,-4.075563453,other,other,17,46,0.403912327,0.066677748,0.023013581,-0.929844884,-0.996522632,-0.955979012,-0.978992593,other,other
Q02543_VVGR(cit)CLPTPK_,Q02543,VVGR(cit)CLPTPK,RPL18A(R15),10,22,0.744110416,-0.071036849,-0.004355546,-2.932774336,-2.861737487,-2.905603796,-2.90124825,other,other,12,23,0.660061308,0.02776977,-0.020281721,-4.105353584,-4.133123354,-4.114679365,-4.094397643,other,other
Q03135_EIDLVNR(cit)DPK_,Q03135,EIDLVNR(cit)DPK,CAV1(R54),3,18,0.604417645,0.083040099,0.03101067,-0.762636274,-0.845676373,-0.830685674,-0.861696344,other,other,9,22,0.181953875,0.117445079,0.087413857,-1.200005361,-1.31745044,-1.240810492,-1.32822435,other,other
Q04828_R(cit)EDIFYTSK_,Q04828,R(cit)EDIFYTSK,AKR1C1(R76),9,21,0.522390535,-0.000546561,-0.028200625,-3.690449337,-3.689902776,-3.673375162,-3.645174537,other,other,#N/A,#N/A,#N/A,#N/A,#N/A,#N/A,#N/A,#N/A,#N/A,#N/A,#N/A
Q05682_IEER(cit)AEFLNK_,Q05682,IEER(cit)AEFLNK,CALD1(R649),2,15,0.81677217,0,0.037884441,-3.685582744,-3.685582744,-3.685582744,-3.723467185,other,other,14,41,0.442157654,-0.054528892,-0.046924764,-0.236422997,-0.181894105,-0.263318131,-0.216393367,other,other
Q06323_YFSER(cit)GDAVTK_,Q06323,YFSER(cit)GDAVTK,PSME1(R181),17,43,0.37209281,0.039350306,0.020307548,-2.869003146,-2.908353452,-2.873350862,-2.89365841,other,other,17,46,0.034720926,-0.103032204,-0.138457131,-2.521147633,-2.418115429,-2.518675419,-2.380218288,other,down
Q09666_FGVSTGR(cit)EGQTPK_,Q09666,FGVSTGR(cit)EGQTPK,AHNAK(R320),10,28,0.893698192,0.011007591,-0.018811138,-2.389472703,-2.400480293,-2.411039797,-2.392228658,other,other,17,47,0.975573173,0.022340831,0.001417614,-1.244416532,-1.266757363,-1.24746565,-1.248883265,other,other
Q13017_R(cit)R(cit)VEMK_,Q13017,R(cit)R(cit)VEMK,ARHGAP5(R426;R427),4,11,0.647410594,-0.204652139,-0.074025798,2.758126837,2.962778975,2.829400368,2.903426166,other,other,#N/A,#N/A,#N/A,#N/A,#N/A,#N/A,#N/A,#N/A,#N/A,#N/A,#N/A
Q14764_SLQPLAPR(cit)NK_,Q14764,SLQPLAPR(cit)NK,MVP(R452),4,13,0.816946565,0.004955541,0.005202315,-2.261035162,-2.265990703,-2.266969732,-2.272172048,other,other,16,43,0.612222074,0.026814286,0.027818923,-0.9965116,-1.023325885,-0.971403216,-0.999222138,other,other
Q14914_WQGDAR(cit)QK_,Q14914,WQGDAR(cit)QK,PTGR1(R280),0,8,NA,NA,NA,NA,-0.204813123,NA,-0.259558842,NA,NA,15,33,0.175990606,-0.062100951,-0.056758292,-1.346772823,-1.284671872,-1.356658918,-1.299900626,other,other
Q15084_NR(cit)PEDYQGGR_,Q15084,NR(cit)PEDYQGGR,PDIA6(R110),5,18,0.107202809,0.196191243,0.237819218,-1.493329851,-1.689521094,-1.422468835,-1.660288053,other,other,7,25,0.836493226,0.079086962,-0.019699174,-2.42485544,-2.503942402,-2.479745547,-2.460046373,other,other
Q15582_VIGTNR(cit)K_,Q15582,VIGTNR(cit)K,TGFBI(R59),1,12,0.215365761,0.118672245,0.107782096,-1.811704165,-1.93037641,-1.811704165,-1.919486261,other,other,14,39,0.21153362,-0.026668118,-0.057823784,1.023095375,1.049763493,1.031738704,1.089562488,other,other
Q15643_SENER(cit)LK_,Q15643,SENER(cit)LK,TRIP11(R70),7,15,1,-0.026213185,-0.012449481,-4.272982986,-4.246769801,-4.262385015,-4.249935534,other,other,#N/A,#N/A,#N/A,#N/A,#N/A,#N/A,#N/A,#N/A,#N/A,#N/A,#N/A
Q15836_VLER(cit)DQK_,Q15836,VLER(cit)DQK,VAMP3(R39),4,6,0.655792078,0.078406109,0.166130915,-1.96379935,-2.042205459,-1.879837848,-2.045968763,other,other,#N/A,#N/A,#N/A,#N/A,#N/A,#N/A,#N/A,#N/A,#N/A,#N/A,#N/A
Q16822_R(cit)YVAAAFPSACGK_,Q16822,R(cit)YVAAAFPSACGK,PCK2(R296),7,19,0.412692876,0.011736087,0.116544072,-3.35220684,-3.363942927,-3.304856342,-3.421400414,other,other,16,47,0.744320053,0.021682762,-0.060465671,-1.623278738,-1.6449615,-1.653997621,-1.59353195,other,other
Q16851_DLDGFR(cit)K_,Q16851,DLDGFR(cit)K,UGP2(R59),5,14,0.7801713,0.017848164,-0.052054385,-1.868063199,-1.885911363,-1.85470991,-1.802655525,other,other,17,46,0.537736027,-0.000993707,-0.020892886,-0.975978476,-0.974984769,-1.000061475,-0.979168588,other,other
Q16851_R(cit)EFPTVPLVK_,Q16851,R(cit)EFPTVPLVK,UGP2(R422),2,10,0.548360759,-0.004287942,0.013243137,-2.840050189,-2.835762247,-2.840050189,-2.853293326,other,other,17,46,0.537736027,-0.000993707,-0.020892886,-0.975978476,-0.974984769,-1.000061475,-0.979168588,other,other
Q5VTE0_R(cit)GNVAGDSK_,Q5VTE0,R(cit)GNVAGDSK,EEF1A1P5(R322),8,24,0.407838343,-0.001077309,-0.188171029,-2.548551694,-2.547474386,-2.588738189,-2.40056716,other,other,#N/A,#N/A,#N/A,#N/A,#N/A,#N/A,#N/A,#N/A,#N/A,#N/A,#N/A
Q6NZI2_VR(cit)TR(cit)ENLEK_,Q6NZI2,VR(cit)TR(cit)ENLEK,PTRF(R247;R249),9,24,0.542428396,-0.04588751,-0.024790196,-2.831237209,-2.785349699,-2.803226113,-2.778435918,other,other,5,15,1,-0.085440097,-0.009817595,-0.054427926,0.031012171,-0.069216046,-0.05939845,other,other
Q71DI3_LPFQR(cit)LVR_,Q71DI3,LPFQR(cit)LVR,HIST2H3A(R70),3,6,1,0,0.080636802,-4.414665251,-4.414665251,-4.344649449,-4.425286252,other,other,#N/A,#N/A,#N/A,#N/A,#N/A,#N/A,#N/A,#N/A,#N/A,#N/A,#N/A
Q71DI3_YR(cit)PGTVALR(cit)EIR_,Q71DI3,YR(cit)PGTVALR(cit)EIR,HIST2H3A(R43;R50),2,1,1,0.034713233,0.034713233,-2.367675885,-2.402389118,-2.367675885,-2.402389118,other,other,#N/A,#N/A,#N/A,#N/A,#N/A,#N/A,#N/A,#N/A,#N/A,#N/A,#N/A
Q7Z4W1_TMLNR(cit)IPLGK_,Q7Z4W1,TMLNR(cit)IPLGK,DCXR(R203),13,35,0.40604832,0,-0.035494113,-3.008904903,-3.008904903,-3.007902183,-2.97240807,other,other,17,47,0.71329736,0,-0.02413547,-2.794313531,-2.794313531,-2.801250689,-2.777115218,other,other
Q96I99_ACR(cit)ELELK_,Q96I99,ACR(cit)ELELK,SUCLG2(R381),11,28,0.717115802,0.007426887,0.01740597,-2.69661707,-2.704043957,-2.676051214,-2.693457184,other,other,17,47,0.244613595,-0.026195612,-0.034782947,-2.633772964,-2.607577352,-2.634059613,-2.599276666,other,other
Q96I99_AQILAGGR(cit)GK_,Q96I99,AQILAGGR(cit)GK,SUCLG2(R91),1,11,0.376344493,-0.011091932,-0.09840933,-1.847865805,-1.836773873,-1.847865805,-1.749456475,other,other,17,47,0.244613595,-0.026195612,-0.034782947,-2.633772964,-2.607577352,-2.634059613,-2.599276666,other,other
Q99878_SSR(cit)AGLQFPVGR_,Q99878,SSR(cit)AGLQFPVGR,H2AC14(R21),6,29,0.757813762,0.026833966,-0.046390501,-2.531429039,-2.558263005,-2.595394096,-2.549003595,other,other,#N/A,#N/A,#N/A,#N/A,#N/A,#N/A,#N/A,#N/A,#N/A,#N/A,#N/A
Q99878_TR(cit)SSR(cit)AGLQFPVGR_,Q99878,TR(cit)SSR(cit)AGLQFPVGR,H2AC14(R18;R21),14,30,0.09976666,-0.063289019,-0.052529465,-2.737986036,-2.674697017,-2.712915162,-2.660385697,other,other,#N/A,#N/A,#N/A,#N/A,#N/A,#N/A,#N/A,#N/A,#N/A,#N/A,#N/A
Q99879_R(cit)STITSR(cit)EIQTAVR_,Q99879,R(cit)STITSR(cit)EIQTAVR,H2BC14(R87;R93),8,24,0.252113599,-0.091592364,-0.106099973,-1.715147858,-1.623555493,-1.729164613,-1.623064639,other,other,#N/A,#N/A,#N/A,#N/A,#N/A,#N/A,#N/A,#N/A,#N/A,#N/A,#N/A
Q99879_STITSR(cit)EIQTAVR_,Q99879,STITSR(cit)EIQTAVR,H2BC14(R93),8,15,0.132066891,0.049019889,0.088282185,-3.019133824,-3.068153713,-2.995327799,-3.083609984,other,other,#N/A,#N/A,#N/A,#N/A,#N/A,#N/A,#N/A,#N/A,#N/A,#N/A,#N/A
Q99880_R(cit)STITSR(cit)EIQTAVR_,Q99880,R(cit)STITSR(cit)EIQTAVR,H2BC13(R87;R93),7,17,0.224498998,-0.106431536,-0.149717789,-1.018528089,-0.912096553,-1.020111771,-0.870393982,other,other,#N/A,#N/A,#N/A,#N/A,#N/A,#N/A,#N/A,#N/A,#N/A,#N/A,#N/A
Q9BTM1_SR(cit)SSR(cit)AGLQFPVGR_,Q9BTM1,SR(cit)SSR(cit)AGLQFPVGR,H2AFJ(R18;R21),15,34,0.694289968,-0.002779401,0.081257684,-0.906387244,-0.903607843,-0.835210504,-0.916468188,other,other,#N/A,#N/A,#N/A,#N/A,#N/A,#N/A,#N/A,#N/A,#N/A,#N/A,#N/A
Q9BVC6_R(cit)EAPVDVLTQIGR_,Q9BVC6,R(cit)EAPVDVLTQIGR,TMEM109(R47),8,24,0.007565089,-0.07703453,-0.103741303,-2.333572498,-2.256537967,-2.342949207,-2.239207904,other,other,#N/A,#N/A,#N/A,#N/A,#N/A,#N/A,#N/A,#N/A,#N/A,#N/A,#N/A
Q9C002_TDVILDR(cit)K_,Q9C002,TDVILDR(cit)K,NMES1(R44),2,6,0.339727776,0.065562704,0.061214016,-2.037262915,-2.102825619,-2.037262915,-2.098476931,other,other,#N/A,#N/A,#N/A,#N/A,#N/A,#N/A,#N/A,#N/A,#N/A,#N/A,#N/A
Q9H1E3_NVR(cit)QQR(cit)QAASK_,Q9H1E3,NVR(cit)QQR(cit)QAASK,NUCKS1(R90;R93),7,21,0.298535482,0.035209183,0.121742519,-1.758961135,-1.794170318,-1.698385718,-1.820128238,other,other,9,17,0.116540925,-0.054027298,-0.032870612,-1.653102515,-1.599075217,-1.626508827,-1.593638216,other,other
Q9H2A2_SSGIGR(cit)EGAK_,Q9H2A2,SSGIGR(cit)EGAK,ALDH8A1(R467),4,14,1,0.092744528,0.002498886,-1.699733954,-1.792478481,-1.756926082,-1.759424967,other,other,#N/A,#N/A,#N/A,#N/A,#N/A,#N/A,#N/A,#N/A,#N/A,#N/A,#N/A
Q9H8H3_ALER(cit)ASFSK_,Q9H8H3,ALER(cit)ASFSK,METTL7A(R214),0,13,NA,NA,NA,NA,-1.04757487,NA,-0.964246948,NA,NA,4,22,0.263609802,-0.083854709,-0.180845528,-3.882521156,-3.798666447,-3.899991049,-3.719145521,other,other
Q9NZN4_R(cit)GGAR(cit)GQQPEAIR_,Q9NZN4,R(cit)GGAR(cit)GQQPEAIR,EHD2(R7;R11),1,7,0.652685088,-0.048867698,-0.066563679,-3.090574049,-3.041706351,-3.090574049,-3.02401037,other,other,5,18,0.818878703,0,-0.001294705,-2.832028312,-2.832028312,-2.822387866,-2.821093161,other,other
Q9UJS0_LTVNDFVR(cit)DK_,Q9UJS0,LTVNDFVR(cit)DK,SLC25A13(R416),9,22,0.860617082,-0.020879448,0.002349158,-1.601992966,-1.581113518,-1.536098774,-1.538447932,other,other,#N/A,#N/A,#N/A,#N/A,#N/A,#N/A,#N/A,#N/A,#N/A,#N/A,#N/A
Q9UL46_YFSER(cit)GDAVAK_,Q9UL46,YFSER(cit)GDAVAK,PSME2(R171),13,28,0.944024177,0.002540688,-0.013706589,-2.91746998,-2.920010668,-2.970491248,-2.956784659,other,other,15,32,0.082889943,0.054310554,0.064842111,-1.825906957,-1.880217511,-1.816199476,-1.881041587,other,other
Q9UM07_LLLASPR(cit)SCYK_,Q9UM07,LLLASPR(cit)SCYK,PADI4(R495),10,23,0.984354909,-0.011428766,-0.00016417,-3.413327734,-3.401898968,-3.400913725,-3.400749555,other,other,17,47,0.866263894,0.010121424,0.000118648,-3.051209572,-3.061330996,-3.022841085,-3.022959733,other,other
Q9UM07_R(cit)VMGPDFGYVTR_,Q9UM07,R(cit)VMGPDFGYVTR,PADI4(R383),2,16,0.057236757,-0.184307635,-0.268370727,-2.084484635,-1.900177,-2.084484635,-1.816113908,other,other,17,47,0.866263894,0.010121424,0.000118648,-3.051209572,-3.061330996,-3.022841085,-3.022959733,other,other
Q9UM07_VR(cit)VFQATR(cit)GK_,Q9UM07,VR(cit)VFQATR(cit)GK,PADI4(R212;R218),8,23,0.005143756,-0.065931185,-0.1812369,-2.237443038,-2.171511853,-2.279206426,-2.097969526,other,down,17,47,0.866263894,0.010121424,0.000118648,-3.051209572,-3.061330996,-3.022841085,-3.022959733,other,other
Q9Y2J8_DMSQMILR(cit)TK_,Q9Y2J8,DMSQMILR(cit)TK,PADI2(R187),15,42,0.376287434,-0.015071438,-0.032637764,-4.056011795,-4.040940357,-4.056788606,-4.024150842,other,other,17,47,0.938982985,0.008128592,-0.030482006,-2.871473867,-2.879602459,-2.895270237,-2.86478823,other,other
Q9Y2J8_GFPVVLDSPR(cit)DGNLK_,Q9Y2J8,GFPVVLDSPR(cit)DGNLK,PADI2(R373),10,31,0.318373273,-0.04147851,-0.051740903,-8.365464096,-8.323985586,-8.34853,-8.296789096,other,other,17,47,0.938982985,0.008128592,-0.030482006,-2.871473867,-2.879602459,-2.895270237,-2.86478823,other,other
Q9Y2J8_TVR(cit)LQYGSR_,Q9Y2J8,TVR(cit)LQYGSR,PADI2(R8),1,2,NA,0,0,-1.647389532,-1.647389532,-1.647389532,-1.647389532,other,other,17,47,0.938982985,0.008128592,-0.030482006,-2.871473867,-2.879602459,-2.895270237,-2.86478823,other,other
Q9Y2J8_VCFQYLNR(cit)GDR_,Q9Y2J8,VCFQYLNR(cit)GDR,PADI2(R344),17,43,0.18584099,-0.027516601,-0.025981057,-3.176059288,-3.148542687,-3.143087517,-3.11710646,other,other,17,47,0.938982985,0.008128592,-0.030482006,-2.871473867,-2.879602459,-2.895270237,-2.86478823,other,other
Q9Y2J8_VVR(cit)DFLK_,Q9Y2J8,VVR(cit)DFLK,PADI2(R448),16,41,0.950125775,0.002152677,-0.011848587,-4.251049181,-4.253201858,-4.253552383,-4.241703796,other,other,17,47,0.938982985,0.008128592,-0.030482006,-2.871473867,-2.879602459,-2.895270237,-2.86478823,other,other
Q9Y490_ER(cit)ELEEAR_,Q9Y490,ER(cit)ELEEAR,TLN1(R2513),2,10,0.911313201,-0.071801908,-0.122352115,-0.85784852,-0.786046612,-0.85784852,-0.735496405,other,other,17,47,0.54028278,-0.039757692,-0.020238063,-0.613514394,-0.573756702,-0.600513382,-0.580275319,other,other
Q9Y6N5_AR(cit)VTELNPDK_,Q9Y6N5,AR(cit)VTELNPDK,SQRDL(R117),7,13,0.129250394,-0.092404961,-0.080728493,-1.204152822,-1.111747861,-1.187353054,-1.106624561,other,other,7,16,0.421413488,-0.010119939,-0.126937581,-2.067704044,-2.057584105,-2.153353713,-2.026416132,other,other
