"ID","n_Y","n_N","p_YN","fc_YN_mean","mean_Y","mean_N","color_YN_mean"
"P07305_NR(cit)AGSSR(cit)QSIQK_",17,63,0.775684259611168,-0.00750116906535947,-4.77669963817647,-4.76919846911111,"other"
"P07339_VER(cit)QVFGEATK_",16,51,0.165544991829366,-0.0456439373590685,-2.0043194074375,-1.95867547007843,"other"
"P07355_DIISDTSGDFR(cit)K_",11,42,0.956061577454258,-0.0190388994805195,-2.70860600390909,-2.68956710442857,"other"
"P08670_NNDALR(cit)QAK_",15,58,0.00315150811527129,-0.109387031424138,-3.4121652282,-3.30277819677586,"other"
"P08670_SR(cit)LGDLYEEEMR_",14,57,0.913167304616829,-0.0467236067305761,-2.24246737764286,-2.19574377091228,"other"
"P11142_R(cit)NTTIPTK_",13,48,0.130776286317675,-0.0532334851794869,-3.02590293584615,-2.97266945066667,"other"
"P14618_GPEIR(cit)TGLIK_",16,38,0.132313385923709,-0.0661734298157892,-2.752934676,-2.68676124618421,"other"
"P16401_ER(cit)NGLSLAALK_",11,41,0.524244204933197,-0.040703886736142,-4.78035920427273,-4.73965531753659,"other"
"P26038_EALLQASR(cit)DQK_",13,52,0.670406877485988,-0.0321520161153845,-2.09386547884615,-2.06171346273077,"other"
"P30086_NR(cit)PTSISWDGLDSGK_",10,49,0.846947221926546,0.0407613410326526,-4.0932788776,-4.13404021863265,"other"
"P31040_IYQR(cit)AFGGQSLK_",15,55,0.919469054114626,-0.00362142235151497,-2.98716619413333,-2.98354477178182,"other"
"P61978_ELR(cit)ENTQTTIK_",17,68,0.221302891064564,-0.0375143551323531,-3.95700270152941,-3.91948834639706,"other"
"P62081_AQLR(cit)ELNITAAK_",19,57,0.0188998499723942,-0.109178256,-3.48458957936842,-3.37541132336842,"other"
"Q01995_R(cit)EFTESQLQEGK_",19,69,0.0657568967601055,0.0962077563417232,-5.80300173736842,-5.89920949371014,"other"
"Q06830_R(cit)TIAQDYGVLK_",15,51,0.901945998422288,0.00279566772156858,-3.3246163892,-3.32741205692157,"other"
"Q9UBQ7_R(cit)ILDAAGANLK_",14,48,0.335144130694569,-0.0667061999851191,-3.02217119421429,-2.95546499422917,"other"
"A0A0B4J1V0_GLEWVGR(cit)IK_",9,25,0.605923256221193,-0.0718321146044447,-4.58277717444444,-4.51094505984,"other"
"A0A0B4J1X5_GR(cit)FTISR(cit)DNAK_",10,48,0.0934084219059729,-0.0850597922583334,-3.9143793188,-3.82931952654167,"other"
"O00299_R(cit)TETVQK_",6,15,0.906308892003885,-0.0107957821,-1.85684311883333,-1.84604733673333,"other"
"O00483_MLR(cit)QIIGQAK_",9,30,0.0396542758950072,-0.0413566609333333,-2.57651940233333,-2.5351627414,"other"
"O15144_R(cit)NCFASVFEK_",2,16,0.707496274839774,-0.00488180481249989,-3.277562796,-3.2726809911875,"other"
"O15144_VLNR(cit)AR(cit)PDAEK_",14,43,0.334044773516464,-0.0858839064219268,-2.56699357614286,-2.48110966972093,"other"
"O43707_AETAANR(cit)ICK_",12,53,0.216817591868751,-0.093516561448113,-3.35360851475,-3.26009195330189,"other"
"O43707_EGLLLWCQR(cit)K_",5,18,0.0419175468226491,-0.197807894522222,-6.0299495098,-5.83214161527778,"down"
"O43866_SLSPSFR(cit)DR(cit)K_",5,27,0.979222872415871,0.0313106834814816,-3.207690939,-3.23900162248148,"other"
"O75369_VR(cit)AGGPGLER_",8,33,0.0988249515529642,-0.0756046749999997,-2.440654774,-2.365050099,"other"
"O75390_ALGFPLER(cit)PK_",5,21,0.534425786164958,0.0422058005047616,-3.3480639274,-3.39026972790476,"other"
"O75947_AR(cit)IVEYEK_",4,12,0.639994010577447,0.0597524945833334,-2.42701195175,-2.48676444633333,"other"
"O95831_VR(cit)R(cit)EGVK_",8,26,0.256061818890203,-0.0663258158269229,-1.88607375925,-1.81974794342308,"other"
"P00325_AAGAAR(cit)IIAVDINK_",5,21,0.464816852685624,-0.109455058409524,-4.8735453516,-4.76409029319048,"other"
"P00325_NDLGNPR(cit)GTLQDGTR(cit)R_",13,49,0.169752318783172,-0.10790404188697,-2.20339200284615,-2.09548796095918,"other"
"P00325_NDLGNPR(cit)GTLQDGTR_",13,32,0.0463562928560459,-0.11270164334375,-2.648161997,-2.53546035365625,"other"
"P00338_NR(cit)VIGSGCNLDSAR_",9,29,0.0212054529644842,-0.152063858934866,-2.80071354055556,-2.64864968162069,"down"
"P00338_QQEGESR(cit)LNLVQR_",6,28,0.143104717973954,-0.0392261923095236,-3.05849549466667,-3.01926930235714,"other"
"P00338_VTLTSEEEAR(cit)LK_",5,9,0.345291302353121,-0.0561503038444449,-2.2693753124,-2.21322500855556,"other"
"P00387_SNPIIR(cit)TVK_",9,30,0.774349724502338,-0.0132254186555555,-0.243903256888889,-0.230677838233333,"other"
"P00450_EYTDASFTNR(cit)K_",5,23,0.0501225026986775,-0.189381418547826,-3.4220413812,-3.23265996265217,"other"
"P00558_IEAFR(cit)ASLSK_",11,36,0.676957479597749,-0.0386862947323232,-3.06301525845455,-3.02432896372222,"other"
"P00558_NNQITNNQR(cit)IK_",17,58,0.0012781319364374,-0.13472164292495,-4.60013006623529,-4.46540842331035,"other"
"P00558_YAEAVTR(cit)AK_",10,53,0.0330988873442914,-0.11470852184717,-3.2469784753,-3.13226995345283,"other"
"P00734_GR(cit)VTGWGNLK_",15,59,0.0955802528873546,-0.0773111020474579,-2.4423608772,-2.36504977515254,"other"
"P00736_LR(cit)YTTEIIK_",4,22,0.774890540692158,-0.00666074093181823,-2.68701028625,-2.68034954531818,"other"
"P00738_LR(cit)TEGDGVYTLNDK_",16,58,0.825778714305043,0.00407600045474155,-4.6131768395625,-4.61725284001724,"other"
"P00738_LR(cit)TEGDGVYTLNNEK_",19,60,0.154648232415046,0.0449836796894738,-3.81113970721053,-3.8561233869,"other"
"P00738_VGYVSGWGR(cit)NANFK_",11,36,0.245982973914695,-0.0487296884368686,-3.21901293790909,-3.17028324947222,"other"
"P00747_NYR(cit)GTMSK_",7,39,0.0962633572441289,-0.129229763890109,-3.23254544342857,-3.10331567953846,"other"
"P00747_SPR(cit)PSSYK_",8,20,0.133345911064676,-0.0671801475499998,-2.571536374,-2.50435622645,"other"
"P00751_ISVIR(cit)PSK_",4,16,0.266129341189369,-0.1103029379375,-4.48229710175,-4.3719941638125,"other"
"P00966_EDFEEAR(cit)K_",9,35,0.250251182746653,-0.145440486622222,-1.60042577022222,-1.4549852836,"other"
"P00966_GR(cit)NDLMEYAK_",17,62,0.762094585845941,-0.0119558328662239,-2.53254838488235,-2.52059255201613,"other"
"P00966_QVEIAQR(cit)EGAK_",18,64,0.790226334022182,0.00909390587152759,-3.16374444822222,-3.17283835409375,"other"
"P00966_SQER(cit)VEGK_",6,26,0.0516236949960187,-0.109498857846154,-3.1872282865,-3.07772942865385,"other"
"P01008_ENAEQSR(cit)AAINK_",10,46,0.300684213623738,-0.051783805043478,-2.7972273445,-2.74544353945652,"other"
"P01008_FSPENTR(cit)K_",8,34,0.677899604796994,0.013814608661765,-2.29528389525,-2.30909850391176,"other"
"P01008_LVSANR(cit)LFGDK_",3,24,0.622943546544705,-0.08570387375,-5.73638175333333,-5.65067787958333,"other"
"P01009_FLENEDR(cit)R_",13,37,0.910398838778482,-0.0135421050810813,-2.865408544,-2.85186643891892,"other"
"P01023_R(cit)TTVMVK_",9,40,0.703638088612178,-0.0180881141833336,-3.37814913033333,-3.36006101615,"other"
"P01023_YGAATFTR(cit)TGK_",14,55,0.0456597355943097,-0.0589985268675326,-3.44421698228571,-3.38521845541818,"other"
"P01024_CR(cit)EALK_",2,23,0.95978444368752,-0.0159698340869565,-2.238477453,-2.22250761891304,"other"
"P01024_LGR(cit)EGVQK_",15,48,0.922091995709126,-0.000638480212500125,-1.3840204384,-1.3833819581875,"other"
"P01024_NR(cit)WEDPGK_",8,37,0.0477997956706322,-0.132785008314189,-2.864969746125,-2.73218473781081,"other"
"P01024_QLANGVDR(cit)YISK_",13,47,0.49588589648892,-0.0495488254075287,-3.69097224776923,-3.6414234223617,"other"
"P01024_TVAVR(cit)TLDPER_",7,28,0.983439707446585,-0.0323852549999999,-1.270262297,-1.237877042,"other"
"P01042_AR(cit)VQVVAGK_",17,51,0.0682093538626796,0.10734427282353,-1.92939499447059,-2.03673926729412,"other"
"P01833_AAGSR(cit)DVSLAK_",8,31,0.790353820595029,0.0013135074717742,0.006366773375,0.00505326590322581,"other"
"P01871_VTER(cit)TVDK_",18,59,0.96113239546995,-0.00978207451506607,-3.50381255327778,-3.49403047876271,"other"
"P01876_TIDR(cit)LAGK_",4,11,0.638563296423382,0.0872966052954545,-1.93033399425,-2.01763059954545,"other"
"P01876_WLQGSQELPR(cit)EK_",19,59,0.49390058234447,-0.0283943260160573,-4.05801297047368,-4.02961864445763,"other"
"P02545_AAYEAELGDAR(cit)K_",2,17,0.748538011695906,0.022942801441177,-3.0477213595,-3.07066416094118,"other"
"P02545_FVR(cit)LR(cit)NK_",2,29,0.600810461164457,-0.0258269461896552,-1.7220083785,-1.69618143231034,"other"
"P02545_ITR(cit)LQEK_",6,35,0.322213448240606,0.0368589948285714,-1.511290171,-1.54814916582857,"other"
"P02545_NIYSEELR(cit)ETK_",11,38,0.432508587920894,0.0566681322607656,-0.946872861818182,-1.00354099407895,"other"
"P02647_ENGGAR(cit)LAEYHAK_",11,29,0.879366683390896,0.00191672721943581,-3.34845673409091,-3.35037346131034,"other"
"P02647_ETEGLR(cit)QEMSK_",10,33,0.107409298332899,-0.135752163693939,-3.3156265083,-3.17987434460606,"other"
"P02647_LAAR(cit)LEALK_",9,26,0.653719562807493,-0.0382148437948722,-4.42859159333333,-4.39037674953846,"other"
"P02649_LLR(cit)DADDLQK_",8,33,0.540305807316599,-0.0141861496060605,-2.187404762,-2.17321861239394,"other"
"P02655_LR(cit)DLYSK_",1,6,0.194567091954753,0.0563214275,-0.605431418,-0.6617528455,"other"
"P02671_DLLPSR(cit)DR_",6,19,0.333314511575381,-0.0763708439649122,-1.28945021933333,-1.21307937536842,"other"
"P02671_DR(cit)QHLPLIK_",10,29,0.935507302260163,-0.0228352180310347,-2.9386969641,-2.91586174606897,"other"
"P02671_GDKELR(cit)TGK_",6,22,0.263794045996778,-0.0621379141515153,-2.29529597833333,-2.23315806418182,"other"
"P02671_GPR(cit)VVER_",4,18,0.891435342101549,-0.0680042444444444,-2.340666715,-2.27266247055556,"other"
"P02671_NVR(cit)AQLVDMK_",16,58,0.335334118062578,-0.0582145673017238,-2.16374780025,-2.10553323294828,"other"
"P02671_SCR(cit)GSCSR(cit)ALAR_",10,31,0.975386549273562,-0.0334754219967746,-2.8600496409,-2.82657421890323,"other"
"P02671_VTSGSTTTTR(cit)R(cit)SCSK_",17,63,0.0780598370646599,-0.0982255815779647,-5.76420255011765,-5.66597696853968,"other"
"P02675_ECEEIIR(cit)K_",18,58,0.164414936746248,-0.0462723398371647,-3.47412024838889,-3.42784790855172,"other"
"P02675_R(cit)EEAPSLR_",11,49,0.0394399503826175,-0.138500950576995,-1.30749326245455,-1.16899231187755,"down"
"P02675_SILENLR(cit)SK_",15,41,0.403394689506334,-0.0255370804422763,-2.70227687446667,-2.67673979402439,"other"
"P02679_R(cit)LDGSVDFK_",13,52,0.50310705731144,-0.0834296674807691,-2.44605123484615,-2.36262156736538,"other"
"P02679_TR(cit)WYSMK_",3,19,1,0.0267640662807018,-1.46425370766667,-1.49101777394737,"other"
"P02749_ATVVYQGER(cit)VK_",17,67,0.129577247412216,-0.0553727856084283,-3.63056068523529,-3.57518789962687,"other"
"P02749_LPECR(cit)EVK_",7,31,0.097279875661758,-0.073191352705069,-0.693010969285714,-0.619819616580645,"other"
"P02751_LTVGLTR(cit)R(cit)GQPR_",10,23,0.365790337983938,-0.0713683661782607,-1.5428344037,-1.47146603752174,"other"
"P02751_SEPLIGR(cit)K_",7,27,0.778829968211959,0.0317590096084657,-3.39541151442857,-3.42717052403704,"other"
"P02774_SR(cit)LSNLIK_",6,24,0.0430399240325538,-0.0971264652916666,-1.527792229,-1.43066576370833,"other"
"P02787_AVGNLR(cit)K_",8,30,0.136779026416183,-0.117736651141667,-4.365935765875,-4.24819911473333,"other"
"P02787_DSGFQMNQLR(cit)GK_",16,55,0.147527405087595,-0.0596245029840903,-4.597363498875,-4.53773899589091,"other"
"P02787_LHDR(cit)NTYEK_",19,69,0.220571586295929,-0.0717269164118992,-5.36753147736842,-5.29580456095652,"other"
"P02787_VPPR(cit)MDAK_",12,58,0.104096946812635,-0.0791380014224141,-2.70808077175,-2.62894277032759,"other"
"P02790_WDR(cit)ELISER_",15,42,0.0776964229345192,-0.0908071235857143,0.7365650922,0.827372215785714,"other"
"P04075_ADDGR(cit)PFPQVIK_",3,23,0.681967377370458,0.0673696236086956,-2.929413008,-2.9967826316087,"other"
"P04075_R(cit)ALANSLACQGK_",12,30,0.875273802778295,-0.0194967018333334,-2.13384124483333,-2.114344543,"other"
"P04083_R(cit)NNAQR(cit)QQIK_",13,42,0.832044849161875,0.021543849787546,-3.06363237130769,-3.08517622109524,"other"
"P04114_INSR(cit)FFGEGTK_",9,30,0.774417942975305,0.0136203573444442,-4.10700779155556,-4.1206281489,"other"
"P04114_NR(cit)NNALDFVTK_",2,24,0.350224870033961,0.0976949899583337,-4.2806843225,-4.37837931245833,"other"
"P04406_LVTR(cit)AAFNSGK_",7,21,0.871408140432748,-0.0361698170476192,-1.16166450685714,-1.12549468980952,"other"
"P04406_VGVNGFGR(cit)IGR_",1,13,1,0.113334740153846,-0.94048674,-1.05382148015385,"other"
"P04844_SVASR(cit)ATVLQK_",17,63,0.108424412382629,-0.0893556837338934,-3.56426591235294,-3.47491022861905,"other"
"P04844_TTR(cit)VTYPAK_",3,13,0.414701836694884,0.0644516651025642,-1.97082171966667,-2.03527338476923,"other"
"P04899_NLR(cit)EDGEK_",6,15,1,0.0739215139999998,-2.34734464366667,-2.42126615766667,"other"
"P05023_LNIPVSQVNPR(cit)DAK_",4,27,0.0481548484793819,-0.764981214018519,-3.5531785905,-2.78819737648148,"down"
"P05023_R(cit)AVAGDASESALLK_",7,26,0.790994814538706,0.0249151869450546,-2.33047943528571,-2.35539462223077,"other"
"P05026_TEISFR(cit)PNDPK_",7,26,0.981841088225912,0.0326203647692305,-2.210592257,-2.24321262176923,"other"
"P05062_AHR(cit)FPALTQEQK_",16,53,0.702166685942001,-0.00423693960731142,-1.3117223054375,-1.30748536583019,"other"
"P05062_LFR(cit)NILK_",9,35,0.71415096842864,0.0326557167428572,-4.866298663,-4.89895437974286,"other"
"P05062_VENTEENR(cit)R(cit)QFR_",9,50,0.486944715958388,-0.0262278716844442,-2.36694754444444,-2.34071967276,"other"
"P05091_SR(cit)VVGNPFDSK_",15,46,0.279949942241532,-0.0352462061594203,-1.73524662433333,-1.70000041817391,"other"
"P05141_AGAER(cit)EFR_",6,21,0.952811644491501,-0.0272623752142857,-0.106791763833333,-0.0795293886190476,"other"
"P05141_TR(cit)LAADVGK_",9,29,0.703490858856787,0.0151952007777778,-1.89024442722222,-1.905439628,"other"
"P05783_ASLENSLR(cit)EVEAR_",5,19,0.579681408011575,-0.0897575965999999,-1.4689829416,-1.379225345,"other"
"P05783_NR(cit)EELDK_",1,4,0.716800516994495,-0.0223066387499999,-2.617652832,-2.59534619325,"other"
"P05783_TTTR(cit)R(cit)IVDGK_",9,53,0.935311801054286,-0.0199746299287211,-2.91139066577778,-2.89141603584906,"other"
"P06727_GR(cit)LTPYADEFK_",9,39,0.750484799881291,-0.0295500464273504,-3.11169389988889,-3.08214385346154,"other"
"P06733_FAGR(cit)NFR(cit)NPLAK_",14,38,0.298974514885928,-0.0862097969135336,-4.42212411057143,-4.3359143136579,"other"
"P06733_NFR(cit)NPLAK_",8,23,0.0513074870470496,-0.237634505505435,-2.822404814375,-2.58477030886957,"other"
"P06744_AALTR(cit)DPQFQK_",9,32,0.219728853434863,-0.0389253468819446,-1.14915439544444,-1.1102290485625,"other"
"P06744_STEEAR(cit)K_",6,13,0.757834595418964,0.0218831915769231,-2.0749612685,-2.09684446007692,"other"
"P06748_SIR(cit)DTPAK_",12,40,0.405973898786932,-0.0486880049833336,-2.58354769608333,-2.5348596911,"other"
"P07237_FFR(cit)NGDTASPK_",4,20,1,-0.0236223304999998,-2.918029484,-2.8944071535,"other"
"P07305_GVGASGSFR(cit)LAK_",9,22,0.711306783229855,-0.0277690139696971,-1.76827998133333,-1.74051096736364,"other"
"P07355_IR(cit)SEFK_",9,40,0.0115212445712182,-0.165968006475,-2.875427639,-2.709459632525,"down"
"P07355_VFDR(cit)YK_",6,24,0.774122175967836,0.0718615812499999,-2.9570745675,-3.02893614875,"other"
"P07900_IR(cit)YESLTDPSK_",6,22,0.8395750311197,-0.00418086056060574,-2.77243623583333,-2.76825537527273,"other"
"P08263_NR(cit)YFPAFEK_",4,18,0.667719684982819,-0.039752789638889,-3.21185703575,-3.17210424611111,"other"
"P08263_SLEEAR(cit)K_",6,22,0.932885758292288,-0.0128903222878787,-4.01428485483333,-4.00139453254545,"other"
"P08263_TR(cit)ISNLPTVK_",5,19,0.389933869039093,-0.12096086468421,-1.365926668,-1.24496580331579,"other"
"P08311_VSMR(cit)R(cit)GTDTLR_",8,23,0.348626838840758,-0.0784612850108695,-2.37718029275,-2.29871900773913,"other"
"P08319_TSR(cit)FTCK_",9,32,0.053061162512042,-0.0826710349826389,-3.27195521488889,-3.18928417990625,"other"
"P08603_ENER(cit)FQYK_",10,29,0.375558964752628,-0.0607919157758618,-3.6563157465,-3.59552383072414,"other"
"P08670_AR(cit)VEVER_",15,56,0.842126291668521,-0.00735148834523813,-1.82001822666667,-1.81266673832143,"other"
"P08670_GTNESLER(cit)QMR_",13,40,0.104720353073606,-0.0495141320576926,-2.32465160230769,-2.27513747025,"other"
"P09210_NR(cit)YFPAFEK_",4,18,0.080028495827209,-0.109129385027777,-3.53488274325,-3.42575335822222,"other"
"P09210_SLEESR(cit)K_",5,18,0.425730563241112,-0.0387866764111111,-2.9704976248,-2.93171094838889,"other"
"P09382_VR(cit)GEVAPDAK_",10,43,0.184930654780446,-0.179626527527907,-2.1410327319,-1.96140620437209,"other"
"P09493_VIESR(cit)AQK_",17,54,0.865117601071796,-0.0440153680032678,-3.12352394805882,-3.07950858005556,"other"
"P09669_FR(cit)VADQR(cit)K_",14,50,0.00102883604230956,-0.338897292251429,-2.00151982207143,-1.66262252982,"down"
"P09871_QR(cit)IIGGSDADIK_",4,19,0.769753886159916,0.0222162076052634,-2.3416189275,-2.36383513510526,"other"
"P0C0L4_NPSR(cit)NNVPCSPK_",2,15,0.409393114355015,0.00975023433333355,-4.28056172,-4.29031195433333,"other"
"P0C0L4_QR(cit)VEASISK_",5,27,0.896717290806861,0.00505163654074048,-2.9399000592,-2.94495169574074,"other"
"P0C0L4_QYR(cit)NGESVK_",0,13,NA,NA,NA,-3.98500765338462,NA
"P0C0L4_TFFR(cit)GLESQTK_",7,29,0.352635205880095,-0.0680364308916257,-3.93828501985714,-3.87024858896552,"other"
"P0DMV9_LR(cit)TACER_",15,41,0.813466238408329,-0.00155672293658515,-2.1977525954,-2.19619587246341,"other"
"P0DMV9_R(cit)NSTIPTK_",5,30,0.586002322335217,0.0765950936333333,-2.743770028,-2.82036512163333,"other"
"P10412_ER(cit)SGVSLAALK_",8,33,0.0051981708601338,-0.166783959109848,-4.904095807625,-4.73731184851515,"down"
"P10515_GR(cit)VFVSPLAK_",7,34,0.320786434061887,-0.146137435352941,-3.348605638,-3.20246820264706,"other"
"P10643_NAR(cit)CVQK_",1,16,0.755059713342443,0.00472195793749997,-2.049702638,-2.0544245959375,"other"
"P10809_APGFGDNR(cit)K_",5,15,0.0939161876691581,-0.134993599533334,-4.1738868762,-4.03889327666667,"other"
"P11021_DNR(cit)AVQK_",15,49,0.582897709865831,0.0146602304081633,-2.578600521,-2.59326075140816,"other"
"P11168_R(cit)LR(cit)GYDDVTK_",5,13,0.8390555133709,-0.00169125429230732,-2.4576740636,-2.45598280930769,"other"
"P11177_VSR(cit)GLWK_",6,11,0.883645765998707,-0.0170161068030303,-1.92024815316667,-1.90323204636364,"other"
"P11310_EFQATAR(cit)K_",14,27,0.32043775484656,-0.0655664787116401,-2.73633589278571,-2.67076941407407,"other"
"P12111_FR(cit)QSSPDSVK_",11,31,0.302576248167701,0.0669891631583579,-2.45901846245455,-2.5260076256129,"other"
"P12111_SSDR(cit)VDGPASNLK_",8,34,0.422997195215001,-0.0377234067205885,-2.63861363125,-2.60089022452941,"other"
"P12277_R(cit)LR(cit)LQK_",9,22,0.104037003066568,-0.0540970619646465,-0.861722991555556,-0.807625929590909,"other"
"P12814_EAMLR(cit)QK_",4,17,0.177150199219368,-0.140767456794118,-1.2209282975,-1.08016084070588,"other"
"P13073_VELYR(cit)IK_",4,13,0.201680672268908,0.268380234115385,-2.0242899915,-2.29267022561538,"other"
"P13611_SPPVR(cit)GSLSGK_",4,23,0.430817695861773,0.0553184841521741,-1.0080271515,-1.06334563565217,"other"
"P13639_GEGQLGPAER(cit)AK_",13,47,0.485310040530805,-0.00669137064320791,-1.17075926015385,-1.16406788951064,"other"
"P13667_R(cit)FDVSGYPTLK_",4,9,0.876526346026071,-0.0201081075,-3.2253265275,-3.20521842,"other"
"P13804_VVVSGGR(cit)GLK_",6,30,0.859751549151068,0.0276087829333336,-2.9460073115,-2.97361609443333,"other"
"P14618_APIIAVTR(cit)NPQTAR_",16,53,0.965211437153827,-0.0330709806238207,-2.9514129598125,-2.91834197918868,"other"
"P14618_AR(cit)GFFK_",4,23,0.0504687913335033,-0.429166912771739,-4.20469663725,-3.77552972447826,"other"
"P14625_IYFMAGSSR(cit)K_",0,13,NA,NA,NA,-3.086973616,NA
"P15311_AQAR(cit)EEK_",7,40,0.443770043455677,-0.071124970914286,-3.95913789471429,-3.8880129238,"other"
"P15311_TLR(cit)QIR(cit)QGNTK_",7,39,0.0114670787681806,-0.142623588142857,-3.79636089314286,-3.653737305,"down"
"P15311_VSAQEVR(cit)K_",11,44,0.308924327371552,-0.0796998492045455,-2.33534228409091,-2.25564243488636,"other"
"P15924_QR(cit)TQEELR_",4,16,0.962117758516944,-0.0680288467499999,-1.87665159475,-1.808622748,"other"
"P18077_TR(cit)VIWGK_",2,14,0.175867175749615,-0.146465003928572,-2.3180373195,-2.17157231557143,"other"
"P18206_NR(cit)NFTVEK_",9,30,0.138918350375122,-0.0937532558777778,-1.90466704744444,-1.81091379156667,"other"
"P18621_NTR(cit)ETAQAIK_",8,15,0.45733614205966,-0.114823332141667,-1.760115270875,-1.64529193873333,"other"
"P19338_GQNQDYR(cit)GGK_",13,41,0.335265064620027,-0.0500462117504687,-4.14705483138462,-4.09700861963415,"other"
"P19827_AAISGENAGLVR(cit)ASGR_",6,20,0.643268294045091,-0.00210661644999988,-2.6404971815,-2.63839056505,"other"
"P19827_VTYDVSR(cit)DK_",4,25,1,-0.0532588758300001,-1.36397607975,-1.31071720392,"other"
"P20962_R(cit)AAEEEDEADPK_",4,24,0.356037641438293,-0.106296219583333,-2.459332022,-2.35303580241667,"other"
"P21333_AEISFEDR(cit)K_",11,36,0.501907948477188,0.0121387251136365,-2.55155500363636,-2.56369372875,"other"
"P21333_R(cit)IANLQTDLSDGLR_",8,19,0.374759286767841,0.117866344730263,-1.694022758375,-1.81188910310526,"other"
"P21333_R(cit)LTVSSLQESGLK_",13,42,0.0138583437001028,-0.128214114313187,-2.98634564438462,-2.85813153007143,"other"
"P21695_VAEAFAR(cit)TGK_",7,15,0.203860947835018,-0.122842302104762,-2.29797929757143,-2.17513699546667,"other"
"P21796_SAR(cit)DVFTK_",15,52,0.382623190489934,0.00364790245384627,-1.7109527682,-1.71460067065385,"other"
"P21796_SR(cit)VTQSNFAVGYK_",7,34,0.917051770202848,0.0147634356890758,-3.17026152642857,-3.18502496211765,"other"
"P21810_AFSPLR(cit)K_",6,16,0.179649686780463,-0.123864450729167,-4.77501420966667,-4.6511497589375,"other"
"P22626_LTDCVVMR(cit)DPASK_",8,17,0.410689151401054,-0.0478094574264707,-1.67788169725,-1.63007223982353,"other"
"P22626_TLETVPLER(cit)K_",12,41,0.922437926951377,0.00901500603658567,-2.6017654135,-2.61078041953659,"other"
"P22695_ANYR(cit)GGEIR_",4,13,0.632513616619204,-0.0466266188461537,-1.59179327,-1.54516665115385,"other"
"P23284_VLEGMEVVR(cit)K_",6,34,0.301871258967698,-0.0491860336176471,-3.225319961,-3.17613392738235,"other"
"P24752_R(cit)VDFSK_",6,11,0.244853311276203,-0.110383034560606,-2.92570939083333,-2.81532635627273,"other"
"P25705_AVDSLVPIGR(cit)GQR_",11,31,0.60602920317308,-0.0236123006803519,-1.44354619145455,-1.41993389077419,"other"
"P25705_ELIIGDR(cit)QTGK_",4,16,0.469009655608517,-0.0373850248749998,-2.15188444425,-2.114499419375,"other"
"P25705_ISVR(cit)EPMQTGIK_",18,56,0.133899683290524,-0.0730658634603176,-2.33034832438889,-2.25728246092857,"other"
"P25705_R(cit)LTDADAMK_",17,57,0.000258028454789193,-0.258611107613003,-2.98031427182353,-2.72170316421053,"down"
"P25705_R(cit)STVAQLVK_",7,17,0.69549277477921,-0.0443898763697481,-2.26544193642857,-2.22105206005882,"other"
"P25705_VGSAAQTR(cit)AMK_",6,19,0.158733299133912,-0.126071293692982,-2.06750260816667,-1.94143131447368,"other"
"P27348_YLAEVACGDDR(cit)K_",8,17,0.155443185165697,-0.0736181495514705,-3.275945513375,-3.20232736382353,"other"
"P29401_GR(cit)GITGVEDK_",16,56,0.293000047273006,-0.046637146517857,-3.00592524275,-2.95928809623214,"other"
"P30041_R(cit)VATPVDWK_",12,39,0.141711105081553,-0.0604563817435895,-2.660462306,-2.60000592425641,"other"
"P30050_EPPR(cit)DR(cit)K_",6,16,0.473020260047182,-0.0495928857291666,-0.351383463666667,-0.3017905779375,"other"
"P30086_VASFR(cit)K_",9,25,0.0640828999533648,-0.0600371853377784,-4.62864248577778,-4.56860530044,"other"
"P30101_LNFAVASR(cit)K_",4,17,0.419452383829676,0.00591134097058843,-3.1197040255,-3.12561536647059,"other"
"P31327_ASR(cit)SFPFVSK_",3,9,0.456376199295998,-0.0773888881111111,-1.72355588366667,-1.64616699555556,"other"
"P31327_EWPSNLDLR(cit)K_",13,40,0.0885576408803124,-0.4419866107,-1.957926995,-1.5159403843,"other"
"P31327_LR(cit)DADPILR_",7,20,0.048298461167423,0.382575704542857,-1.90357272185714,-2.2861484264,"up"
"P31930_NR(cit)PGSALEK_",15,53,0.104574257051395,-0.0840108131849058,-3.1766170726,-3.09260625941509,"other"
"P32119_ASGNAR(cit)IGK_",4,12,0.484864121189732,0.0961465474166667,-1.636888565,-1.73303511241667,"other"
"P35268_AGNLGGGVVTIER(cit)SK_",4,22,0.971002946790541,-0.0205085099318181,-3.97246526725,-3.95195675731818,"other"
"P35542_AEEWGR(cit)SGK_",7,17,0.668232275557997,-0.0158657140084033,-2.62443129871429,-2.60856558470588,"other"
"P35579_ASR(cit)EEILAQAK_",9,45,0.0346039579715153,-0.111529093244444,-3.57425351688889,-3.46272442364444,"other"
"P35579_ER(cit)QAACK_",9,17,0.480879661298288,0.0167677730915032,-0.313554912555556,-0.330322685647059,"other"
"P35579_NENAR(cit)QQLER_",3,29,0.644737184812461,-0.0380642199655172,-2.155093004,-2.11702878403448,"other"
"P35749_ASR(cit)DEIFATAK_",13,53,0.730492522287054,-0.0161522209027574,-2.56288417784615,-2.5467319569434,"other"
"P35749_NESAR(cit)QQLER_",6,23,0.807261658463115,0.0487305644130434,-3.8429707265,-3.89170129091304,"other"
"P35749_R(cit)LVWVPSEK_",8,35,0.0113697272262131,-0.0998047667464284,-2.598035653375,-2.49823088662857,"other"
"P35749_VGR(cit)DVVQK_",15,49,0.0417389841251321,-0.126564610835374,-2.48601038973333,-2.35944577889796,"other"
"P37802_DVGR(cit)PQPGR_",0,1,NA,NA,NA,-0.406133741,NA
"P38646_LINR(cit)NTTIPTK_",9,41,0.409227744869291,0.0358938783143632,-2.84223494722222,-2.87812882553659,"other"
"P38646_R(cit)ETGVDLTK_",6,20,0.34086292974056,-0.101264773216667,-2.53232505666667,-2.43106028345,"other"
"P39023_LLPLR(cit)QK_",6,34,0.0501683692319039,-0.0874342366568628,-1.11015591533333,-1.02272167867647,"other"
"P40429_R(cit)GQAALDR(cit)LK_",9,45,0.588842985136815,-0.0405852251111112,-1.87286768333333,-1.83228245822222,"other"
"P42765_ISR(cit)EECDK_",11,40,0.972274053802165,0.0392274660159091,-1.61303055390909,-1.652258019925,"other"
"P42765_YALQSQQR(cit)WK_",6,24,0.676359656928688,-0.00321208062500045,-3.0165006065,-3.013288525875,"other"
"P43146_R(cit)APR(cit)AK_",4,17,0.557894435323036,-0.142913873132353,-2.70734793925,-2.56443406611765,"other"
"P45880_AAR(cit)DIFNK_",8,17,0.660948504618086,0.0709782958308827,-2.049457095875,-2.12043539170588,"other"
"P45954_YFR(cit)DAK_",5,13,0.843394190296283,0.000726170276923011,-2.5287433388,-2.52946950907692,"other"
"P46776_R(cit)NQSFCPTVNLDK_",12,35,0.960293764994665,-0.0256922605619048,-3.70173067033333,-3.67603840977143,"other"
"P46777_R(cit)FPGYDSESK_",9,19,0.843840574187847,-0.0170662566257307,-2.42515159788889,-2.40808534126316,"other"
"P46777_TDYYAR(cit)K_",3,12,0.209829002986577,-0.262286274166667,-2.49267742266667,-2.2303911485,"other"
"P46778_SR(cit)DSFLK_",5,25,0.031118100559925,-0.11936355436,-1.609253701,-1.48989014664,"other"
"P46781_SR(cit)LDQELK_",8,42,0.529137075202552,-0.053073733577381,-2.424325540625,-2.37125180704762,"other"
"P48735_ATDFVADR(cit)AGTFK_",16,60,0.032092296263991,-0.104332106233334,-3.262791034,-3.15845892776667,"other"
"P48735_AYDGR(cit)FK_",7,21,0.0893054259075271,0.121981212,-2.21277273128571,-2.33475394328571,"other"
"P50440_R(cit)VMVDANEVPIQK_",10,41,0.694441929110398,0.0309231001463415,-2.646291271,-2.67721437114634,"other"
"P50914_MTDFDR(cit)FK_",8,24,0.139682889315725,-0.0403396205833335,-2.400248344125,-2.35990872354167,"other"
"P50914_WAATR(cit)WAK_",13,44,0.0408394090782056,-0.140389729942307,-2.22761175769231,-2.08722202775,"down"
"P50914_YVR(cit)QAWQK_",15,40,0.217844332604436,-0.0781122616416667,-1.68795562906667,-1.609843367425,"other"
"P51888_LTDR(cit)GLPK_",5,19,0.142437118819279,-0.14836312531579,-3.00263364,-2.85427051468421,"other"
"P52209_SFLEDIR(cit)K_",2,5,0.434445726552775,-0.2133896298,-1.496449058,-1.2830594282,"other"
"P53999_TGETSR(cit)ALSSSK_",7,25,0.191185422847981,-0.0592413480685714,-3.30147057742857,-3.24222922936,"other"
"P55072_LAGESESNLR(cit)K_",7,18,0.783059905085127,-0.014930456793651,-2.72067643857143,-2.70574598177778,"other"
"P56470_WGSEER(cit)K_",6,27,0.869274067529421,-0.0155003455,-3.30098207283333,-3.28548172733333,"other"
"P60174_LDER(cit)EAGITEK_",9,44,0.132606369883813,-0.0654481080202016,-3.38461612811111,-3.31916802009091,"other"
"P60709_IIAPPER(cit)K_",11,31,0.110456909761521,0.164843151973607,-3.66844848909091,-3.83329164106452,"other"
"P60709_ILTER(cit)GYSFTTTAER_",8,22,0.70545410447542,0.0335546137500002,-2.78186020125,-2.815414815,"other"
"P60866_GPVR(cit)MPTK_",2,8,0.685167446562644,-0.0671268692500004,-2.1680651595,-2.10093829025,"other"
"P60866_TLR(cit)ITTR(cit)K_",8,27,0.199292389558737,0.132819662958334,-2.239495978375,-2.37231564133333,"other"
"P60866_VCADLIR(cit)GAK_",8,19,0.419430587331606,-0.0550574102171053,-2.901267399375,-2.84620998915789,"other"
"P60903_EDLR(cit)VLMEK_",6,25,0.852433448322031,-0.044586901093334,-4.31745401633333,-4.27286711524,"other"
"P61160_R(cit)LDIAGR_",0,3,NA,NA,NA,-1.655429333,NA
"P61247_TLVTR(cit)TQGTK_",8,25,0.605120533723652,0.05582926728,-1.507624249,-1.56345351628,"other"
"P61313_AR(cit)R(cit)LGYK_",5,22,0.175588207565288,-0.0818748494363635,-2.0984824138,-2.01660756436364,"other"
"P61353_DVFR(cit)DPALK_",2,10,0.388490337240709,0.0283561594000004,-2.7813076635,-2.8096638229,"other"
"P61981_R(cit)ATVVESSEK_",11,31,0.0357075576060782,-0.106272030129032,-2.535908384,-2.42963635387097,"other"
"P62241_YELGR(cit)PAANTK_",11,24,0.420594783733044,-0.034547892996212,-2.96661259745455,-2.93206470445833,"other"
"P62249_GPLQSVQVFGR(cit)K_",16,42,0.29106654729186,-0.0507696025208331,-3.9737078751875,-3.92293827266667,"other"
"P62805_R(cit)ISGLIYEETR_",9,26,0.0577326500192776,-0.138021125376068,-1.87504619522222,-1.73702506984615,"other"
"P62805_RQGR(cit)TLYGFGG_",4,25,0.427826482529002,0.04909528677,-0.68054894175,-0.72964422852,"other"
"P62820_R(cit)MGPGATAGGAEK_",2,12,0.779411376848942,-0.092480766,-2.3211468075,-2.2286660415,"other"
"P62834_YDPTIEDSYR(cit)K_",9,25,0.983968191136994,-0.0185226944444445,-2.54932169544444,-2.530799001,"other"
"P62937_FGSR(cit)NGK_",8,29,0.427074075031939,-0.0841047912629311,-3.824424152125,-3.74031936086207,"other"
"P62937_TAENFR(cit)ALSTGEK_",18,63,0.692427719585027,-0.00960312080952352,-5.14285487433333,-5.13325175352381,"other"
"P63096_NLR(cit)EDGEK_",10,45,0.411143627457624,-0.0405814287222221,-2.5464690205,-2.50588759177778,"other"
"P63261_GYSFTTTAER(cit)EIVR_",2,6,1,0.415541207666667,-1.732916153,-2.14845736066667,"other"
"P63261_IIAPPER(cit)K_",6,22,0.651665972338442,0.0463263544393939,-2.89937981833333,-2.94570617277273,"other"
"P63267_CDIDIR(cit)K_",11,43,0.845837241540524,0.0380107474566596,-2.25616443063636,-2.29417517809302,"other"
"P67936_AEFAER(cit)TVAK_",7,21,0.0990964534312413,-0.124218276571429,-2.86064956528571,-2.73643128871429,"other"
"P68133_CDIDIR(cit)K_",2,9,1,-0.00819897805555536,-3.1895288935,-3.18132991544444,"other"
"P84098_GTANAR(cit)MPEK_",4,20,0.50842724166449,-0.0278169502000001,-2.146000323,-2.1181833728,"other"
"P84098_NTLAR(cit)R(cit)K_",4,18,0.287024383664305,-0.108960997333333,-1.6714620045,-1.56250100716667,"other"
"Q00325_EDGVR(cit)GLAK_",9,33,0.601997617621547,-0.00333545430303017,-2.37092920533333,-2.3675937510303,"other"
"Q00796_ESPQEIAR(cit)K_",10,38,0.50247971056188,-0.0498247429473684,-1.741657186,-1.69183244305263,"other"
"Q00839_FIEIAAR(cit)K_",4,27,0.174454569887259,-0.154235755972222,-3.25945971675,-3.10522396077778,"other"
"Q01082_AWER(cit)LEK_",3,14,0.61385993165866,0.0977580227142854,-2.36931837,-2.46707639271429,"other"
"Q01082_NR(cit)EASLGEASK_",7,44,0.376731846904183,-0.0697935026006495,-2.05248658471429,-1.98269308211364,"other"
"Q01518_EVITFR(cit)EK_",10,24,0.939259399182422,-0.0147063915583332,-2.7344583841,-2.71975199254167,"other"
"Q01995_GPSYGMSR(cit)EVQSK_",18,58,0.231284873366165,-0.0401010664425288,-4.59459130116667,-4.55449023472414,"other"
"Q02252_EGASILLDGR(cit)K_",8,28,0.269387727969391,-0.170648785875,-2.782321711125,-2.61167292525,"other"
"Q02252_ER(cit)VCNLIDSGTK_",13,45,0.312316482959933,0.0404803727076923,-3.96306327669231,-4.0035436494,"other"
"Q02543_VVGR(cit)CLPTPK_",11,36,0.641174236925325,-0.0154012334520206,-2.93542004509091,-2.92001881163889,"other"
"Q03135_EIDLVNR(cit)DPK_",13,27,0.516129228064623,-0.0630736290484331,-0.990473663307692,-0.927400034259259,"other"
"Q04828_R(cit)EDIFYTSK_",5,32,0.181589656272449,-0.0559816633375001,-3.7478387724,-3.6918571090625,"other"
"Q05682_IEER(cit)AEFLNK_",6,17,0.397293571354481,0.0341056642352942,-3.694680139,-3.72878580323529,"other"
"Q06323_YFSER(cit)GDAVTK_",18,65,0.810140282808486,-0.0106183693589741,-2.89759995366667,-2.88698158430769,"other"
"Q09666_FGVSTGR(cit)EGQTPK_",10,39,0.109466846612833,-0.0696652891846155,-2.4795835508,-2.40991826161538,"other"
"Q13017_R(cit)R(cit)VEMK_",4,13,0.201680672268908,0.272160594884615,3.1268275835,2.85466698861538,"other"
"Q14764_SLQPLAPR(cit)NK_",8,20,0.59044643023125,-0.0163834448999998,-2.25363102575,-2.23724758085,"other"
"Q14914_WQGDAR(cit)QK_",1,8,0.697333674046991,0.149017278,-0.204813123,-0.353830401,"other"
"Q15084_NR(cit)PEDYQGGR_",6,14,0.296105274680503,-0.155152919142857,-1.751112352,-1.59595943285714,"other"
"Q15582_VIGTNR(cit)K_",4,25,0.06265863310168,-0.0746257259300001,-1.97336693425,-1.89874120832,"other"
"Q15643_SENER(cit)LK_",6,20,0.47977464699159,-0.0987117296500006,-4.293855445,-4.19514371535,"other"
"Q15836_VLER(cit)DQK_",3,11,0.380583208517222,-0.0629665331212124,-2.07456705366667,-2.01160052054545,"other"
"Q16822_R(cit)YVAAAFPSACGK_",10,41,0.564970550545177,-0.00678602040975607,-3.3448771158,-3.33809109539024,"other"
"Q16851_DLDGFR(cit)K_",7,17,0.444593770090496,-0.0572815346974789,-1.92177181628571,-1.86449028158824,"other"
"Q16851_R(cit)EFPTVPLVK_",6,20,0.367900965094297,-0.0781025549333334,-2.95441478083333,-2.8763122259,"other"
"Q5VTE0_R(cit)GNVAGDSK_",9,28,0.000617096274839633,-0.570305621674603,-2.86624091688889,-2.29593529521429,"down"
"Q6NZI2_VR(cit)TR(cit)ENLEK_",9,23,0.689448195013019,0.00953624637681161,-2.79441727266667,-2.80395351904348,"other"
"Q71DI3_LPFQR(cit)LVR_",1,18,0.308850375075585,0.0829141967222222,-4.322394224,-4.40530842072222,"other"
"Q71DI3_YR(cit)PGTVALR(cit)EIR_",2,15,0.821987317690535,0.050401780933333,-2.1749954,-2.22539718093333,"other"
"Q7Z4W1_TMLNR(cit)IPLGK_",13,54,0.827828088911686,0.0487463815797722,-2.93810024884615,-2.98684663042593,"other"
"Q96I99_ACR(cit)ELELK_",12,36,0.230315854028498,0.0675015766666665,-2.68415921433333,-2.751660791,"other"
"Q96I99_AQILAGGR(cit)GK_",4,11,0.265395124604998,-0.0877904807272729,-1.858522519,-1.77073203827273,"other"
"Q99878_SSR(cit)AGLQFPVGR_",12,45,0.00250386553347695,-0.151533847927778,-2.68070100308333,-2.52916715515556,"down"
"Q99878_TR(cit)SSR(cit)AGLQFPVGR_",11,51,0.362417557870702,-0.0596567925240641,-2.73539955981818,-2.67574276729412,"other"
"Q99879_R(cit)STITSR(cit)EIQTAVR_",9,36,0.658591857701944,-0.0274256083055557,-1.69916626166667,-1.67174065336111,"other"
"Q99879_STITSR(cit)EIQTAVR_",9,25,0.210245559831597,-0.0570269637644447,-3.13020448444444,-3.07317752068,"other"
"Q99880_R(cit)STITSR(cit)EIQTAVR_",7,23,0.357292161322761,-0.111471015596273,-1.00663357085714,-0.89516255526087,"other"
"Q9BTM1_SR(cit)SSR(cit)AGLQFPVGR_",14,54,0.957019968823842,0.0199015985608466,-0.898513538642857,-0.918415137203704,"other"
"Q9BVC6_R(cit)EAPVDVLTQIGR_",8,24,0.0507585614784071,-0.1528496675,-2.417152514375,-2.264302846875,"other"
"Q9C002_TDVILDR(cit)K_",2,9,0.807556184001985,0.0374782284444444,-2.037262915,-2.07474114344444,"other"
"Q9H1E3_NVR(cit)QQR(cit)QAASK_",7,30,0.282762000305022,-0.0344248607238096,-1.81317188885714,-1.77874702813333,"other"
"Q9H2A2_SSGIGR(cit)EGAK_",5,14,0.675069213550008,-0.0408195128714286,-1.8093009168,-1.76848140392857,"other"
"Q9H8H3_ALER(cit)ASFSK_",4,17,0.26574644144234,-0.120405400411765,-1.04757487,-0.927169469588235,"other"
"Q9NZN4_R(cit)GGAR(cit)GQQPEAIR_",7,19,0.65512765900758,-0.0696532761654138,-3.08424088042857,-3.01458760426316,"other"
"Q9UJS0_LTVNDFVR(cit)DK_",11,25,0.675901083600432,-0.0221164095163635,-1.62319574463636,-1.60107933512,"other"
"Q9UL46_YFSER(cit)GDAVAK_",10,41,0.212561875558235,-0.0771471913804875,-3.1137605186,-3.03661332721951,"other"
"Q9UM07_LLLASPR(cit)SCYK_",9,24,0.453662946859555,-0.0627316179999999,-3.48008191366667,-3.41735029566667,"other"
"Q9UM07_R(cit)VMGPDFGYVTR_",5,32,0.170654310917059,0.0762044829062498,-1.783177925,-1.85938240790625,"other"
"Q9UM07_VR(cit)VFQATR(cit)GK_",10,45,0.274092456603688,0.0225530544777781,-2.1652561933,-2.18780924777778,"other"
"Q9Y2J8_DMSQMILR(cit)TK_",16,62,0.100094686018312,-0.0719620834637094,-4.066013701625,-3.99405161816129,"other"
"Q9Y2J8_GFPVVLDSPR(cit)DGNLK_",12,46,0.036071776661527,-0.124303643608695,-8.35808503,-8.23378138639131,"other"
"Q9Y2J8_TVR(cit)LQYGSR_",2,1,1,-0.2233075055,-1.8706970375,-1.647389532,"other"
"Q9Y2J8_VCFQYLNR(cit)GDR_",17,62,0.81465003845913,-0.0266788558472486,-3.16739379441176,-3.14071493856452,"other"
"Q9Y2J8_VVR(cit)DFLK_",18,59,0.0110348581746938,-0.0792334935404897,-4.32974208477778,-4.25050859123729,"other"
"Q9Y490_ER(cit)ELEEAR_",8,16,0.0165952493731778,-0.114791243,-0.858416019875,-0.743624776875,"other"
"Q9Y6N5_AR(cit)VTELNPDK_",8,34,0.38887336863316,0.110338851183823,-1.059866988875,-1.17020584005882,"other"
