ID_PA,Gene_position,ID,PA,n_Y,n_N,p_YN,fc_YN,fc_YN_mean,median_Y,median_N,mean_Y,mean_N,color_YN_median,color_YN_mean,pro_n_Y,pro_n_N,pro_p_YN,pro_fc_YN,pro_fc_YN_mean,pro_median_Y,pro_median_N,pro_mean_Y,pro_mean_N,pro_color_YN_median,pro_color_YN_mean
P07305_NR(cit)AGSSR(cit)QSIQK_,H1F0(R42;R47),P07305,NR(cit)AGSSR(cit)QSIQK,17,63,0.77568426,0,-0.007501169,-4.803080747,-4.803080747,-4.776699638,-4.769198469,other,other,16,61,0.074046621,-0.104158234,-0.030904382,-3.017016686,-2.912858452,-2.973723323,-2.942818941,other,other
P07339_VER(cit)QVFGEATK_,CTSD(R176),P07339,VER(cit)QVFGEATK,16,51,0.165544992,0,-0.045643937,-1.975825412,-1.975825412,-2.004319407,-1.95867547,other,other,17,65,0.091667352,0,-0.059591968,-1.525028282,-1.525028282,-1.542255977,-1.482664009,other,other
P07355_DIISDTSGDFR(cit)K_,ANXA2(R168),P07355,DIISDTSGDFR(cit)K,11,42,0.956061577,0,-0.019038899,-2.688956408,-2.688956408,-2.708606004,-2.689567104,other,other,6,27,0.55760858,-0.04516012,-0.036098804,-0.36820536,-0.32304524,-0.357913612,-0.321814808,other,other
P08670_NNDALR(cit)QAK_,VIM(R310),P08670,NNDALR(cit)QAK,15,58,0.003151508,-0.050466704,-0.109387031,-3.382309326,-3.331842623,-3.412165228,-3.302778197,other,other,19,70,0.769215795,-0.002762659,0.025794976,-1.30080915,-1.298046492,-1.249543376,-1.275338352,other,other
P08670_SR(cit)LGDLYEEEMR_,VIM(R145),P08670,SR(cit)LGDLYEEEMR,14,57,0.913167305,0.030342907,-0.046723607,-2.229906063,-2.26024897,-2.242467378,-2.195743771,other,other,19,70,0.769215795,-0.002762659,0.025794976,-1.30080915,-1.298046492,-1.249543376,-1.275338352,other,other
P11142_R(cit)NTTIPTK_,HSPA8(R416),P11142,R(cit)NTTIPTK,13,48,0.130776286,-0.044829973,-0.053233485,-3.051613306,-3.006783333,-3.025902936,-2.972669451,other,other,19,70,0.491468936,0,-0.032929413,-2.10093556,-2.10093556,-2.088221306,-2.055291893,other,other
P14618_GPEIR(cit)TGLIK_,PKM(R120),P14618,GPEIR(cit)TGLIK,16,38,0.132313386,-0.033751788,-0.06617343,-2.742092347,-2.708340559,-2.752934676,-2.686761246,other,other,19,70,0.517304986,-0.009132629,-0.021576269,-2.394175222,-2.385042593,-2.373756364,-2.352180095,other,other
P16401_ER(cit)NGLSLAALK_,H1F5(R57),P16401,ER(cit)NGLSLAALK,11,41,0.524244205,0,-0.040703887,-4.733409238,-4.733409238,-4.780359204,-4.739655318,other,other,14,63,0.06022674,-0.000589659,-0.091966028,-1.826641432,-1.826051773,-1.864364939,-1.77239891,other,other
P26038_EALLQASR(cit)DQK_,MSN(R408),P26038,EALLQASR(cit)DQK,13,52,0.670406877,0,-0.032152016,-2.045567578,-2.045567578,-2.093865479,-2.061713463,other,other,19,70,0.168837518,-0.012130702,-0.063474947,-1.731499684,-1.719368982,-1.714638841,-1.651163894,other,other
P30086_NR(cit)PTSISWDGLDSGK_,PEBP1(R49),P30086,NR(cit)PTSISWDGLDSGK,10,49,0.846947222,0.008009727,0.040761341,-4.158325105,-4.166334832,-4.093278878,-4.134040219,other,other,17,62,0.909091305,0,0.00357867,-2.363339939,-2.363339939,-2.32591836,-2.32949703,other,other
P31040_IYQR(cit)AFGGQSLK_,SDHA(R171),P31040,IYQR(cit)AFGGQSLK,15,55,0.919469054,0,-0.003621422,-2.984449451,-2.984449451,-2.987166194,-2.983544772,other,other,14,49,0.601317139,-0.029938189,-0.009655767,-1.157552983,-1.127614794,-1.128795576,-1.119139809,other,other
P61978_ELR(cit)ENTQTTIK_,HNRNPK(R171),P61978,ELR(cit)ENTQTTIK,17,68,0.221302891,-0.032829022,-0.037514355,-3.977483873,-3.944654852,-3.957002702,-3.919488346,other,other,18,62,0.463092013,0,-0.053955215,-0.857552425,-0.857552425,-0.889976302,-0.836021087,other,other
P62081_AQLR(cit)ELNITAAK_,RPS7(R41),P62081,AQLR(cit)ELNITAAK,19,57,0.01889985,-0.020329337,-0.109178256,-3.417244332,-3.396914995,-3.484589579,-3.375411323,other,other,12,48,0.821484184,0,0.022493318,0.150012702,0.150012702,0.173894251,0.151400933,other,other
Q01995_R(cit)EFTESQLQEGK_,TAGLN(R161),Q01995,R(cit)EFTESQLQEGK,19,69,0.065756897,0.01895815,0.096207756,-5.877471956,-5.896430106,-5.803001737,-5.899209494,other,other,19,70,0.91138641,0,-0.012847306,-1.470927462,-1.470927462,-1.458046764,-1.445199457,other,other
Q06830_R(cit)TIAQDYGVLK_,PRDX1(R110),Q06830,R(cit)TIAQDYGVLK,15,51,0.901945998,-0.003666087,0.002795668,-3.315391284,-3.311725197,-3.324616389,-3.327412057,other,other,19,70,0.466342188,0,0.01377328,-1.276836707,-1.276836707,-1.24233334,-1.25610662,other,other
Q9UBQ7_R(cit)ILDAAGANLK_,GRHPR(R66),Q9UBQ7,R(cit)ILDAAGANLK,14,48,0.335144131,-0.017893578,-0.0667062,-2.980901064,-2.963007487,-3.022171194,-2.955464994,other,other,12,34,0.511218401,0,-0.054569589,-1.559808176,-1.559808176,-1.598869019,-1.54429943,other,other
A0A0B4J1V0_GLEWVGR(cit)IK_,IGHV3-15(R69),A0A0B4J1V0,GLEWVGR(cit)IK,9,25,0.605923256,0,-0.071832115,-4.558336699,-4.558336699,-4.582777174,-4.51094506,other,other,7,19,1,0,0.119759532,1.44299285,1.44299285,1.536970863,1.417211331,other,other
A0A0B4J1X5_GR(cit)FTISR(cit)DNAK_,IGHV3-74(R86;R91),A0A0B4J1X5,GR(cit)FTISR(cit)DNAK,10,48,0.093408422,-0.044619696,-0.085059792,-3.896255759,-3.851636062,-3.914379319,-3.829319527,other,other,#N/A,#N/A,#N/A,#N/A,#N/A,#N/A,#N/A,#N/A,#N/A,#N/A,#N/A
O00299_R(cit)TETVQK_,CLIC1(R51),O00299,R(cit)TETVQK,6,15,0.906308892,-0.03515169,-0.010795782,-1.881632795,-1.846481105,-1.856843119,-1.846047337,other,other,19,68,0.892588006,0,-0.003970598,-0.891990006,-0.891990006,-0.894970104,-0.890999506,other,other
O00483_MLR(cit)QIIGQAK_,NDUFA4(R3),O00483,MLR(cit)QIIGQAK,9,30,0.039654276,0,-0.041356661,-2.549565279,-2.549565279,-2.576519402,-2.535162741,other,other,#N/A,#N/A,#N/A,#N/A,#N/A,#N/A,#N/A,#N/A,#N/A,#N/A,#N/A
O15144_R(cit)NCFASVFEK_,ARPC2(R118),O15144,R(cit)NCFASVFEK,2,16,0.707496275,-0.018312424,-0.004881805,-3.277562796,-3.259250372,-3.277562796,-3.272680991,other,other,13,44,0.500280681,0.035253856,0.002355195,-1.37734188,-1.412595736,-1.395892273,-1.398247468,other,other
O15144_VLNR(cit)AR(cit)PDAEK_,ARPC2(R279; R281),O15144,VLNR(cit)AR(cit)PDAEK,14,43,0.334044774,0,-0.085883906,-2.494380107,-2.494380107,-2.566993576,-2.48110967,other,other,13,44,0.500280681,0.035253856,0.002355195,-1.37734188,-1.412595736,-1.395892273,-1.398247468,other,other
O43707_AETAANR(cit)ICK_,ACTN4(R280),O43707,AETAANR(cit)ICK,12,53,0.216817592,-0.049361398,-0.093516561,-3.3192086,-3.269847202,-3.353608515,-3.260091953,other,other,19,70,0.061248824,-0.022146959,-0.098306227,-1.998399851,-1.976252892,-2.035471986,-1.937165759,other,other
O43707_EGLLLWCQR(cit)K_,ACTN4(R175),O43707,EGLLLWCQR(cit)K,5,18,0.041917547,0,-0.197807895,-5.876063223,-5.876063223,-6.02994951,-5.832141615,other,down,19,70,0.061248824,-0.022146959,-0.098306227,-1.998399851,-1.976252892,-2.035471986,-1.937165759,other,other
O43866_SLSPSFR(cit)DR(cit)K_,CD5L(R296;R298),O43866,SLSPSFR(cit)DR(cit)K,5,27,0.979222872,-0.081240384,0.031310683,-3.33560797,-3.254367586,-3.207690939,-3.239001622,other,other,19,63,0.107651182,-0.054119346,-0.070466337,2.788898717,2.843018063,2.738706184,2.809172521,other,other
O75369_VR(cit)AGGPGLER_,FLNB(R2197),O75369,VR(cit)AGGPGLER,8,33,0.098824952,-0.028541539,-0.075604675,-2.435212448,-2.406670909,-2.440654774,-2.365050099,other,other,19,70,0.967719158,0,-0.009410795,-0.276924136,-0.276924136,-0.276987126,-0.267576331,other,other
O75390_ALGFPLER(cit)PK_,CS(R448),O75390,ALGFPLER(cit)PK,5,21,0.534425786,0.147057626,0.042205801,-3.239015448,-3.386073074,-3.348063927,-3.390269728,other,other,4,19,0.507030095,0.053721822,0.027519263,-1.066543708,-1.12026553,-1.068561952,-1.096081215,other,other
O75947_AR(cit)IVEYEK_,ATP5H(R111),O75947,AR(cit)IVEYEK,4,12,0.639994011,0,0.059752495,-2.409679246,-2.409679246,-2.427011952,-2.486764446,other,other,11,61,0.647508482,0.029984075,0.020254676,-2.035087497,-2.065071572,-2.053877594,-2.07413227,other,other
O95831_VR(cit)R(cit)EGVK_,AIFM1(R357;R358),O95831,VR(cit)R(cit)EGVK,8,26,0.256061819,-0.056901761,-0.066325816,-1.88178509,-1.824883329,-1.886073759,-1.819747943,other,other,19,69,0.035151699,-0.022664668,-0.067115604,-2.224761828,-2.20209716,-2.236372967,-2.169257363,other,other
P00325_AAGAAR(cit)IIAVDINK_,ADH1B(R219),P00325,AAGAAR(cit)IIAVDINK,5,21,0.464816853,0,-0.109455058,-4.689388439,-4.689388439,-4.873545352,-4.764090293,other,other,17,62,0.404968365,0,0.04106949,-1.095655238,-1.095655238,-1.03833633,-1.07940582,other,other
P00325_NDLGNPR(cit)GTLQDGTR(cit)R_,ADH1B(R121;R129),P00325,NDLGNPR(cit)GTLQDGTR(cit)R,13,49,0.169752319,0,-0.107904042,-2.139592827,-2.139592827,-2.203392003,-2.095487961,other,other,17,62,0.404968365,0,0.04106949,-1.095655238,-1.095655238,-1.03833633,-1.07940582,other,other
P00325_NDLGNPR(cit)GTLQDGTR_,ADH1B(R121),P00325,NDLGNPR(cit)GTLQDGTR,13,32,0.046356293,-0.052170073,-0.112701643,-2.628222305,-2.576052232,-2.648161997,-2.535460354,other,other,17,62,0.404968365,0,0.04106949,-1.095655238,-1.095655238,-1.03833633,-1.07940582,other,other
P00338_NR(cit)VIGSGCNLDSAR_,LDHA(R157),P00338,NR(cit)VIGSGCNLDSAR,9,29,0.021205453,-0.04450609,-0.152063859,-2.72944232,-2.68493623,-2.800713541,-2.648649682,other,down,19,70,0.384253843,0.026337954,0.010918653,-1.427089902,-1.453427856,-1.416763435,-1.427682088,other,other
P00338_QQEGESR(cit)LNLVQR_,LDHA(R106),P00338,QQEGESR(cit)LNLVQR,6,28,0.143104718,-0.003070289,-0.039226192,-3.028573548,-3.025503258,-3.058495495,-3.019269302,other,other,19,70,0.384253843,0.026337954,0.010918653,-1.427089902,-1.453427856,-1.416763435,-1.427682088,other,other
P00338_VTLTSEEEAR(cit)LK_,LDHA(R315),P00338,VTLTSEEEAR(cit)LK,5,9,0.345291302,-0.060317679,-0.056150304,-2.29992594,-2.239608261,-2.269375312,-2.213225009,other,other,19,70,0.384253843,0.026337954,0.010918653,-1.427089902,-1.453427856,-1.416763435,-1.427682088,other,other
P00387_SNPIIR(cit)TVK_,CYB5R3(R170),P00387,SNPIIR(cit)TVK,9,30,0.774349725,-0.005667679,-0.013225419,-0.270999046,-0.265331367,-0.243903257,-0.230677838,other,other,19,66,0.00277236,-0.02025109,-0.062953345,-1.738477164,-1.718226075,-1.752614598,-1.689661253,other,other
P00450_EYTDASFTNR(cit)K_,CP(R436),P00450,EYTDASFTNR(cit)K,5,23,0.050122503,-0.223568374,-0.189381419,-3.425465089,-3.201896715,-3.422041381,-3.232659963,other,other,19,69,0.239028485,0,0.033169515,2.63548263,2.63548263,2.636942655,2.60377314,other,other
P00558_IEAFR(cit)ASLSK_,PGK1(R151),P00558,IEAFR(cit)ASLSK,11,36,0.67695748,0,-0.038686295,-3.022717611,-3.022717611,-3.063015258,-3.024328964,other,other,19,70,0.191849332,0,-0.062355031,-2.074975303,-2.074975303,-2.113791756,-2.051436725,other,other
P00558_NNQITNNQR(cit)IK_,PGK1(R39),P00558,NNQITNNQR(cit)IK,17,58,0.001278132,-0.083744957,-0.134721643,-4.6029432,-4.519198243,-4.600130066,-4.465408423,other,other,19,70,0.191849332,0,-0.062355031,-2.074975303,-2.074975303,-2.113791756,-2.051436725,other,other
P00558_YAEAVTR(cit)AK_,PGK1(R330),P00558,YAEAVTR(cit)AK,10,53,0.033098887,-0.029161318,-0.114708522,-3.185481665,-3.156320347,-3.246978475,-3.132269953,other,other,19,70,0.191849332,0,-0.062355031,-2.074975303,-2.074975303,-2.113791756,-2.051436725,other,other
P00734_GR(cit)VTGWGNLK_,F2(R500),P00734,GR(cit)VTGWGNLK,15,59,0.095580253,-0.015582015,-0.077311102,-2.419764354,-2.404182339,-2.442360877,-2.365049775,other,other,19,70,0.831746101,0,-0.000420222,2.310543484,2.310543484,2.298595562,2.299015784,other,other
P00736_LR(cit)YTTEIIK_,C1R(R301),P00736,LR(cit)YTTEIIK,4,22,0.774890541,-0.070689695,-0.006660741,-2.737579243,-2.666889548,-2.687010286,-2.680349545,other,other,18,68,0.408445801,0,-0.022637142,0.963264531,0.963264531,0.941982185,0.964619327,other,other
P00738_LR(cit)TEGDGVYTLNDK_,HP(R59),P00738,LR(cit)TEGDGVYTLNDK,16,58,0.825778714,0,0.004076,-4.634855097,-4.634855097,-4.61317684,-4.61725284,other,other,19,70,0.01435005,0,0.290609378,2.475031479,2.475031479,2.623489332,2.332879953,other,up
P00738_LR(cit)TEGDGVYTLNNEK_,HP(R118),P00738,LR(cit)TEGDGVYTLNNEK,19,60,0.154648232,0.059052629,0.04498368,-3.821447447,-3.880500076,-3.811139707,-3.856123387,other,other,19,70,0.01435005,0,0.290609378,2.475031479,2.475031479,2.623489332,2.332879953,other,up
P00738_VGYVSGWGR(cit)NANFK_,HP(R286),P00738,VGYVSGWGR(cit)NANFK,11,36,0.245982974,-0.053968928,-0.048729688,-3.220161998,-3.16619307,-3.219012938,-3.170283249,other,other,19,70,0.01435005,0,0.290609378,2.475031479,2.475031479,2.623489332,2.332879953,other,up
P00747_NYR(cit)GTMSK_,PLG(R112),P00747,NYR(cit)GTMSK,7,39,0.096263357,-0.010780014,-0.129229764,-3.162826697,-3.152046683,-3.232545443,-3.10331568,other,other,19,70,0.685704811,0,-0.022453702,2.165816503,2.165816503,2.14612992,2.168583622,other,other
P00747_SPR(cit)PSSYK_,PLG(R629),P00747,SPR(cit)PSSYK,8,20,0.133345911,-0.027474256,-0.067180148,-2.523942866,-2.496468611,-2.571536374,-2.504356226,other,other,19,70,0.685704811,0,-0.022453702,2.165816503,2.165816503,2.14612992,2.168583622,other,other
P00751_ISVIR(cit)PSK_,CFB(R503),P00751,ISVIR(cit)PSK,4,16,0.266129341,-0.022513847,-0.110302938,-4.440997031,-4.418483185,-4.482297102,-4.371994164,other,other,19,70,0.080068686,0.006234021,0.080401222,2.226553732,2.220319711,2.263524704,2.183123482,other,other
P00966_EDFEEAR(cit)K_,ASS1(R48),P00966,EDFEEAR(cit)K,9,35,0.250251183,0,-0.145440487,-1.491611454,-1.491611454,-1.60042577,-1.454985284,other,other,19,70,0.188427551,-0.002990702,-0.043087142,-0.934794475,-0.931803774,-0.945688263,-0.902601121,other,other
P00966_GR(cit)NDLMEYAK_,ASS1(R157),P00966,GR(cit)NDLMEYAK,17,62,0.762094586,0,-0.011955833,-2.55130525,-2.55130525,-2.532548385,-2.520592552,other,other,19,70,0.188427551,-0.002990702,-0.043087142,-0.934794475,-0.931803774,-0.945688263,-0.902601121,other,other
P00966_QVEIAQR(cit)EGAK_,ASS1(R108),P00966,QVEIAQR(cit)EGAK,18,64,0.790226334,0.055428837,0.009093906,-3.14017203,-3.195600867,-3.163744448,-3.172838354,other,other,19,70,0.188427551,-0.002990702,-0.043087142,-0.934794475,-0.931803774,-0.945688263,-0.902601121,other,other
P00966_SQER(cit)VEGK_,ASS1(R344),P00966,SQER(cit)VEGK,6,26,0.051623695,-0.084611003,-0.109498858,-3.160236785,-3.075625782,-3.187228287,-3.077729429,other,other,19,70,0.188427551,-0.002990702,-0.043087142,-0.934794475,-0.931803774,-0.945688263,-0.902601121,other,other
P01008_ENAEQSR(cit)AAINK_,SERPINC1(R215),P01008,ENAEQSR(cit)AAINK,10,46,0.300684214,0,-0.051783805,-2.799365605,-2.799365605,-2.797227345,-2.745443539,other,other,10,50,0.605825588,0,-0.025579293,1.999161047,1.999161047,2.023581405,2.049160697,other,other
P01008_FSPENTR(cit)K_,SERPINC1(R267),P01008,FSPENTR(cit)K,8,34,0.677899605,0.037670847,0.013814609,-2.297040768,-2.334711614,-2.295283895,-2.309098504,other,other,10,50,0.605825588,0,-0.025579293,1.999161047,1.999161047,2.023581405,2.049160697,other,other
P01008_LVSANR(cit)LFGDK_,SERPINC1(R177),P01008,LVSANR(cit)LFGDK,3,24,0.622943547,0,-0.085703874,-5.622342161,-5.622342161,-5.736381753,-5.65067788,other,other,10,50,0.605825588,0,-0.025579293,1.999161047,1.999161047,2.023581405,2.049160697,other,other
P01009_FLENEDR(cit)R_,SERPINA1(R305),P01009,FLENEDR(cit)R,13,37,0.910398839,-0.075108865,-0.013542105,-2.875436095,-2.80032723,-2.865408544,-2.851866439,other,other,19,70,0.306854622,0,0.034322709,1.131822642,1.131822642,1.155873921,1.121551212,other,other
P01023_R(cit)TTVMVK_,A2M(R117),P01023,R(cit)TTVMVK,9,40,0.703638089,0,-0.018088114,-3.383200917,-3.383200917,-3.37814913,-3.360061016,other,other,19,70,0.011103176,-0.043589442,-0.084342479,2.064625592,2.108215034,2.038532562,2.122875041,other,other
P01023_YGAATFTR(cit)TGK_,A2M(R1271),P01023,YGAATFTR(cit)TGK,14,55,0.045659736,-0.003640035,-0.058998527,-3.406865505,-3.40322547,-3.444216982,-3.385218455,other,other,19,70,0.011103176,-0.043589442,-0.084342479,2.064625592,2.108215034,2.038532562,2.122875041,other,other
P01024_CR(cit)EALK_,C3(R1591),P01024,CR(cit)EALK,2,23,0.959784444,-0.037102305,-0.015969834,-2.238477453,-2.201375148,-2.238477453,-2.222507619,other,other,19,70,0.029614158,0.018347096,0.033634359,2.079486901,2.061139806,2.077422671,2.043788312,other,other
P01024_LGR(cit)EGVQK_,C3(R954),P01024,LGR(cit)EGVQK,15,48,0.922091996,0,-0.00063848,-1.363270851,-1.363270851,-1.384020438,-1.383381958,other,other,19,70,0.029614158,0.018347096,0.033634359,2.079486901,2.061139806,2.077422671,2.043788312,other,other
P01024_NR(cit)WEDPGK_,C3(R1219),P01024,NR(cit)WEDPGK,8,37,0.047799796,-0.084121805,-0.132785008,-2.815153671,-2.731031866,-2.864969746,-2.732184738,other,other,19,70,0.029614158,0.018347096,0.033634359,2.079486901,2.061139806,2.077422671,2.043788312,other,other
P01024_QLANGVDR(cit)YISK_,C3(R1427),P01024,QLANGVDR(cit)YISK,13,47,0.495885896,0,-0.049548825,-3.685658446,-3.685658446,-3.690972248,-3.641423422,other,other,19,70,0.029614158,0.018347096,0.033634359,2.079486901,2.061139806,2.077422671,2.043788312,other,other
P01024_TVAVR(cit)TLDPER_,C3(R945),P01024,TVAVR(cit)TLDPER,7,28,0.983439707,0.01885871,-0.032385255,-1.225602222,-1.244460932,-1.270262297,-1.237877042,other,other,19,70,0.029614158,0.018347096,0.033634359,2.079486901,2.061139806,2.077422671,2.043788312,other,other
P01042_AR(cit)VQVVAGK_,KNG1(R308),P01042,AR(cit)VQVVAGK,17,51,0.068209354,0.046394896,0.107344273,-1.973428193,-2.019823089,-1.929394994,-2.036739267,other,other,19,70,0.605867847,0,-0.004513849,1.989206774,1.989206774,1.978726194,1.983240042,other,other
P01833_AAGSR(cit)DVSLAK_,PIGR(R571),P01833,AAGSR(cit)DVSLAK,8,31,0.790353821,0.093304228,0.001313507,0.01275022,-0.080554008,0.006366773,0.005053266,other,other,11,33,0.079662361,-0.132851429,-0.050274794,-0.302846899,-0.16999547,-0.286538692,-0.236263899,other,other
P01871_VTER(cit)TVDK_,IGHM(R427),P01871,VTER(cit)TVDK,18,59,0.961132395,0.000599504,-0.009782075,-3.537343027,-3.537942531,-3.503812553,-3.494030479,other,other,19,69,0.380773852,0,-0.057515944,2.81153984,2.81153984,2.723915211,2.781431155,other,other
P01876_TIDR(cit)LAGK_,IGHA1(R331),P01876,TIDR(cit)LAGK,4,11,0.638563296,-0.025032007,0.087296605,-1.987995944,-1.962963937,-1.930333994,-2.0176306,other,other,19,70,0.557336929,0,0.034908375,2.275844207,2.275844207,2.266756985,2.23184861,other,other
P01876_WLQGSQELPR(cit)EK_,IGHA1(R273),P01876,WLQGSQELPR(cit)EK,19,59,0.493900582,0,-0.028394326,-4.061402499,-4.061402499,-4.05801297,-4.029618644,other,other,19,70,0.557336929,0,0.034908375,2.275844207,2.275844207,2.266756985,2.23184861,other,other
P02545_AAYEAELGDAR(cit)K_,LMNA(R89),P02545,AAYEAELGDAR(cit)K,2,17,0.748538012,0.06310633,0.022942801,-3.04772136,-3.110827689,-3.04772136,-3.070664161,other,other,19,70,0.927448549,0.034322383,-0.053921475,-1.368415406,-1.402737789,-1.396746685,-1.34282521,other,other
P02545_FVR(cit)LR(cit)NK_,LMNA(R453;R455),P02545,FVR(cit)LR(cit)NK,2,29,0.600810461,-0.056789076,-0.025826946,-1.722008379,-1.665219303,-1.722008379,-1.696181432,other,other,19,70,0.927448549,0.034322383,-0.053921475,-1.368415406,-1.402737789,-1.396746685,-1.34282521,other,other
P02545_ITR(cit)LQEK_,LMNA(R28),P02545,ITR(cit)LQEK,6,35,0.322213448,0.011692328,0.036858995,-1.50961342,-1.521305748,-1.511290171,-1.548149166,other,other,19,70,0.927448549,0.034322383,-0.053921475,-1.368415406,-1.402737789,-1.396746685,-1.34282521,other,other
P02545_NIYSEELR(cit)ETK_,LMNA(R216),P02545,NIYSEELR(cit)ETK,11,38,0.432508588,0.053345845,0.056668132,-0.915785425,-0.96913127,-0.946872862,-1.003540994,other,other,19,70,0.927448549,0.034322383,-0.053921475,-1.368415406,-1.402737789,-1.396746685,-1.34282521,other,other
P02647_ENGGAR(cit)LAEYHAK_,APOA1(R212),P02647,ENGGAR(cit)LAEYHAK,11,29,0.879366683,0,0.001916727,-3.319157378,-3.319157378,-3.348456734,-3.350373461,other,other,19,70,0.019966753,-0.005185314,-0.114292302,2.567493145,2.572678459,2.497215531,2.611507833,other,other
P02647_ETEGLR(cit)QEMSK_,APOA1(R107),P02647,ETEGLR(cit)QEMSK,10,33,0.107409298,-0.114785176,-0.135752164,-3.270292982,-3.155507806,-3.315626508,-3.179874345,other,other,19,70,0.019966753,-0.005185314,-0.114292302,2.567493145,2.572678459,2.497215531,2.611507833,other,other
P02647_LAAR(cit)LEALK_,APOA1(R201),P02647,LAAR(cit)LEALK,9,26,0.653719563,0,-0.038214844,-4.419041063,-4.419041063,-4.428591593,-4.39037675,other,other,19,70,0.019966753,-0.005185314,-0.114292302,2.567493145,2.572678459,2.497215531,2.611507833,other,other
P02649_LLR(cit)DADDLQK_,APOE(R168),P02649,LLR(cit)DADDLQK,8,33,0.540305807,-0.005477759,-0.01418615,-2.195767294,-2.190289535,-2.187404762,-2.173218612,other,other,19,70,0.018407185,-0.030448465,-0.104568882,2.016896867,2.047345332,1.960630207,2.065199089,other,other
P02655_LR(cit)DLYSK_,APOC2(R72),P02655,LR(cit)DLYSK,1,6,0.194567092,0.053231575,0.056321428,-0.605431418,-0.658662993,-0.605431418,-0.661752846,other,other,17,68,0.087733118,-0.003122128,-0.130960613,1.249805142,1.25292727,1.152402242,1.283362856,other,other
P02671_DLLPSR(cit)DR_,FGA(R216),P02671,DLLPSR(cit)DR,6,19,0.333314512,-0.064303397,-0.076370844,-1.284694211,-1.220390814,-1.289450219,-1.213079375,other,other,19,70,0.006906671,0.003572541,0.154848534,1.311533709,1.307961168,1.436382792,1.281534259,other,up
P02671_DR(cit)QHLPLIK_,FGA(R218),P02671,DR(cit)QHLPLIK,10,29,0.935507302,0,-0.022835218,-2.95767171,-2.95767171,-2.938696964,-2.915861746,other,other,19,70,0.006906671,0.003572541,0.154848534,1.311533709,1.307961168,1.436382792,1.281534259,other,up
P02671_GDKELR(cit)TGK_,FGA(R443),P02671,GDKELR(cit)TGK,6,22,0.263794046,-0.007821293,-0.062137914,-2.343893731,-2.336072438,-2.295295978,-2.233158064,other,other,19,70,0.006906671,0.003572541,0.154848534,1.311533709,1.307961168,1.436382792,1.281534259,other,up
P02671_GPR(cit)VVER_,FGA(R38),P02671,GPR(cit)VVER,4,18,0.891435342,0,-0.068004244,-2.261416248,-2.261416248,-2.340666715,-2.272662471,other,other,19,70,0.006906671,0.003572541,0.154848534,1.311533709,1.307961168,1.436382792,1.281534259,other,up
P02671_NVR(cit)AQLVDMK_,FGA(R160),P02671,NVR(cit)AQLVDMK,16,58,0.335334118,-0.001614386,-0.058214567,-2.14391341,-2.142299025,-2.1637478,-2.105533233,other,other,19,70,0.006906671,0.003572541,0.154848534,1.311533709,1.307961168,1.436382792,1.281534259,other,up
P02671_SCR(cit)GSCSR(cit)ALAR_,FGA(R181;R186),P02671,SCR(cit)GSCSR(cit)ALAR,10,31,0.975386549,0,-0.033475422,-2.881407249,-2.881407249,-2.860049641,-2.826574219,other,other,19,70,0.006906671,0.003572541,0.154848534,1.311533709,1.307961168,1.436382792,1.281534259,other,up
P02671_VTSGSTTTTR(cit)R(cit)SCSK_,FGA(R458;R459),P02671,VTSGSTTTTR(cit)R(cit)SCSK,17,63,0.078059837,-0.068842771,-0.098225582,-5.751226335,-5.682383564,-5.76420255,-5.665976969,other,other,19,70,0.006906671,0.003572541,0.154848534,1.311533709,1.307961168,1.436382792,1.281534259,other,up
P02675_ECEEIIR(cit)K_,FGB(R246),P02675,ECEEIIR(cit)K,18,58,0.164414937,0,-0.04627234,-3.432699481,-3.432699481,-3.474120248,-3.427847909,other,other,19,70,0.013185066,0.012138953,0.160827803,2.662332566,2.650193614,2.779577595,2.618749791,other,up
P02675_R(cit)EEAPSLR_,FGB(R53),P02675,R(cit)EEAPSLR,11,49,0.03943995,-0.012198804,-0.138500951,-1.232388851,-1.220190047,-1.307493262,-1.168992312,other,down,19,70,0.013185066,0.012138953,0.160827803,2.662332566,2.650193614,2.779577595,2.618749791,other,up
P02675_SILENLR(cit)SK_,FGB(R206),P02675,SILENLR(cit)SK,15,41,0.40339469,-0.011178627,-0.02553708,-2.755144545,-2.743965918,-2.702276874,-2.676739794,other,other,19,70,0.013185066,0.012138953,0.160827803,2.662332566,2.650193614,2.779577595,2.618749791,other,up
P02679_R(cit)LDGSVDFK_,FGG(R223),P02679,R(cit)LDGSVDFK,13,52,0.503107057,0,-0.083429667,-2.370146695,-2.370146695,-2.446051235,-2.362621567,other,other,19,70,0.021069457,0.010896716,0.174287042,2.448896361,2.437999646,2.57354822,2.399261178,other,up
P02679_TR(cit)WYSMK_,FGG(R401),P02679,TR(cit)WYSMK,3,19,1,0.157600347,0.026764066,-1.43153046,-1.589130807,-1.464253708,-1.491017774,other,other,19,70,0.021069457,0.010896716,0.174287042,2.448896361,2.437999646,2.57354822,2.399261178,other,up
P02749_ATVVYQGER(cit)VK_,APOH(R279),P02749,ATVVYQGER(cit)VK,17,67,0.129577247,-0.047054418,-0.055372786,-3.607037396,-3.559982978,-3.630560685,-3.5751879,other,other,18,68,0.867975973,-0.019379139,-0.007688617,3.654877578,3.674256717,3.651148096,3.658836713,other,other
P02749_LPECR(cit)EVK_,APOH(R201),P02749,LPECR(cit)EVK,7,31,0.097279876,-0.064199454,-0.073191353,-0.687068355,-0.622868901,-0.693010969,-0.619819617,other,other,18,68,0.867975973,-0.019379139,-0.007688617,3.654877578,3.674256717,3.651148096,3.658836713,other,other
P02751_LTVGLTR(cit)R(cit)GQPR_,FN1(R1035;R1036),P02751,LTVGLTR(cit)R(cit)GQPR,10,23,0.365790338,-0.084710013,-0.071368366,-1.591307316,-1.506597303,-1.542834404,-1.471466038,other,other,19,70,0.159634911,0,-0.135297734,1.725896587,1.725896587,1.633101428,1.768399162,other,other
P02751_SEPLIGR(cit)K_,FN1(R1988),P02751,SEPLIGR(cit)K,7,27,0.778829968,0,0.03175901,-3.417019043,-3.417019043,-3.395411514,-3.427170524,other,other,19,70,0.159634911,0,-0.135297734,1.725896587,1.725896587,1.633101428,1.768399162,other,other
P02774_SR(cit)LSNLIK_,GC(R232),P02774,SR(cit)LSNLIK,6,24,0.043039924,-0.094393959,-0.097126465,-1.518487089,-1.42409313,-1.527792229,-1.430665764,other,other,19,70,0.776959483,-0.00261389,-0.009254037,1.962127216,1.964741106,1.920357497,1.929611534,other,other
P02787_AVGNLR(cit)K_,TF(R682),P02787,AVGNLR(cit)K,8,30,0.136779026,-0.096482237,-0.117736651,-4.352063054,-4.255580818,-4.365935766,-4.248199115,other,other,19,70,0.116839872,-0.032057275,-0.055748271,2.50511538,2.537172655,2.474486477,2.530234748,other,other
P02787_DSGFQMNQLR(cit)GK_,TF(R132),P02787,DSGFQMNQLR(cit)GK,16,55,0.147527405,-0.015454385,-0.059624503,-4.556336588,-4.540882203,-4.597363499,-4.537738996,other,other,19,70,0.116839872,-0.032057275,-0.055748271,2.50511538,2.537172655,2.474486477,2.530234748,other,other
P02787_LHDR(cit)NTYEK_,TF(R663),P02787,LHDR(cit)NTYEK,19,69,0.220571586,-0.042122605,-0.071726916,-5.375535388,-5.333412783,-5.367531477,-5.295804561,other,other,19,70,0.116839872,-0.032057275,-0.055748271,2.50511538,2.537172655,2.474486477,2.530234748,other,other
P02787_VPPR(cit)MDAK_,TF(R327),P02787,VPPR(cit)MDAK,12,58,0.104096947,-0.010371729,-0.079138001,-2.689057273,-2.678685544,-2.708080772,-2.62894277,other,other,19,70,0.116839872,-0.032057275,-0.055748271,2.50511538,2.537172655,2.474486477,2.530234748,other,other
P02790_WDR(cit)ELISER_,HPX(R83),P02790,WDR(cit)ELISER,15,42,0.077696423,-0.007120047,-0.090807124,0.772777892,0.77989794,0.736565092,0.827372216,other,other,19,70,0.220880694,0.006415846,0.016132926,2.066561345,2.0601455,2.062394075,2.046261149,other,other
P04075_ADDGR(cit)PFPQVIK_,ALDOA(R92),P04075,ADDGR(cit)PFPQVIK,3,23,0.681967377,0,0.067369624,-2.981794044,-2.981794044,-2.929413008,-2.996782632,other,other,19,70,0.288093465,0,-0.017069355,-1.611850504,-1.611850504,-1.612309861,-1.595240505,other,other
P04075_R(cit)ALANSLACQGK_,ALDOA(R331),P04075,R(cit)ALANSLACQGK,12,30,0.875273803,0.009564706,-0.019496702,-2.143921215,-2.153485921,-2.133841245,-2.114344543,other,other,19,70,0.288093465,0,-0.017069355,-1.611850504,-1.611850504,-1.612309861,-1.595240505,other,other
P04083_R(cit)NNAQR(cit)QQIK_,ANXA1(R72;R77),P04083,R(cit)NNAQR(cit)QQIK,13,42,0.832044849,0,0.02154385,-3.082498147,-3.082498147,-3.063632371,-3.085176221,other,other,19,68,0.763207312,0,0.001053963,-0.860054156,-0.860054156,-0.859143451,-0.860197415,other,other
P04114_INSR(cit)FFGEGTK_,APOB(R297),P04114,INSR(cit)FFGEGTK,9,30,0.774417943,0,0.013620357,-4.091628983,-4.091628983,-4.107007792,-4.120628149,other,other,19,70,0.769215795,0.000273973,-0.038426062,0.785168183,0.78489421,0.797007248,0.83543331,other,other
P04114_NR(cit)NNALDFVTK_,APOB(R3212),P04114,NR(cit)NNALDFVTK,2,24,0.35022487,0.115554451,0.09769499,-4.280684323,-4.396238773,-4.280684323,-4.378379312,other,other,19,70,0.769215795,0.000273973,-0.038426062,0.785168183,0.78489421,0.797007248,0.83543331,other,other
P04406_LVTR(cit)AAFNSGK_,GAPDH(R20),P04406,LVTR(cit)AAFNSGK,7,21,0.87140814,0.027379176,-0.036169817,-1.101479684,-1.12885886,-1.161664507,-1.12549469,other,other,19,70,0.175190134,0,-0.048564479,-2.637060338,-2.637060338,-2.654706429,-2.60614195,other,other
P04406_VGVNGFGR(cit)IGR_,GAPDH(R13),P04406,VGVNGFGR(cit)IGR,1,13,1,0,0.11333474,-0.94048674,-0.94048674,-0.94048674,-1.05382148,other,other,19,70,0.175190134,0,-0.048564479,-2.637060338,-2.637060338,-2.654706429,-2.60614195,other,other
P04844_SVASR(cit)ATVLQK_,RPN2(R316),P04844,SVASR(cit)ATVLQK,17,63,0.108424412,0,-0.089355684,-3.487150216,-3.487150216,-3.564265912,-3.474910229,other,other,17,64,0.05885022,0,-0.078918026,-3.035897157,-3.035897157,-3.070478629,-2.991560603,other,other
P04844_TTR(cit)VTYPAK_,RPN2(R395),P04844,TTR(cit)VTYPAK,3,13,0.414701837,0.090750271,0.064451665,-1.912302659,-2.00305293,-1.97082172,-2.035273385,other,other,17,64,0.05885022,0,-0.078918026,-3.035897157,-3.035897157,-3.070478629,-2.991560603,other,other
P04899_NLR(cit)EDGEK_,GNAI2(R24),P04899,NLR(cit)EDGEK,6,15,1,0.002731677,0.073921514,-2.438853024,-2.441584701,-2.347344644,-2.421266158,other,other,#N/A,#N/A,#N/A,#N/A,#N/A,#N/A,#N/A,#N/A,#N/A,#N/A,#N/A
P05023_LNIPVSQVNPR(cit)DAK_,ATP1A1(R658),P05023,LNIPVSQVNPR(cit)DAK,4,27,0.048154848,-0.675687287,-0.764981214,-3.548459847,-2.87277256,-3.553178591,-2.788197376,down,down,19,70,0.504299695,0,-0.003472839,-0.622381196,-0.622381196,-0.603982612,-0.600509772,other,other
P05023_R(cit)AVAGDASESALLK_,ATP1A1(R445),P05023,R(cit)AVAGDASESALLK,7,26,0.790994815,0,0.024915187,-2.354258513,-2.354258513,-2.330479435,-2.355394622,other,other,19,70,0.504299695,0,-0.003472839,-0.622381196,-0.622381196,-0.603982612,-0.600509772,other,other
P05026_TEISFR(cit)PNDPK_,ATP1B1(R91),P05026,TEISFR(cit)PNDPK,7,26,0.981841088,0,0.032620365,-2.158221608,-2.158221608,-2.210592257,-2.243212622,other,other,19,70,0.326407765,0,-0.039936376,-3.199457136,-3.199457136,-3.20928427,-3.169347894,other,other
P05062_AHR(cit)FPALTQEQK_,ALDOB(R4),P05062,AHR(cit)FPALTQEQK,16,53,0.702166686,0.014897079,-0.00423694,-1.364159431,-1.37905651,-1.311722305,-1.307485366,other,other,19,70,0.656204224,0,-0.021383358,-1.978457725,-1.978457725,-2.000978053,-1.979594695,other,other
P05062_LFR(cit)NILK_,ALDOB(R95),P05062,LFR(cit)NILK,9,35,0.714150968,0,0.032655717,-4.857241701,-4.857241701,-4.866298663,-4.89895438,other,other,19,70,0.656204224,0,-0.021383358,-1.978457725,-1.978457725,-2.000978053,-1.979594695,other,other
P05062_VENTEENR(cit)R(cit)QFR_,ALDOB(R56;R57),P05062,VENTEENR(cit)R(cit)QFR,9,50,0.486944716,0,-0.026227872,-2.348182962,-2.348182962,-2.366947544,-2.340719673,other,other,19,70,0.656204224,0,-0.021383358,-1.978457725,-1.978457725,-2.000978053,-1.979594695,other,other
P05091_SR(cit)VVGNPFDSK_,ALDH2(R346),P05091,SR(cit)VVGNPFDSK,15,46,0.279949942,0,-0.035246206,-1.720770122,-1.720770122,-1.735246624,-1.700000418,other,other,19,70,0.430026068,-0.008920032,-0.018385027,-2.258506395,-2.249586364,-2.248359733,-2.229974706,other,other
P05141_AGAER(cit)EFR_,SLC25A5(R152),P05141,AGAER(cit)EFR,6,21,0.952811644,0,-0.027262375,-0.067602122,-0.067602122,-0.106791764,-0.079529389,other,other,8,19,0.094876083,-0.021067965,-0.102778866,-1.928272707,-1.907204742,-1.999663476,-1.89688461,other,other
P05141_TR(cit)LAADVGK_,SLC25A5(R140),P05141,TR(cit)LAADVGK,9,29,0.703490859,0.007766169,0.015195201,-1.884841002,-1.892607171,-1.890244427,-1.905439628,other,other,8,19,0.094876083,-0.021067965,-0.102778866,-1.928272707,-1.907204742,-1.999663476,-1.89688461,other,other
P05783_ASLENSLR(cit)EVEAR_,KRT18(R325),P05783,ASLENSLR(cit)EVEAR,5,19,0.579681408,0,-0.089757597,-1.387153288,-1.387153288,-1.468982942,-1.379225345,other,other,17,62,0.243590272,0.055223261,0.036890775,-1.572713704,-1.627936965,-1.550017114,-1.586907888,other,other
P05783_NR(cit)EELDK_,KRT18(R264),P05783,NR(cit)EELDK,1,4,0.716800517,-0.041485931,-0.022306639,-2.617652832,-2.576166901,-2.617652832,-2.595346193,other,other,17,62,0.243590272,0.055223261,0.036890775,-1.572713704,-1.627936965,-1.550017114,-1.586907888,other,other
P05783_TTTR(cit)R(cit)IVDGK_,KRT18(R411;R412),P05783,TTTR(cit)R(cit)IVDGK,9,53,0.935311801,0,-0.01997463,-2.794397325,-2.794397325,-2.911390666,-2.891416036,other,other,17,62,0.243590272,0.055223261,0.036890775,-1.572713704,-1.627936965,-1.550017114,-1.586907888,other,other
P06727_GR(cit)LTPYADEFK_,APOA4(R200),P06727,GR(cit)LTPYADEFK,9,39,0.7504848,0.061693087,-0.029550046,-3.073605382,-3.135298469,-3.1116939,-3.082143853,other,other,19,70,0.039025014,0,-0.127882849,2.284911688,2.284911688,2.176108548,2.303991397,other,other
P06733_FAGR(cit)NFR(cit)NPLAK_,ENO1(R426;R429),P06733,FAGR(cit)NFR(cit)NPLAK,14,38,0.298974515,-0.148474584,-0.086209797,-4.461140859,-4.312666276,-4.422124111,-4.335914314,other,other,19,70,0.523872144,0,-0.017687957,-2.781218385,-2.781218385,-2.781503666,-2.763815708,other,other
P06733_NFR(cit)NPLAK_,ENO1(R429),P06733,NFR(cit)NPLAK,8,23,0.051307487,-0.287905731,-0.237634506,-2.856915626,-2.569009895,-2.822404814,-2.584770309,other,other,19,70,0.523872144,0,-0.017687957,-2.781218385,-2.781218385,-2.781503666,-2.763815708,other,other
P06744_AALTR(cit)DPQFQK_,GPI(R6),P06744,AALTR(cit)DPQFQK,9,32,0.219728853,0,-0.038925347,-1.122437777,-1.122437777,-1.149154395,-1.110229049,other,other,19,69,0.089779598,-0.016844903,-0.054017451,-2.375164374,-2.358319471,-2.385039861,-2.331022411,other,other
P06744_STEEAR(cit)K_,GPI(R446),P06744,STEEAR(cit)K,6,13,0.757834595,0.060645394,0.021883192,-2.096248659,-2.156894053,-2.074961269,-2.09684446,other,other,19,69,0.089779598,-0.016844903,-0.054017451,-2.375164374,-2.358319471,-2.385039861,-2.331022411,other,other
P06748_SIR(cit)DTPAK_,NPM1(R197),P06748,SIR(cit)DTPAK,12,40,0.405973899,-0.010264725,-0.048688005,-2.543089346,-2.532824621,-2.583547696,-2.534859691,other,other,19,69,0.436498219,-0.012191759,-0.050866468,-1.130421684,-1.118229925,-1.097692095,-1.046825628,other,other
P07237_FFR(cit)NGDTASPK_,P4HB(R106),P07237,FFR(cit)NGDTASPK,4,20,1,0.016401787,-0.02362233,-2.892101143,-2.90850293,-2.918029484,-2.894407154,other,other,19,70,0.248759059,0,-0.048578445,-1.472569084,-1.472569084,-1.512469717,-1.463891272,other,other
P07305_GVGASGSFR(cit)LAK_,H1F0(R94),P07305,GVGASGSFR(cit)LAK,9,22,0.711306783,0.041941015,-0.027769014,-1.7133006,-1.755241615,-1.768279981,-1.740510967,other,other,16,61,0.074046621,-0.104158234,-0.030904382,-3.017016686,-2.912858452,-2.973723323,-2.942818941,other,other
P07355_IR(cit)SEFK_,ANXA2(R304),P07355,IR(cit)SEFK,9,40,0.011521245,-0.110956242,-0.165968006,-2.878153044,-2.767196803,-2.875427639,-2.709459633,other,down,6,27,0.55760858,-0.04516012,-0.036098804,-0.36820536,-0.32304524,-0.357913612,-0.321814808,other,other
P07355_VFDR(cit)YK_,ANXA2(R231),P07355,VFDR(cit)YK,6,24,0.774122176,-0.034265019,0.071861581,-3.016842071,-2.982577053,-2.957074568,-3.028936149,other,other,6,27,0.55760858,-0.04516012,-0.036098804,-0.36820536,-0.32304524,-0.357913612,-0.321814808,other,other
P07900_IR(cit)YESLTDPSK_,HSP90AA1(R60),P07900,IR(cit)YESLTDPSK,6,22,0.839575031,-0.022326066,-0.004180861,-2.78191326,-2.759587194,-2.772436236,-2.768255375,other,other,17,54,0.700268621,0,0.026930001,-0.911360545,-0.911360545,-0.853437297,-0.880367298,other,other
P08263_NR(cit)YFPAFEK_,GSTA1(R131),P08263,NR(cit)YFPAFEK,4,18,0.667719685,-0.007772517,-0.03975279,-3.237549302,-3.229776785,-3.211857036,-3.172104246,other,other,#N/A,#N/A,#N/A,#N/A,#N/A,#N/A,#N/A,#N/A,#N/A,#N/A,#N/A
P08263_SLEEAR(cit)K_,GSTA1(R217),P08263,SLEEAR(cit)K,6,22,0.932885758,0.009154406,-0.012890322,-4.016739222,-4.025893627,-4.014284855,-4.001394533,other,other,#N/A,#N/A,#N/A,#N/A,#N/A,#N/A,#N/A,#N/A,#N/A,#N/A,#N/A
P08263_TR(cit)ISNLPTVK_,GSTA1(R187),P08263,TR(cit)ISNLPTVK,5,19,0.389933869,0,-0.120960865,-1.298897609,-1.298897609,-1.365926668,-1.244965803,other,other,#N/A,#N/A,#N/A,#N/A,#N/A,#N/A,#N/A,#N/A,#N/A,#N/A,#N/A
P08311_VSMR(cit)R(cit)GTDTLR_,CTSG(R153;R154),P08311,VSMR(cit)R(cit)GTDTLR,8,23,0.348626839,-0.031844634,-0.078461285,-2.339440779,-2.307596145,-2.377180293,-2.298719008,other,other,#N/A,#N/A,#N/A,#N/A,#N/A,#N/A,#N/A,#N/A,#N/A,#N/A,#N/A
P08319_TSR(cit)FTCK_,ADH4(R135),P08319,TSR(cit)FTCK,9,32,0.053061163,-0.054979959,-0.082671035,-3.252685108,-3.197705149,-3.271955215,-3.18928418,other,other,19,70,0.080068686,0,-0.059190784,-1.629489938,-1.629489938,-1.658043924,-1.59885314,other,other
P08603_ENER(cit)FQYK_,CFH(R232),P08603,ENER(cit)FQYK,10,29,0.375558965,-0.016662346,-0.060791916,-3.647824296,-3.63116195,-3.656315747,-3.595523831,other,other,19,70,0.005925108,0.032134819,0.055929268,2.410450034,2.378315216,2.429865951,2.373936683,other,other
P08670_AR(cit)VEVER_,VIM(R170),P08670,AR(cit)VEVER,15,56,0.842126292,0,-0.007351488,-1.782696539,-1.782696539,-1.820018227,-1.812666738,other,other,19,70,0.769215795,-0.002762659,0.025794976,-1.30080915,-1.298046492,-1.249543376,-1.275338352,other,other
P08670_GTNESLER(cit)QMR_,VIM(R342),P08670,GTNESLER(cit)QMR,13,40,0.104720353,-0.002299146,-0.049514132,-2.306903597,-2.304604451,-2.324651602,-2.27513747,other,other,19,70,0.769215795,-0.002762659,0.025794976,-1.30080915,-1.298046492,-1.249543376,-1.275338352,other,other
P09210_NR(cit)YFPAFEK_,GSTA2(R131),P09210,NR(cit)YFPAFEK,4,18,0.080028496,-0.066618403,-0.109129385,-3.514462375,-3.447843971,-3.534882743,-3.425753358,other,other,4,7,0.772755569,-0.021121635,0.025671999,-3.518048943,-3.496927308,-3.498814637,-3.524486636,other,other
P09210_SLEESR(cit)K_,GSTA2(R217),P09210,SLEESR(cit)K,5,18,0.425730563,-0.008709914,-0.038786676,-2.944780967,-2.936071053,-2.970497625,-2.931710948,other,other,4,7,0.772755569,-0.021121635,0.025671999,-3.518048943,-3.496927308,-3.498814637,-3.524486636,other,other
P09382_VR(cit)GEVAPDAK_,LGALS1(R21),P09382,VR(cit)GEVAPDAK,10,43,0.184930655,0,-0.179626528,-2.023634244,-2.023634244,-2.141032732,-1.961406204,other,other,18,63,0.420172428,0,-0.028415737,-3.208685207,-3.208685207,-3.201973857,-3.17355812,other,other
P09493_VIESR(cit)AQK_,TPM1(R133),P09493,VIESR(cit)AQK,17,54,0.865117601,0.000745232,-0.044015368,-3.138039493,-3.138784726,-3.123523948,-3.07950858,other,other,19,66,0.322160224,-0.004992707,-0.031120529,-1.839398234,-1.834405527,-1.864563783,-1.833443254,other,other
P09669_FR(cit)VADQR(cit)K_,COX6C(R40;R45),P09669,FR(cit)VADQR(cit)K,14,50,0.001028836,-0.322851761,-0.338897292,-2.048775668,-1.725923907,-2.001519822,-1.66262253,down,down,9,27,0.659346875,-0.009169823,-0.011512109,-1.438353198,-1.429183375,-1.412694259,-1.40118215,other,other
P09871_QR(cit)IIGGSDADIK_,C1S(R437),P09871,QR(cit)IIGGSDADIK,4,19,0.769753886,-0.02624383,0.022216208,-2.371301934,-2.345058104,-2.341618928,-2.363835135,other,other,19,70,0.678282417,0,-0.0398935,2.229317565,2.229317565,2.176519425,2.216412925,other,other
P0C0L4_NPSR(cit)NNVPCSPK_,C4A(R63),P0C0L4,NPSR(cit)NNVPCSPK,2,15,0.409393114,0.027608041,0.009750234,-4.28056172,-4.308169761,-4.28056172,-4.290311954,other,other,#N/A,#N/A,#N/A,#N/A,#N/A,#N/A,#N/A,#N/A,#N/A,#N/A,#N/A
P0C0L4_QR(cit)VEASISK_,C4A(R1167),P0C0L4,QR(cit)VEASISK,5,27,0.896717291,-0.011223177,0.005051637,-2.9711664,-2.959943223,-2.939900059,-2.944951696,other,other,#N/A,#N/A,#N/A,#N/A,#N/A,#N/A,#N/A,#N/A,#N/A,#N/A,#N/A
P0C0L4_QYR(cit)NGESVK_,C4A(R582),P0C0L4,QYR(cit)NGESVK,0,13,NA,NA,NA,NA,-4.028666957,NA,-3.985007653,NA,NA,#N/A,#N/A,#N/A,#N/A,#N/A,#N/A,#N/A,#N/A,#N/A,#N/A,#N/A
P0C0L4_TFFR(cit)GLESQTK_,C4A(R297),P0C0L4,TFFR(cit)GLESQTK,7,29,0.352635206,0,-0.068036431,-3.904658108,-3.904658108,-3.93828502,-3.870248589,other,other,#N/A,#N/A,#N/A,#N/A,#N/A,#N/A,#N/A,#N/A,#N/A,#N/A,#N/A
P0DMV9_LR(cit)TACER_,HSPA1B(R264),P0DMV9,LR(cit)TACER,15,41,0.813466238,0,-0.001556723,-2.216738017,-2.216738017,-2.197752595,-2.196195872,other,other,#N/A,#N/A,#N/A,#N/A,#N/A,#N/A,#N/A,#N/A,#N/A,#N/A,#N/A
P0DMV9_R(cit)NSTIPTK_,HSPA1B(R416),P0DMV9,R(cit)NSTIPTK,5,30,0.586002322,0,0.076595094,-2.80756197,-2.80756197,-2.743770028,-2.820365122,other,other,#N/A,#N/A,#N/A,#N/A,#N/A,#N/A,#N/A,#N/A,#N/A,#N/A,#N/A
P10412_ER(cit)SGVSLAALK_,H1F4(R54),P10412,ER(cit)SGVSLAALK,8,33,0.005198171,-0.113084436,-0.166783959,-4.873109087,-4.76002465,-4.904095808,-4.737311849,other,down,4,23,0.78449275,-0.008948462,-0.042009928,-1.009776246,-1.000827784,-1.021972696,-0.979962768,other,other
P10515_GR(cit)VFVSPLAK_,DLAT(R354),P10515,GR(cit)VFVSPLAK,7,34,0.320786434,-0.044167966,-0.146137435,-3.303701486,-3.259533521,-3.348605638,-3.202468203,other,other,11,36,0.44294536,-0.013521002,-0.048854405,-1.283393465,-1.269872464,-1.276213522,-1.227359117,other,other
P10643_NAR(cit)CVQK_,C7(R687),P10643,NAR(cit)CVQK,1,16,0.755059713,-0.002410441,0.004721958,-2.049702638,-2.047292197,-2.049702638,-2.054424596,other,other,19,69,0.130523383,-0.093871586,-0.039369685,3.554513166,3.648384752,3.576049672,3.615419356,other,other
P10809_APGFGDNR(cit)K_,HSPD1(R309),P10809,APGFGDNR(cit)K,5,15,0.093916188,-0.090582866,-0.1349936,-4.237194067,-4.146611201,-4.173886876,-4.038893277,other,other,19,70,0.1396431,-0.005896159,-0.07215148,-2.454331689,-2.44843553,-2.430309941,-2.358158461,other,other
P11021_DNR(cit)AVQK_,HSPA5(R283),P11021,DNR(cit)AVQK,15,49,0.58289771,0,0.01466023,-2.620995538,-2.620995538,-2.578600521,-2.593260751,other,other,19,70,0.228606931,0,-0.035022602,-1.153462403,-1.153462403,-1.178288133,-1.14326553,other,other
P11168_R(cit)LR(cit)GYDDVTK_,SLC2A2(R262;R264),P11168,R(cit)LR(cit)GYDDVTK,5,13,0.839055513,0,-0.001691254,-2.460421921,-2.460421921,-2.457674064,-2.455982809,other,other,#N/A,#N/A,#N/A,#N/A,#N/A,#N/A,#N/A,#N/A,#N/A,#N/A,#N/A
P11177_VSR(cit)GLWK_,PDHB(R71),P11177,VSR(cit)GLWK,6,11,0.883645766,-0.028910967,-0.017016107,-1.933197653,-1.904286686,-1.920248153,-1.903232046,other,other,10,25,0.174094798,-0.010531245,-0.064986136,-2.333676003,-2.323144758,-2.352584625,-2.287598489,other,other
P11310_EFQATAR(cit)K_,ACADM(R53),P11310,EFQATAR(cit)K,14,27,0.320437755,0,-0.065566479,-2.6976291,-2.6976291,-2.736335893,-2.670769414,other,other,17,66,0.407989962,0,-0.045072515,-0.240161173,-0.240161173,-0.267582924,-0.222510408,other,other
P12111_FR(cit)QSSPDSVK_,COL6A3(R1938),P12111,FR(cit)QSSPDSVK,11,31,0.302576248,0.08513947,0.066989163,-2.467929782,-2.553069252,-2.459018462,-2.526007626,other,other,19,70,0.105498229,-0.01261347,-0.064239335,-0.703170102,-0.690556632,-0.723131756,-0.658892421,other,other
P12111_SSDR(cit)VDGPASNLK_,COL6A3(R955),P12111,SSDR(cit)VDGPASNLK,8,34,0.422997195,-0.015008367,-0.037723407,-2.637569647,-2.622561281,-2.638613631,-2.600890225,other,other,19,70,0.105498229,-0.01261347,-0.064239335,-0.703170102,-0.690556632,-0.723131756,-0.658892421,other,other
P12277_R(cit)LR(cit)LQK_,CKB(R314;R316),P12277,R(cit)LR(cit)LQK,9,22,0.104037003,-0.05819585,-0.054097062,-0.856863082,-0.798667232,-0.861722992,-0.80762593,other,other,13,35,0.657885387,0,-0.108167085,-2.539963074,-2.539963074,-2.61718128,-2.509014195,other,other
P12814_EAMLR(cit)QK_,ACTN1(R418),P12814,EAMLR(cit)QK,4,17,0.177150199,-0.153402976,-0.140767457,-1.263265912,-1.109862936,-1.220928298,-1.080160841,other,other,18,66,0.213725933,0,-0.003919094,-1.548710274,-1.548710274,-1.516958334,-1.51303924,other,other
P13073_VELYR(cit)IK_,COX4I1(R83),P13073,VELYR(cit)IK,4,13,0.201680672,0.459163865,0.268380234,-1.835366096,-2.29452996,-2.024289992,-2.292670226,other,other,19,65,0.145397014,-0.02581277,-0.028797696,-0.681965867,-0.656153097,-0.682565976,-0.653768281,other,other
P13611_SPPVR(cit)GSLSGK_,VCAN(R33),P13611,SPPVR(cit)GSLSGK,4,23,0.430817696,0.057181931,0.055318484,-0.989420368,-1.046602298,-1.008027152,-1.063345636,other,other,2,15,0.495929399,-0.190515327,-0.198506441,-1.569220059,-1.378704732,-1.569220059,-1.370713618,other,other
P13639_GEGQLGPAER(cit)AK_,EEF2(R249),P13639,GEGQLGPAER(cit)AK,13,47,0.485310041,-0.027719041,-0.006691371,-1.217820866,-1.190101825,-1.17075926,-1.16406789,other,other,19,70,0.103338332,-0.022185131,-0.048336417,-1.035687316,-1.013502186,-1.028306262,-0.979969845,other,other
P13667_R(cit)FDVSGYPTLK_,PDIA4(R246),P13667,R(cit)FDVSGYPTLK,4,9,0.876526346,0.103541278,-0.020108108,-3.161929593,-3.265470871,-3.225326528,-3.20521842,other,other,19,70,0.598820097,-0.002885456,-0.038001862,-1.936516014,-1.933630558,-1.96250518,-1.924503318,other,other
P13804_VVVSGGR(cit)GLK_,ETFA(R223),P13804,VVVSGGR(cit)GLK,6,30,0.859751549,0.12433355,0.027608783,-3.015081208,-3.139414757,-2.946007312,-2.973616094,other,other,15,34,0.38288163,-0.024933172,-0.036707834,-1.787689125,-1.762755953,-1.81080642,-1.774098587,other,other
P14618_APIIAVTR(cit)NPQTAR_,PKM(R455),P14618,APIIAVTR(cit)NPQTAR,16,53,0.965211437,0,-0.033070981,-2.930475237,-2.930475237,-2.95141296,-2.918341979,other,other,19,70,0.517304986,-0.009132629,-0.021576269,-2.394175222,-2.385042593,-2.373756364,-2.352180095,other,other
P14618_AR(cit)GFFK_,PKM(R500),P14618,AR(cit)GFFK,4,23,0.050468791,-0.316442127,-0.429166913,-4.147256497,-3.83081437,-4.204696637,-3.775529724,other,other,19,70,0.517304986,-0.009132629,-0.021576269,-2.394175222,-2.385042593,-2.373756364,-2.352180095,other,other
P14625_IYFMAGSSR(cit)K_,HSP90B1(R546),P14625,IYFMAGSSR(cit)K,0,13,NA,NA,NA,NA,-3.140680554,NA,-3.086973616,NA,NA,19,70,0.384253843,0,-0.019666046,-2.682583278,-2.682583278,-2.654832822,-2.635166776,other,other
P15311_AQAR(cit)EEK_,EZR(R310),P15311,AQAR(cit)EEK,7,40,0.443770043,-0.004016608,-0.071124971,-3.907847059,-3.903830451,-3.959137895,-3.888012924,other,other,15,53,0.538014367,0.012172764,0.02584058,-0.808565573,-0.820738337,-0.797885675,-0.823726255,other,other
P15311_TLR(cit)QIR(cit)QGNTK_,EZR(R569;R572),P15311,TLR(cit)QIR(cit)QGNTK,7,39,0.011467079,-0.147098083,-0.142623588,-3.827775764,-3.680677681,-3.796360893,-3.653737305,down,down,15,53,0.538014367,0.012172764,0.02584058,-0.808565573,-0.820738337,-0.797885675,-0.823726255,other,other
P15311_VSAQEVR(cit)K_,EZR(R71),P15311,VSAQEVR(cit)K,11,44,0.308924327,-0.066513973,-0.079699849,-2.316387185,-2.249873212,-2.335342284,-2.255642435,other,other,15,53,0.538014367,0.012172764,0.02584058,-0.808565573,-0.820738337,-0.797885675,-0.823726255,other,other
P15924_QR(cit)TQEELR_,DSP(R1649),P15924,QR(cit)TQEELR,4,16,0.962117759,0.081313598,-0.068028847,-1.802266774,-1.883580372,-1.876651595,-1.808622748,other,other,#N/A,#N/A,#N/A,#N/A,#N/A,#N/A,#N/A,#N/A,#N/A,#N/A,#N/A
P18077_TR(cit)VIWGK_,RPL35A(R68),P18077,TR(cit)VIWGK,2,14,0.175867176,-0.094842622,-0.146465004,-2.31803732,-2.223194697,-2.31803732,-2.171572316,other,other,13,48,0.844933532,-0.007292472,-0.018938603,-2.533075676,-2.525783205,-2.493538373,-2.47459977,other,other
P18206_NR(cit)NFTVEK_,VCL(R230),P18206,NR(cit)NFTVEK,9,30,0.13891835,-0.042168199,-0.093753256,-1.887565141,-1.845396943,-1.904667047,-1.810913792,other,other,19,70,0.076640187,0,-0.056796634,-1.219389808,-1.219389808,-1.251428475,-1.194631841,other,other
P18621_NTR(cit)ETAQAIK_,RPL17(R30),P18621,NTR(cit)ETAQAIK,8,15,0.457336142,0.018369088,-0.114823332,-1.730898321,-1.749267409,-1.760115271,-1.645291939,other,other,4,12,0.201576239,0.060047686,0.048822605,-2.196256574,-2.256304259,-2.191253909,-2.240076514,other,other
P19338_GQNQDYR(cit)GGK_,NCL(R474),P19338,GQNQDYR(cit)GGK,13,41,0.335265065,0,-0.050046212,-4.121977221,-4.121977221,-4.147054831,-4.09700862,other,other,19,70,0.815996539,0.026319945,-0.019258634,-0.764663846,-0.790983791,-0.768019823,-0.748761189,other,other
P19827_AAISGENAGLVR(cit)ASGR_,ITIH1(R137),P19827,AAISGENAGLVR(cit)ASGR,6,20,0.643268294,-0.008648184,-0.002106616,-2.666108269,-2.657460086,-2.640497182,-2.638390565,other,other,14,64,0.767260659,0,0.012103154,-0.121936085,-0.121936085,-0.120266362,-0.132369516,other,other
P19827_VTYDVSR(cit)DK_,ITIH1(R264),P19827,VTYDVSR(cit)DK,4,25,1,-0.034159024,-0.053258876,-1.381746615,-1.347587591,-1.36397608,-1.310717204,other,other,14,64,0.767260659,0,0.012103154,-0.121936085,-0.121936085,-0.120266362,-0.132369516,other,other
P20962_R(cit)AAEEEDEADPK_,PTMS(R81),P20962,R(cit)AAEEEDEADPK,4,24,0.356037641,-0.07758702,-0.10629622,-2.457312792,-2.379725772,-2.459332022,-2.353035802,other,other,3,18,0.268769496,-0.053171733,-0.139124651,-0.453844611,-0.400672879,-0.46853819,-0.329413539,other,other
P21333_AEISFEDR(cit)K_,FLNA(R2288),P21333,AEISFEDR(cit)K,11,36,0.501907948,0.046677394,0.012138725,-2.538394738,-2.585072132,-2.551555004,-2.563693729,other,other,19,70,0.0818291,0,-0.061176688,-1.737315705,-1.737315705,-1.752611728,-1.69143504,other,other
P21333_R(cit)IANLQTDLSDGLR_,FLNA(R63),P21333,R(cit)IANLQTDLSDGLR,8,19,0.374759287,0.012738402,0.117866345,-1.78408134,-1.796819742,-1.694022758,-1.811889103,other,other,19,70,0.0818291,0,-0.061176688,-1.737315705,-1.737315705,-1.752611728,-1.69143504,other,other
P21333_R(cit)LTVSSLQESGLK_,FLNA(R2334),P21333,R(cit)LTVSSLQESGLK,13,42,0.013858344,-0.120372207,-0.128214114,-3.018563631,-2.898191424,-2.986345644,-2.85813153,other,other,19,70,0.0818291,0,-0.061176688,-1.737315705,-1.737315705,-1.752611728,-1.69143504,other,other
P21695_VAEAFAR(cit)TGK_,GPD1(R279),P21695,VAEAFAR(cit)TGK,7,15,0.203860948,-0.082111447,-0.122842302,-2.27728291,-2.195171463,-2.297979298,-2.175136995,other,other,17,59,0.038394822,-0.034781226,-0.057676037,-2.599364396,-2.56458317,-2.592828768,-2.53515273,other,other
P21796_SAR(cit)DVFTK_,VDAC1(R15),P21796,SAR(cit)DVFTK,15,52,0.38262319,-0.030418681,0.003647902,-1.731459296,-1.701040615,-1.710952768,-1.714600671,other,other,19,70,0.261430296,-0.005296966,-0.019220526,-2.30578916,-2.300492194,-2.328353849,-2.309133323,other,other
P21796_SR(cit)VTQSNFAVGYK_,VDAC1(R163),P21796,SR(cit)VTQSNFAVGYK,7,34,0.91705177,0,0.014763436,-3.179568113,-3.179568113,-3.170261526,-3.185024962,other,other,19,70,0.261430296,-0.005296966,-0.019220526,-2.30578916,-2.300492194,-2.328353849,-2.309133323,other,other
P21810_AFSPLR(cit)K_,BGN(R138),P21810,AFSPLR(cit)K,6,16,0.179649687,-0.144078808,-0.123864451,-4.881020831,-4.736942024,-4.77501421,-4.651149759,other,other,16,52,0.203969882,-0.04216112,-0.029226354,-0.064701672,-0.022540553,-0.042218506,-0.012992152,other,other
P22626_LTDCVVMR(cit)DPASK_,HNRNPA2B1(R54),P22626,LTDCVVMR(cit)DPASK,8,17,0.410689151,0,-0.047809457,-1.6889973,-1.6889973,-1.677881697,-1.63007224,other,other,18,56,0.863335024,0,0.000504617,-1.583653173,-1.583653173,-1.574545937,-1.575050554,other,other
P22626_TLETVPLER(cit)K_,HNRNPA2B1(R12),P22626,TLETVPLER(cit)K,12,41,0.922437927,-0.040491121,0.009015006,-2.683828273,-2.643337152,-2.601765414,-2.61078042,other,other,18,56,0.863335024,0,0.000504617,-1.583653173,-1.583653173,-1.574545937,-1.575050554,other,other
P22695_ANYR(cit)GGEIR_,UQCRC2(R254),P22695,ANYR(cit)GGEIR,4,13,0.632513617,0.012432077,-0.046626619,-1.604885306,-1.617317382,-1.59179327,-1.545166651,other,other,17,65,0.392385724,0,-0.033684319,-2.059107561,-2.059107561,-2.094085391,-2.060401072,other,other
P23284_VLEGMEVVR(cit)K_,PPIB(R180),P23284,VLEGMEVVR(cit)K,6,34,0.301871259,-0.069642291,-0.049186034,-3.214274547,-3.144632256,-3.225319961,-3.176133927,other,other,17,67,0.068322852,-0.009925866,-0.070425829,-1.794059829,-1.784133963,-1.825317564,-1.754891735,other,other
P24752_R(cit)VDFSK_,ACAT1(R258),P24752,R(cit)VDFSK,6,11,0.244853311,-0.070250084,-0.110383035,-2.877372159,-2.807122075,-2.925709391,-2.815326356,other,other,19,70,0.011428461,-0.032167964,-0.058223141,-2.793426642,-2.761258678,-2.799162923,-2.740939782,other,other
P25705_AVDSLVPIGR(cit)GQR_,ATP5A1(R204),P25705,AVDSLVPIGR(cit)GQR,11,31,0.606029203,-0.029269436,-0.023612301,-1.432616788,-1.403347352,-1.443546191,-1.419933891,other,other,19,70,0.627230266,0,-0.012124359,-1.913211523,-1.913211523,-1.896354917,-1.884230558,other,other
P25705_ELIIGDR(cit)QTGK_,ATP5A1(R214),P25705,ELIIGDR(cit)QTGK,4,16,0.469009656,0,-0.037385025,-2.134211674,-2.134211674,-2.151884444,-2.114499419,other,other,19,70,0.627230266,0,-0.012124359,-1.913211523,-1.913211523,-1.896354917,-1.884230558,other,other
P25705_ISVR(cit)EPMQTGIK_,ATP5A1(R186),P25705,ISVR(cit)EPMQTGIK,18,56,0.133899683,-0.000594507,-0.073065863,-2.27527443,-2.274679923,-2.330348324,-2.257282461,other,other,19,70,0.627230266,0,-0.012124359,-1.913211523,-1.913211523,-1.896354917,-1.884230558,other,other
P25705_R(cit)LTDADAMK_,ATP5A1(R262),P25705,R(cit)LTDADAMK,17,57,0.000258028,-0.039769655,-0.258611108,-2.84613166,-2.806362005,-2.980314272,-2.721703164,other,down,19,70,0.627230266,0,-0.012124359,-1.913211523,-1.913211523,-1.896354917,-1.884230558,other,other
P25705_R(cit)STVAQLVK_,ATP5A1(R253),P25705,R(cit)STVAQLVK,7,17,0.695492775,0,-0.044389876,-2.243921678,-2.243921678,-2.265441936,-2.22105206,other,other,19,70,0.627230266,0,-0.012124359,-1.913211523,-1.913211523,-1.896354917,-1.884230558,other,other
P25705_VGSAAQTR(cit)AMK_,ATP5A1(R424),P25705,VGSAAQTR(cit)AMK,6,19,0.158733299,-0.008021841,-0.126071294,-1.994570794,-1.986548953,-2.067502608,-1.941431314,other,other,19,70,0.627230266,0,-0.012124359,-1.913211523,-1.913211523,-1.896354917,-1.884230558,other,other
P27348_YLAEVACGDDR(cit)K_,YWHAQ(R138),P27348,YLAEVACGDDR(cit)K,8,17,0.155443185,-0.069232688,-0.07361815,-3.249779919,-3.180547231,-3.275945513,-3.202327364,other,other,14,41,0.587253661,-0.02594073,-0.022762432,-2.149176689,-2.123235959,-2.177986197,-2.155223765,other,other
P29401_GR(cit)GITGVEDK_,TKT(R246),P29401,GR(cit)GITGVEDK,16,56,0.293000047,0,-0.046637147,-2.982498842,-2.982498842,-3.005925243,-2.959288096,other,other,19,70,0.021069457,-0.041366982,-0.103275921,-1.643316173,-1.601949192,-1.648752037,-1.545476116,other,other
P30041_R(cit)VATPVDWK_,PRDX6(R174),P30041,R(cit)VATPVDWK,12,39,0.141711105,-0.02854273,-0.060456382,-2.650544979,-2.622002249,-2.660462306,-2.600005924,other,other,19,64,0.200220861,-0.00586763,-0.04494405,-1.49200468,-1.48613705,-1.498263125,-1.453319075,other,other
P30050_EPPR(cit)DR(cit)K_,RPL12(R90;R92),P30050,EPPR(cit)DR(cit)K,6,16,0.47302026,0,-0.049592886,-0.308079792,-0.308079792,-0.351383464,-0.301790578,other,other,6,15,0.506765148,-0.05650835,-0.013425057,-3.987149866,-3.930641516,-3.98140798,-3.967982923,other,other
P30086_VASFR(cit)K_,PEBP1(R155),P30086,VASFR(cit)K,9,25,0.0640829,-0.064275286,-0.060037185,-4.652234518,-4.587959232,-4.628642486,-4.5686053,other,other,17,62,0.909091305,0,0.00357867,-2.363339939,-2.363339939,-2.32591836,-2.32949703,other,other
P30101_LNFAVASR(cit)K_,PDIA3(R304),P30101,LNFAVASR(cit)K,4,17,0.419452384,0.082585529,0.005911341,-3.083222395,-3.165807924,-3.119704026,-3.125615366,other,other,19,70,0.188427551,0,-0.0231194,-1.464864663,-1.464864663,-1.4628327,-1.4397133,other,other
P31327_ASR(cit)SFPFVSK_,CPS1(R1262),P31327,ASR(cit)SFPFVSK,3,9,0.456376199,-0.014326486,-0.077388888,-1.639482911,-1.625156425,-1.723555884,-1.646166996,other,other,19,70,0.620073472,-0.000632742,-0.019417314,-1.622868696,-1.622235954,-1.618617296,-1.599199982,other,other
P31327_EWPSNLDLR(cit)K_,CPS1(R840),P31327,EWPSNLDLR(cit)K,13,40,0.088557641,-0.477827734,-0.441986611,-1.948383566,-1.470555833,-1.957926995,-1.515940384,other,other,19,70,0.620073472,-0.000632742,-0.019417314,-1.622868696,-1.622235954,-1.618617296,-1.599199982,other,other
P31327_LR(cit)DADPILR_,CPS1(R1319),P31327,LR(cit)DADPILR,7,20,0.048298461,0.10592289,0.382575705,-2.090669918,-2.196592808,-1.903572722,-2.286148426,other,up,19,70,0.620073472,-0.000632742,-0.019417314,-1.622868696,-1.622235954,-1.618617296,-1.599199982,other,other
P31930_NR(cit)PGSALEK_,UQCRC1(R104),P31930,NR(cit)PGSALEK,15,53,0.104574257,0,-0.084010813,-3.142996156,-3.142996156,-3.176617073,-3.092606259,other,other,7,35,0.163328648,0.053401796,0.105104293,-1.211070068,-1.264471864,-1.184992447,-1.290096739,other,other
P32119_ASGNAR(cit)IGK_,PRDX2(R7),P32119,ASGNAR(cit)IGK,4,12,0.484864121,0.161125876,0.096146547,-1.636888565,-1.798014441,-1.636888565,-1.733035112,other,other,19,70,0.571008326,0.005210689,-0.048914043,-1.654079089,-1.659289778,-1.638546691,-1.589632647,other,other
P35268_AGNLGGGVVTIER(cit)SK_,RPL22(R65),P35268,AGNLGGGVVTIER(cit)SK,4,22,0.971002947,0,-0.02050851,-3.952521769,-3.952521769,-3.972465267,-3.951956757,other,other,9,28,0.200088204,0.010509393,0.117456225,-2.063293418,-2.073802811,-2.012283428,-2.129739652,other,other
P35542_AEEWGR(cit)SGK_,SAA4(R113),P35542,AEEWGR(cit)SGK,7,17,0.668232276,0.002453388,-0.015865714,-2.677975377,-2.680428765,-2.624431299,-2.608565585,other,other,17,57,0.06190348,0,0.082238069,3.79500136,3.79500136,3.84861734,3.766379271,other,other
P35579_ASR(cit)EEILAQAK_,MYH9(R1661),P35579,ASR(cit)EEILAQAK,9,45,0.034603958,0,-0.111529093,-3.517614188,-3.517614188,-3.574253517,-3.462724424,other,other,19,70,0.236523695,0,-0.025363236,-1.61673675,-1.61673675,-1.598407798,-1.573044561,other,other
P35579_ER(cit)QAACK_,MYH9(R1830),P35579,ER(cit)QAACK,9,17,0.480879661,0.012229415,0.016767773,-0.348095912,-0.360325327,-0.313554913,-0.330322686,other,other,19,70,0.236523695,0,-0.025363236,-1.61673675,-1.61673675,-1.598407798,-1.573044561,other,other
P35579_NENAR(cit)QQLER_,MYH9(R1780),P35579,NENAR(cit)QQLER,3,29,0.644737185,0,-0.03806422,-2.129920156,-2.129920156,-2.155093004,-2.117028784,other,other,19,70,0.236523695,0,-0.025363236,-1.61673675,-1.61673675,-1.598407798,-1.573044561,other,other
P35749_ASR(cit)DEIFATAK_,MYH11(R1668),P35749,ASR(cit)DEIFATAK,13,53,0.730492522,-0.001877401,-0.016152221,-2.607174889,-2.605297488,-2.562884178,-2.546731957,other,other,19,70,0.557336929,-0.000760277,-0.014209231,-1.802625242,-1.801864965,-1.797577493,-1.783368262,other,other
P35749_NESAR(cit)QQLER_,MYH11(R1787),P35749,NESAR(cit)QQLER,6,23,0.807261658,0.070303338,0.048730564,-3.891764219,-3.962067557,-3.842970727,-3.891701291,other,other,19,70,0.557336929,-0.000760277,-0.014209231,-1.802625242,-1.801864965,-1.797577493,-1.783368262,other,other
P35749_R(cit)LVWVPSEK_,MYH11(R34),P35749,R(cit)LVWVPSEK,8,35,0.011369727,-0.029781948,-0.099804767,-2.571145332,-2.541363384,-2.598035653,-2.498230887,other,other,19,70,0.557336929,-0.000760277,-0.014209231,-1.802625242,-1.801864965,-1.797577493,-1.783368262,other,other
P35749_VGR(cit)DVVQK_,MYH11(R405),P35749,VGR(cit)DVVQK,15,49,0.041738984,-0.000223199,-0.126564611,-2.400540631,-2.400317432,-2.48601039,-2.359445779,other,other,19,70,0.557336929,-0.000760277,-0.014209231,-1.802625242,-1.801864965,-1.797577493,-1.783368262,other,other
P37802_DVGR(cit)PQPGR_,TAGLN2(R44),P37802,DVGR(cit)PQPGR,0,1,NA,NA,NA,NA,-0.406133741,NA,-0.406133741,NA,NA,19,63,0.810746359,0,-0.024099919,-0.838674774,-0.838674774,-0.784377235,-0.760277316,other,other
P38646_LINR(cit)NTTIPTK_,HSPA9(R460),P38646,LINR(cit)NTTIPTK,9,41,0.409227745,0.012011984,0.035893878,-2.890071408,-2.902083392,-2.842234947,-2.878128826,other,other,19,59,0.179863161,0,-0.051572244,-0.559537951,-0.559537951,-0.592920732,-0.541348488,other,other
P38646_R(cit)ETGVDLTK_,HSPA9(R292),P38646,R(cit)ETGVDLTK,6,20,0.34086293,-0.025636447,-0.101264773,-2.475389707,-2.44975326,-2.532325057,-2.431060283,other,other,19,59,0.179863161,0,-0.051572244,-0.559537951,-0.559537951,-0.592920732,-0.541348488,other,other
P39023_LLPLR(cit)QK_,RPL3(R174),P39023,LLPLR(cit)QK,6,34,0.050168369,-0.091595349,-0.087434237,-1.111503798,-1.019908449,-1.110155915,-1.022721679,other,other,19,63,0.463059603,0,-0.036537997,-0.669688919,-0.669688919,-0.693357485,-0.656819488,other,other
P40429_R(cit)GQAALDR(cit)LK_,RPL13A(R94;R101),P40429,R(cit)GQAALDR(cit)LK,9,45,0.588842985,0,-0.040585225,-1.849258298,-1.849258298,-1.872867683,-1.832282458,other,other,16,49,0.009574562,-0.055132953,-0.118669456,-3.132042809,-3.076909856,-3.178399779,-3.059730323,other,other
P42765_ISR(cit)EECDK_,ACAA2(R176),P42765,ISR(cit)EECDK,11,40,0.972274054,0,0.039227466,-1.69167553,-1.69167553,-1.613030554,-1.65225802,other,other,19,62,0.632508391,0,-0.01536103,-0.421012955,-0.421012955,-0.430272356,-0.414911326,other,other
P42765_YALQSQQR(cit)WK_,ACAA2(R189),P42765,YALQSQQR(cit)WK,6,24,0.676359657,0.018114232,-0.003212081,-2.992638736,-3.010752968,-3.016500607,-3.013288526,other,other,19,62,0.632508391,0,-0.01536103,-0.421012955,-0.421012955,-0.430272356,-0.414911326,other,other
P43146_R(cit)APR(cit)AK_,DCC(R1228;R1231),P43146,R(cit)APR(cit)AK,4,17,0.557894435,-0.072652187,-0.142913873,-2.680790413,-2.608138226,-2.707347939,-2.564434066,other,other,#N/A,#N/A,#N/A,#N/A,#N/A,#N/A,#N/A,#N/A,#N/A,#N/A,#N/A
P45880_AAR(cit)DIFNK_,VDAC2(R26),P45880,AAR(cit)DIFNK,8,17,0.660948505,0.134978611,0.070978296,-2.019818891,-2.154797501,-2.049457096,-2.120435392,other,other,19,69,0.058579922,0,-0.10751849,-0.711388544,-0.711388544,-0.786540915,-0.679022426,other,other
P45954_YFR(cit)DAK_,ACADSB(R405),P45954,YFR(cit)DAK,5,13,0.84339419,0.006390627,0.00072617,-2.545048023,-2.55143865,-2.528743339,-2.529469509,other,other,18,64,0.113799177,0,-0.07647352,-1.527662817,-1.527662817,-1.559803591,-1.483330071,other,other
P46776_R(cit)NQSFCPTVNLDK_,RPL27A(R65),P46776,R(cit)NQSFCPTVNLDK,12,35,0.960293765,0,-0.025692261,-3.676202381,-3.676202381,-3.70173067,-3.67603841,other,other,9,23,0.346111865,-0.051817312,-0.064268659,-0.512176576,-0.460359264,-0.543935606,-0.479666947,other,other
P46777_R(cit)FPGYDSESK_,RPL5(R179),P46777,R(cit)FPGYDSESK,9,19,0.843840574,0,-0.017066257,-2.421477769,-2.421477769,-2.425151598,-2.408085341,other,other,3,9,0.051792582,0.179431199,0.216428716,0.925841824,0.746410625,0.915958792,0.699530076,other,other
P46777_TDYYAR(cit)K_,RPL5(R33),P46777,TDYYAR(cit)K,3,12,0.209829003,-0.131077029,-0.262286274,-2.395519911,-2.264442883,-2.492677423,-2.230391149,other,other,3,9,0.051792582,0.179431199,0.216428716,0.925841824,0.746410625,0.915958792,0.699530076,other,other
P46778_SR(cit)DSFLK_,RPL21(R102),P46778,SR(cit)DSFLK,5,25,0.031118101,-0.105523948,-0.119363554,-1.626603882,-1.521079934,-1.609253701,-1.489890147,other,other,0,9,NA,NA,NA,NA,-0.734174132,NA,-0.744817364,NA,NA
P46781_SR(cit)LDQELK_,RPS9(R24),P46781,SR(cit)LDQELK,8,42,0.529137075,0,-0.053073734,-2.398791081,-2.398791081,-2.424325541,-2.371251807,other,other,19,64,0.796732039,0,-0.061433944,-1.743957956,-1.743957956,-1.7569137,-1.695479757,other,other
P48735_ATDFVADR(cit)AGTFK_,IDH2(R188),P48735,ATDFVADR(cit)AGTFK,16,60,0.032092296,-0.047883314,-0.104332106,-3.260753333,-3.212870019,-3.262791034,-3.158458928,other,other,19,68,0.147795895,0,-0.049302716,-0.605269195,-0.605269195,-0.620321674,-0.571018958,other,other
P48735_AYDGR(cit)FK_,IDH2(R261),P48735,AYDGR(cit)FK,7,21,0.089305426,0.265260108,0.121981212,-2.118459092,-2.3837192,-2.212772731,-2.334753943,other,other,19,68,0.147795895,0,-0.049302716,-0.605269195,-0.605269195,-0.620321674,-0.571018958,other,other
P50440_R(cit)VMVDANEVPIQK_,GATM(R369),P50440,R(cit)VMVDANEVPIQK,10,41,0.694441929,0.007759449,0.0309231,-2.614802068,-2.622561517,-2.646291271,-2.677214371,other,other,19,68,0.803106833,0,-0.038881293,-1.940908229,-1.940908229,-1.970290023,-1.93140873,other,other
P50914_MTDFDR(cit)FK_,RPL14(R109),P50914,MTDFDR(cit)FK,8,24,0.139682889,-0.061209515,-0.040339621,-2.41380626,-2.352596745,-2.400248344,-2.359908724,other,other,4,22,0.774052169,-0.013303783,-0.002960377,-0.159277234,-0.145973451,-0.125810487,-0.12285011,other,other
P50914_WAATR(cit)WAK_,RPL14(R90),P50914,WAATR(cit)WAK,13,44,0.040839409,-0.07294459,-0.14038973,-2.214130845,-2.141186256,-2.227611758,-2.087222028,other,down,4,22,0.774052169,-0.013303783,-0.002960377,-0.159277234,-0.145973451,-0.125810487,-0.12285011,other,other
P50914_YVR(cit)QAWQK_,RPL14(R74),P50914,YVR(cit)QAWQK,15,40,0.217844333,-0.029919736,-0.078112262,-1.662822867,-1.632903131,-1.687955629,-1.609843367,other,other,4,22,0.774052169,-0.013303783,-0.002960377,-0.159277234,-0.145973451,-0.125810487,-0.12285011,other,other
P51888_LTDR(cit)GLPK_,PRELP(R281),P51888,LTDR(cit)GLPK,5,19,0.142437119,-0.095651989,-0.148363125,-2.998756187,-2.903104198,-3.00263364,-2.854270515,other,other,9,37,0.109165371,-0.004359252,-0.049410842,-0.370992371,-0.366633119,-0.41701764,-0.367606797,other,other
P52209_SFLEDIR(cit)K_,PGD(R324),P52209,SFLEDIR(cit)K,2,5,0.434445727,-0.28742255,-0.21338963,-1.496449058,-1.209026508,-1.496449058,-1.283059428,other,other,10,43,0.917883342,0.002303045,-0.014331764,-3.032496369,-3.034799413,-3.020062558,-3.005730794,other,other
P53999_TGETSR(cit)ALSSSK_,SUB1(R47),P53999,TGETSR(cit)ALSSSK,7,25,0.191185423,-0.039008516,-0.059241348,-3.294504793,-3.255496277,-3.301470577,-3.242229229,other,other,#N/A,#N/A,#N/A,#N/A,#N/A,#N/A,#N/A,#N/A,#N/A,#N/A,#N/A
P55072_LAGESESNLR(cit)K_,VCP(R287),P55072,LAGESESNLR(cit)K,7,18,0.783059905,-0.02810814,-0.014930457,-2.740781281,-2.712673141,-2.720676439,-2.705745982,other,other,19,70,0.244632364,-0.013662253,-0.054072079,-1.381884096,-1.368221843,-1.372953846,-1.318881768,other,other
P56470_WGSEER(cit)K_,LGALS4(R89),P56470,WGSEER(cit)K,6,27,0.869274068,0,-0.015500346,-3.34007571,-3.34007571,-3.300982073,-3.285481727,other,other,19,69,0.0787359,0,-0.078031754,-3.263876136,-3.263876136,-3.284359051,-3.206327296,other,other
P60174_LDER(cit)EAGITEK_,TPI1(R172),P60174,LDER(cit)EAGITEK,9,44,0.13260637,-0.019042658,-0.065448108,-3.378261283,-3.359218625,-3.384616128,-3.31916802,other,other,19,70,0.401057886,0,-0.026104266,-4.043617888,-4.043617888,-4.039588236,-4.01348397,other,other
P60709_IIAPPER(cit)K_,ACTB(R335),P60709,IIAPPER(cit)K,11,31,0.11045691,0.068800596,0.164843152,-3.749182447,-3.817983043,-3.668448489,-3.833291641,other,other,#N/A,#N/A,#N/A,#N/A,#N/A,#N/A,#N/A,#N/A,#N/A,#N/A,#N/A
P60709_ILTER(cit)GYSFTTTAER_,ACTB(R196),P60709,ILTER(cit)GYSFTTTAER,8,22,0.705454104,-0.004278877,0.033554614,-2.794299179,-2.790020302,-2.781860201,-2.815414815,other,other,#N/A,#N/A,#N/A,#N/A,#N/A,#N/A,#N/A,#N/A,#N/A,#N/A,#N/A
P60866_GPVR(cit)MPTK_,RPS20(R55),P60866,GPVR(cit)MPTK,2,8,0.685167447,-0.080783767,-0.067126869,-2.16806516,-2.087281393,-2.16806516,-2.10093829,other,other,#N/A,#N/A,#N/A,#N/A,#N/A,#N/A,#N/A,#N/A,#N/A,#N/A,#N/A
P60866_TLR(cit)ITTR(cit)K_,RPS20(R62;R66),P60866,TLR(cit)ITTR(cit)K,8,27,0.19929239,0.173267069,0.132819663,-2.210273963,-2.383541032,-2.239495978,-2.372315641,other,other,#N/A,#N/A,#N/A,#N/A,#N/A,#N/A,#N/A,#N/A,#N/A,#N/A,#N/A
P60866_VCADLIR(cit)GAK_,RPS20(R41),P60866,VCADLIR(cit)GAK,8,19,0.419430587,-0.013305832,-0.05505741,-2.936359348,-2.923053516,-2.901267399,-2.846209989,other,other,#N/A,#N/A,#N/A,#N/A,#N/A,#N/A,#N/A,#N/A,#N/A,#N/A,#N/A
P60903_EDLR(cit)VLMEK_,S100A10(R32),P60903,EDLR(cit)VLMEK,6,25,0.852433448,0,-0.044586901,-4.527374352,-4.527374352,-4.317454016,-4.272867115,other,other,13,47,0.06683691,-0.003129319,-0.0546789,-2.168833708,-2.165704389,-2.172792424,-2.118113524,other,other
P61160_R(cit)LDIAGR_,ACTR2(R181),P61160,R(cit)LDIAGR,0,3,NA,NA,NA,NA,-1.700317686,NA,-1.655429333,NA,NA,7,18,0.36033461,0.027334508,0.068639957,-3.653956358,-3.681290866,-3.576559088,-3.645199044,other,other
P61247_TLVTR(cit)TQGTK_,RPS3A(R51),P61247,TLVTR(cit)TQGTK,8,25,0.605120534,0,0.055829267,-1.562868828,-1.562868828,-1.507624249,-1.563453516,other,other,16,48,0.522215024,0,-0.025981578,-2.682721815,-2.682721815,-2.67261129,-2.646629711,other,other
P61313_AR(cit)R(cit)LGYK_,RPL15(R49;R50),P61313,AR(cit)R(cit)LGYK,5,22,0.175588208,-0.11936174,-0.081874849,-2.117376315,-1.998014575,-2.098482414,-2.016607564,other,other,6,29,0.595404058,-0.015404342,-0.047135525,-0.740577345,-0.725173003,-0.774785578,-0.727650053,other,other
P61353_DVFR(cit)DPALK_,RPL27(R102),P61353,DVFR(cit)DPALK,2,10,0.388490337,0.067921895,0.028356159,-2.781307664,-2.849229559,-2.781307664,-2.809663823,other,other,14,32,0.446622648,-0.022164587,-0.041091915,-1.118914551,-1.096749964,-1.063538991,-1.022447076,other,other
P61981_R(cit)ATVVESSEK_,YWHAG(R143),P61981,R(cit)ATVVESSEK,11,31,0.035707558,-0.026657831,-0.10627203,-2.495561402,-2.468903571,-2.535908384,-2.429636354,other,other,19,69,0.030938549,-0.018625637,-0.074544333,-2.908364809,-2.889739172,-2.929037887,-2.854493553,other,other
P62241_YELGR(cit)PAANTK_,RPS8(R31),P62241,YELGR(cit)PAANTK,11,24,0.420594784,0,-0.034547893,-2.957936706,-2.957936706,-2.966612597,-2.932064704,other,other,6,25,0.088486165,-0.130821823,-0.128840081,-1.988023245,-1.857201422,-1.982086052,-1.853245971,other,other
P62249_GPLQSVQVFGR(cit)K_,RPS16(R15),P62249,GPLQSVQVFGR(cit)K,16,42,0.291066547,-0.118054301,-0.050769603,-4.028248573,-3.910194272,-3.973707875,-3.922938273,other,other,16,57,0.813791952,0,-0.012738935,-1.467659955,-1.467659955,-1.482519645,-1.469780711,other,other
P62805_R(cit)ISGLIYEETR_,H4C1(R46),P62805,R(cit)ISGLIYEETR,9,26,0.05773265,-0.00788045,-0.138021125,-1.841432246,-1.833551796,-1.875046195,-1.73702507,other,other,19,70,0.031163519,-0.014090851,-0.05173025,-7.338275942,-7.324185091,-7.373759655,-7.322029405,other,other
P62805_RQGR(cit)TLYGFGG_,H4C1(R96),P62805,RQGR(cit)TLYGFGG,4,25,0.427826483,0.122092114,0.049095287,-0.638308477,-0.760400591,-0.680548942,-0.729644229,other,other,19,70,0.031163519,-0.014090851,-0.05173025,-7.338275942,-7.324185091,-7.373759655,-7.322029405,other,other
P62820_R(cit)MGPGATAGGAEK_,RAB1A(R175),P62820,R(cit)MGPGATAGGAEK,2,12,0.779411377,0.005342228,-0.092480766,-2.321146808,-2.326489036,-2.321146808,-2.228666042,other,other,1,13,0.204604941,-0.24393186,-0.225090408,-0.303885303,-0.059953443,-0.303885303,-0.078794895,other,other
P62834_YDPTIEDSYR(cit)K_,RAP1A(R41),P62834,YDPTIEDSYR(cit)K,9,25,0.983968191,0,-0.018522694,-2.492216732,-2.492216732,-2.549321695,-2.530799001,other,other,#N/A,#N/A,#N/A,#N/A,#N/A,#N/A,#N/A,#N/A,#N/A,#N/A,#N/A
P62937_FGSR(cit)NGK_,PPIA(R148),P62937,FGSR(cit)NGK,8,29,0.427074075,-0.004222497,-0.084104791,-3.748635353,-3.744412856,-3.824424152,-3.740319361,other,other,6,33,0.710771171,0.04782573,0.017700446,-1.024892521,-1.072718251,-1.058418728,-1.076119174,other,other
P62937_TAENFR(cit)ALSTGEK_,PPIA(R37),P62937,TAENFR(cit)ALSTGEK,18,63,0.69242772,0,-0.009603121,-5.15092421,-5.15092421,-5.142854874,-5.133251754,other,other,6,33,0.710771171,0.04782573,0.017700446,-1.024892521,-1.072718251,-1.058418728,-1.076119174,other,other
P63096_NLR(cit)EDGEK_,GNAI1(R24),P63096,NLR(cit)EDGEK,10,45,0.411143627,0,-0.040581429,-2.511205348,-2.511205348,-2.546469021,-2.505887592,other,other,#N/A,#N/A,#N/A,#N/A,#N/A,#N/A,#N/A,#N/A,#N/A,#N/A,#N/A
P63261_GYSFTTTAER(cit)EIVR_,ACTG1(R206),P63261,GYSFTTTAER(cit)EIVR,2,6,1,0,0.415541208,-1.732916153,-1.732916153,-1.732916153,-2.148457361,other,other,#N/A,#N/A,#N/A,#N/A,#N/A,#N/A,#N/A,#N/A,#N/A,#N/A,#N/A
P63261_IIAPPER(cit)K_,ACTG1(R335),P63261,IIAPPER(cit)K,6,22,0.651665972,0.025149491,0.046326354,-2.922819882,-2.947969372,-2.899379818,-2.945706173,other,other,#N/A,#N/A,#N/A,#N/A,#N/A,#N/A,#N/A,#N/A,#N/A,#N/A,#N/A
P63267_CDIDIR(cit)K_,ACTG2(R291),P63267,CDIDIR(cit)K,11,43,0.845837242,0,0.038010747,-2.314271138,-2.314271138,-2.256164431,-2.294175178,other,other,#N/A,#N/A,#N/A,#N/A,#N/A,#N/A,#N/A,#N/A,#N/A,#N/A,#N/A
P67936_AEFAER(cit)TVAK_,TPM4(R208),P67936,AEFAER(cit)TVAK,7,21,0.099096453,-0.018756829,-0.124218277,-2.822388921,-2.803632092,-2.860649565,-2.736431289,other,other,18,67,0.811215468,0,0.018149493,0.707852054,0.707852054,0.726749348,0.708599855,other,other
P68133_CDIDIR(cit)K_,ACTA1(R292),P68133,CDIDIR(cit)K,2,9,1,-0.002111421,-0.008198978,-3.189528894,-3.187417472,-3.189528894,-3.181329915,other,other,#N/A,#N/A,#N/A,#N/A,#N/A,#N/A,#N/A,#N/A,#N/A,#N/A,#N/A
P84098_GTANAR(cit)MPEK_,RPL19(R88),P84098,GTANAR(cit)MPEK,4,20,0.508427242,-0.025189854,-0.02781695,-2.14294075,-2.117750896,-2.146000323,-2.118183373,other,other,#N/A,#N/A,#N/A,#N/A,#N/A,#N/A,#N/A,#N/A,#N/A,#N/A,#N/A
P84098_NTLAR(cit)R(cit)K_,RPL19(R70;R71),P84098,NTLAR(cit)R(cit)K,4,18,0.287024384,-0.093759671,-0.108960997,-1.679086712,-1.585327042,-1.671462005,-1.562501007,other,other,#N/A,#N/A,#N/A,#N/A,#N/A,#N/A,#N/A,#N/A,#N/A,#N/A,#N/A
Q00325_EDGVR(cit)GLAK_,SLC25A3(R117),Q00325,EDGVR(cit)GLAK,9,33,0.601997618,0.049082082,-0.003335454,-2.376716885,-2.425798967,-2.370929205,-2.367593751,other,other,15,48,0.596176993,0,-0.022675212,-2.0604368,-2.0604368,-2.040692088,-2.018016876,other,other
Q00796_ESPQEIAR(cit)K_,SORD(R234),Q00796,ESPQEIAR(cit)K,10,38,0.502479711,-0.033258576,-0.049824743,-1.680097259,-1.646838683,-1.741657186,-1.691832443,other,other,15,52,0.180902506,0,-0.06882032,-0.892454292,-0.892454292,-0.921503745,-0.852683425,other,other
Q00839_FIEIAAR(cit)K_,HNRNPU(R572),Q00839,FIEIAAR(cit)K,4,27,0.17445457,-0.120198524,-0.154235756,-3.232192412,-3.111993888,-3.259459717,-3.105223961,other,other,19,66,0.51205596,-0.011433969,-0.01779149,-1.42664797,-1.415214002,-1.390289446,-1.372497957,other,other
Q01082_AWER(cit)LEK_,SPTBN1(R398),Q01082,AWER(cit)LEK,3,14,0.613859932,0.220077542,0.097758023,-2.322808003,-2.542885545,-2.36931837,-2.467076393,other,other,19,69,0.02139133,-0.017852658,-0.079676005,-0.62963314,-0.611780482,-0.660241647,-0.580565642,other,other
Q01082_NR(cit)EASLGEASK_,SPTBN1(R1054),Q01082,NR(cit)EASLGEASK,7,44,0.376731847,0,-0.069793503,-2.009913326,-2.009913326,-2.052486585,-1.982693082,other,other,19,69,0.02139133,-0.017852658,-0.079676005,-0.62963314,-0.611780482,-0.660241647,-0.580565642,other,other
Q01518_EVITFR(cit)EK_,CAP1(R119),Q01518,EVITFR(cit)EK,10,24,0.939259399,-0.096850615,-0.014706392,-2.819437144,-2.722586529,-2.734458384,-2.719751993,other,other,19,70,0.430026068,0,-0.070443905,-1.887144037,-1.887144037,-1.951671786,-1.881227881,other,other
Q01995_GPSYGMSR(cit)EVQSK_,TAGLN(R12),Q01995,GPSYGMSR(cit)EVQSK,18,58,0.231284873,-0.025968861,-0.040101066,-4.612477601,-4.586508741,-4.594591301,-4.554490235,other,other,19,70,0.91138641,0,-0.012847306,-1.470927462,-1.470927462,-1.458046764,-1.445199457,other,other
Q02252_EGASILLDGR(cit)K_,ALDH6A1(R386),Q02252,EGASILLDGR(cit)K,8,28,0.269387728,-0.077313436,-0.170648786,-2.770706291,-2.693392855,-2.782321711,-2.611672925,other,other,19,70,0.198829585,0,-0.03424902,-0.996522632,-0.996522632,-1.007061921,-0.972812901,other,other
Q02252_ER(cit)VCNLIDSGTK_,ALDH6A1(R366),Q02252,ER(cit)VCNLIDSGTK,13,45,0.312316483,0.060836197,0.040480373,-3.984716386,-4.045552583,-3.963063277,-4.003543649,other,other,19,70,0.198829585,0,-0.03424902,-0.996522632,-0.996522632,-1.007061921,-0.972812901,other,other
Q02543_VVGR(cit)CLPTPK_,RPL18A(R15),Q02543,VVGR(cit)CLPTPK,11,36,0.641174237,-0.015064182,-0.015401233,-2.914640078,-2.899575896,-2.935420045,-2.920018812,other,other,11,41,0.440461789,-0.002054669,-0.030894494,-4.133123354,-4.131068685,-4.126817793,-4.095923299,other,other
Q03135_EIDLVNR(cit)DPK_,CAV1(R54),Q03135,EIDLVNR(cit)DPK,13,27,0.516129228,0,-0.063073629,-0.986291814,-0.986291814,-0.990473663,-0.927400034,other,other,9,44,0.008480465,-0.091062382,-0.077705709,-1.410054416,-1.318992034,-1.425162924,-1.347457215,other,other
Q04828_R(cit)EDIFYTSK_,AKR1C1(R76),Q04828,R(cit)EDIFYTSK,5,32,0.181589656,-0.069480408,-0.055981663,-3.759929745,-3.690449337,-3.747838772,-3.691857109,other,other,#N/A,#N/A,#N/A,#N/A,#N/A,#N/A,#N/A,#N/A,#N/A,#N/A,#N/A
Q05682_IEER(cit)AEFLNK_,CALD1(R649),Q05682,IEER(cit)AEFLNK,6,17,0.397293571,0.017678474,0.034105664,-3.703261218,-3.720939692,-3.694680139,-3.728785803,other,other,18,54,0.40552977,0.020133898,0.033666664,-0.275652544,-0.295786441,-0.250413195,-0.284079859,other,other
Q06323_YFSER(cit)GDAVTK_,PSME1(R181),Q06323,YFSER(cit)GDAVTK,18,65,0.810140283,0.004471799,-0.010618369,-2.903881654,-2.908353452,-2.897599954,-2.886981584,other,other,16,67,0.620704514,6.85E-05,-0.064356205,-2.463620031,-2.463688576,-2.44539191,-2.381035705,other,other
Q09666_FGVSTGR(cit)EGQTPK_,AHNAK(R320),Q09666,FGVSTGR(cit)EGQTPK,10,39,0.109466847,-0.062827235,-0.069665289,-2.463307529,-2.400480293,-2.479583551,-2.409918262,other,other,19,70,0.76149506,0,0.002637665,-1.28091084,-1.28091084,-1.265163755,-1.26780142,other,other
Q13017_R(cit)R(cit)VEMK_,ARHGAP5(R426;R427),Q13017,R(cit)R(cit)VEMK,4,13,0.201680672,0.312451394,0.272160595,3.111551646,2.799100252,3.126827584,2.854666989,other,other,#N/A,#N/A,#N/A,#N/A,#N/A,#N/A,#N/A,#N/A,#N/A,#N/A,#N/A
Q14764_SLQPLAPR(cit)NK_,MVP(R452),Q14764,SLQPLAPR(cit)NK,8,20,0.59044643,-0.020775172,-0.016383445,-2.265990703,-2.245215531,-2.253631026,-2.237247581,other,other,18,65,0.016628256,-3.65E-05,-0.07257894,-1.023362411,-1.023325885,-1.048382579,-0.975803639,other,other
Q14914_WQGDAR(cit)QK_,PTGR1(R280),Q14914,WQGDAR(cit)QK,1,8,0.697333674,0.08669278,0.149017278,-0.204813123,-0.291505903,-0.204813123,-0.353830401,other,other,14,54,0.456784995,0,-0.028414837,-1.346772823,-1.346772823,-1.361670127,-1.33325529,other,other
Q15084_NR(cit)PEDYQGGR_,PDIA6(R110),Q15084,NR(cit)PEDYQGGR,6,14,0.296105275,-0.005025848,-0.155152919,-1.703823769,-1.698797922,-1.751112352,-1.595959433,other,other,12,38,0.094294844,-0.022692492,-0.083974226,-2.514860753,-2.492168261,-2.540665733,-2.456691507,other,other
Q15582_VIGTNR(cit)K_,TGFBI(R59),Q15582,VIGTNR(cit)K,4,25,0.062658633,-0.046659342,-0.074625726,-1.93037641,-1.883717068,-1.973366934,-1.898741208,other,other,14,59,0.278575006,-0.015845267,-0.019127109,1.026812918,1.042658185,1.053390122,1.072517231,other,other
Q15643_SENER(cit)LK_,TRIP11(R70),Q15643,SENER(cit)LK,6,20,0.479774647,0.001788952,-0.09871173,-4.271194034,-4.272982986,-4.293855445,-4.195143715,other,other,#N/A,#N/A,#N/A,#N/A,#N/A,#N/A,#N/A,#N/A,#N/A,#N/A,#N/A
Q15836_VLER(cit)DQK_,VAMP3(R39),Q15836,VLER(cit)DQK,3,11,0.380583209,-0.200283478,-0.062966533,-2.12800033,-1.927716852,-2.074567054,-2.011600521,other,other,#N/A,#N/A,#N/A,#N/A,#N/A,#N/A,#N/A,#N/A,#N/A,#N/A,#N/A
Q16822_R(cit)YVAAAFPSACGK_,PCK2(R296),Q16822,R(cit)YVAAAFPSACGK,10,41,0.564970551,-0.008861785,-0.00678602,-3.355081142,-3.346219357,-3.344877116,-3.338091095,other,other,18,70,0.030425832,-0.008029522,-0.048081203,-1.650542994,-1.642513472,-1.671534435,-1.623453232,other,other
Q16851_DLDGFR(cit)K_,UGP2(R59),Q16851,DLDGFR(cit)K,7,17,0.44459377,-0.029885607,-0.057281535,-1.963155463,-1.933269856,-1.921771816,-1.864490282,other,other,19,68,0.716153898,0,-0.030462791,-0.99856085,-0.99856085,-1.004100453,-0.973637662,other,other
Q16851_R(cit)EFPTVPLVK_,UGP2(R422),Q16851,R(cit)EFPTVPLVK,6,20,0.367900965,-0.051696023,-0.078102555,-2.887458271,-2.835762247,-2.954414781,-2.876312226,other,other,19,68,0.716153898,0,-0.030462791,-0.99856085,-0.99856085,-1.004100453,-0.973637662,other,other
Q5VTE0_R(cit)GNVAGDSK_,EEF1A1P5(R322),Q5VTE0,R(cit)GNVAGDSK,9,28,0.000617096,-0.472407181,-0.570305622,-2.80578831,-2.33338113,-2.866240917,-2.295935295,down,down,#N/A,#N/A,#N/A,#N/A,#N/A,#N/A,#N/A,#N/A,#N/A,#N/A,#N/A
Q6NZI2_VR(cit)TR(cit)ENLEK_,PTRF(R247;R249),Q6NZI2,VR(cit)TR(cit)ENLEK,9,23,0.689448195,0.031117515,0.009536246,-2.807013693,-2.838131208,-2.794417273,-2.803953519,other,other,6,18,0.919341966,-0.01725011,0.003335237,-0.156806724,-0.139556615,-0.110334716,-0.113669953,other,other
Q71DI3_LPFQR(cit)LVR_,HIST2H3A(R70),Q71DI3,LPFQR(cit)LVR,1,18,0.308850375,0.118101407,0.082914197,-4.322394224,-4.440495631,-4.322394224,-4.405308421,other,other,#N/A,#N/A,#N/A,#N/A,#N/A,#N/A,#N/A,#N/A,#N/A,#N/A,#N/A
Q71DI3_YR(cit)PGTVALR(cit)EIR_,HIST2H3A(R43;R50),Q71DI3,YR(cit)PGTVALR(cit)EIR,2,15,0.821987318,0.065736826,0.050401781,-2.1749954,-2.240732226,-2.1749954,-2.225397181,other,other,#N/A,#N/A,#N/A,#N/A,#N/A,#N/A,#N/A,#N/A,#N/A,#N/A,#N/A
Q7Z4W1_TMLNR(cit)IPLGK_,DCXR(R203),Q7Z4W1,TMLNR(cit)IPLGK,13,54,0.827828089,0,0.048746382,-3.008904903,-3.008904903,-2.938100249,-2.98684663,other,other,19,69,0.065756897,-0.013769219,-0.082323945,-2.794313531,-2.780544312,-2.816851326,-2.73452738,other,other
Q96I99_ACR(cit)ELELK_,SUCLG2(R381),Q96I99,ACR(cit)ELELK,12,36,0.230315854,0,0.067501577,-2.711470844,-2.711470844,-2.684159214,-2.751660791,other,other,19,70,0.103338332,-0.00981374,-0.042432436,-2.653458315,-2.643644576,-2.662763321,-2.620330886,other,other
Q96I99_AQILAGGR(cit)GK_,SUCLG2(R91),Q96I99,AQILAGGR(cit)GK,4,11,0.265395125,-0.090704088,-0.087790481,-1.84410732,-1.753403232,-1.858522519,-1.770732038,other,other,19,70,0.103338332,-0.00981374,-0.042432436,-2.653458315,-2.643644576,-2.662763321,-2.620330886,other,other
Q99878_SSR(cit)AGLQFPVGR_,H2AC14(R21),Q99878,SSR(cit)AGLQFPVGR,12,45,0.002503866,-0.048634165,-0.151533848,-2.643930263,-2.595296098,-2.680701003,-2.529167155,other,down,#N/A,#N/A,#N/A,#N/A,#N/A,#N/A,#N/A,#N/A,#N/A,#N/A,#N/A
Q99878_TR(cit)SSR(cit)AGLQFPVGR_,H2AC14(R18;R21),Q99878,TR(cit)SSR(cit)AGLQFPVGR,11,51,0.362417558,0,-0.059656793,-2.659908695,-2.659908695,-2.73539956,-2.675742767,other,other,#N/A,#N/A,#N/A,#N/A,#N/A,#N/A,#N/A,#N/A,#N/A,#N/A,#N/A
Q99879_R(cit)STITSR(cit)EIQTAVR_,H2BC14(R87;R93),Q99879,R(cit)STITSR(cit)EIQTAVR,9,36,0.658591858,-0.026769617,-0.027425608,-1.674197938,-1.647428321,-1.699166262,-1.671740653,other,other,#N/A,#N/A,#N/A,#N/A,#N/A,#N/A,#N/A,#N/A,#N/A,#N/A,#N/A
Q99879_STITSR(cit)EIQTAVR_,H2BC14(R93),Q99879,STITSR(cit)EIQTAVR,9,25,0.21024556,-0.014938586,-0.057026964,-3.099443642,-3.084505056,-3.130204484,-3.073177521,other,other,#N/A,#N/A,#N/A,#N/A,#N/A,#N/A,#N/A,#N/A,#N/A,#N/A,#N/A
Q99880_R(cit)STITSR(cit)EIQTAVR_,H2BC13(R87;R93),Q99880,R(cit)STITSR(cit)EIQTAVR,7,23,0.357292161,-0.023249889,-0.111471016,-0.935346442,-0.912096553,-1.006633571,-0.895162555,other,other,#N/A,#N/A,#N/A,#N/A,#N/A,#N/A,#N/A,#N/A,#N/A,#N/A,#N/A
Q9BTM1_SR(cit)SSR(cit)AGLQFPVGR_,H2AFJ(R18;R21),Q9BTM1,SR(cit)SSR(cit)AGLQFPVGR,14,54,0.957019969,0,0.019901599,-0.903607843,-0.903607843,-0.898513539,-0.918415137,other,other,#N/A,#N/A,#N/A,#N/A,#N/A,#N/A,#N/A,#N/A,#N/A,#N/A,#N/A
Q9BVC6_R(cit)EAPVDVLTQIGR_,TMEM109(R47),Q9BVC6,R(cit)EAPVDVLTQIGR,8,24,0.050758561,-0.020320291,-0.152849668,-2.324918706,-2.304598415,-2.417152514,-2.264302847,other,other,#N/A,#N/A,#N/A,#N/A,#N/A,#N/A,#N/A,#N/A,#N/A,#N/A,#N/A
Q9C002_TDVILDR(cit)K_,NMES1(R44),Q9C002,TDVILDR(cit)K,2,9,0.807556184,0.065562704,0.037478228,-2.037262915,-2.102825619,-2.037262915,-2.074741143,other,other,#N/A,#N/A,#N/A,#N/A,#N/A,#N/A,#N/A,#N/A,#N/A,#N/A,#N/A
Q9H1E3_NVR(cit)QQR(cit)QAASK_,NUCKS1(R90;R93),Q9H1E3,NVR(cit)QQR(cit)QAASK,7,30,0.282762,-0.024305535,-0.034424861,-1.782951298,-1.758645763,-1.813171889,-1.778747028,other,other,5,27,0.218587559,-0.016417787,-0.022389895,-1.638992852,-1.622575065,-1.626905586,-1.604515691,other,other
Q9H2A2_SSGIGR(cit)EGAK_,ALDH8A1(R467),Q9H2A2,SSGIGR(cit)EGAK,5,14,0.675069214,-0.037234546,-0.040819513,-1.792478481,-1.755243935,-1.809300917,-1.768481404,other,other,#N/A,#N/A,#N/A,#N/A,#N/A,#N/A,#N/A,#N/A,#N/A,#N/A,#N/A
Q9H8H3_ALER(cit)ASFSK_,METTL7A(R214),Q9H8H3,ALER(cit)ASFSK,4,17,0.265746441,0,-0.1204054,-1.04757487,-1.04757487,-1.04757487,-0.92716947,other,other,5,30,0.66102567,0,0.01158547,-3.812630732,-3.812630732,-3.774959969,-3.786545438,other,other
Q9NZN4_R(cit)GGAR(cit)GQQPEAIR_,EHD2(R7;R11),Q9NZN4,R(cit)GGAR(cit)GQQPEAIR,7,19,0.655127659,0,-0.069653276,-3.090574049,-3.090574049,-3.08424088,-3.014587604,other,other,13,44,0.074422238,0,-0.073640495,-2.832028312,-2.832028312,-2.878997089,-2.805356594,other,other
Q9UJS0_LTVNDFVR(cit)DK_,SLC25A13(R416),Q9UJS0,LTVNDFVR(cit)DK,11,25,0.675901084,0,-0.02211641,-1.617198968,-1.617198968,-1.623195745,-1.601079335,other,other,#N/A,#N/A,#N/A,#N/A,#N/A,#N/A,#N/A,#N/A,#N/A,#N/A,#N/A
Q9UL46_YFSER(cit)GDAVAK_,PSME2(R171),Q9UL46,YFSER(cit)GDAVAK,10,41,0.212561876,-0.11760291,-0.077147191,-3.159048465,-3.041445555,-3.113760519,-3.036613327,other,other,16,51,0.858484719,0,0.006921696,-1.825906957,-1.825906957,-1.827655446,-1.834577142,other,other
Q9UM07_LLLASPR(cit)SCYK_,PADI4(R495),Q9UM07,LLLASPR(cit)SCYK,9,24,0.453662947,0.008164484,-0.062731618,-3.401898968,-3.410063452,-3.480081914,-3.417350296,other,other,19,70,0.244632364,-0.016216511,-0.035511795,-3.064360858,-3.048144347,-3.064318971,-3.028807176,other,other
Q9UM07_R(cit)VMGPDFGYVTR_,PADI4(R383),Q9UM07,R(cit)VMGPDFGYVTR,5,32,0.170654311,0.18260513,0.076204483,-1.712867675,-1.895472805,-1.783177925,-1.859382408,other,other,19,70,0.244632364,-0.016216511,-0.035511795,-3.064360858,-3.048144347,-3.064318971,-3.028807176,other,other
Q9UM07_VR(cit)VFQATR(cit)GK_,PADI4(R212;R218),Q9UM07,VR(cit)VFQATR(cit)GK,10,45,0.274092457,0.02710738,0.022553054,-2.148816897,-2.175924276,-2.165256193,-2.187809248,other,other,19,70,0.244632364,-0.016216511,-0.035511795,-3.064360858,-3.048144347,-3.064318971,-3.028807176,other,other
Q9Y2J8_DMSQMILR(cit)TK_,PADI2(R187),Q9Y2J8,DMSQMILR(cit)TK,16,62,0.100094686,-0.027882927,-0.071962083,-4.056011795,-4.028128869,-4.066013702,-3.994051618,other,other,19,70,0.510780709,0,-0.012833808,-2.879602459,-2.879602459,-2.906443066,-2.893609258,other,other
Q9Y2J8_GFPVVLDSPR(cit)DGNLK_,PADI2(R373),Q9Y2J8,GFPVVLDSPR(cit)DGNLK,12,46,0.036071777,-0.048447835,-0.124303644,-8.346057361,-8.297609526,-8.35808503,-8.233781386,other,other,19,70,0.510780709,0,-0.012833808,-2.879602459,-2.879602459,-2.906443066,-2.893609258,other,other
Q9Y2J8_TVR(cit)LQYGSR_,PADI2(R8),Q9Y2J8,TVR(cit)LQYGSR,2,1,1,-0.223307506,-0.223307506,-1.870697038,-1.647389532,-1.870697038,-1.647389532,other,other,19,70,0.510780709,0,-0.012833808,-2.879602459,-2.879602459,-2.906443066,-2.893609258,other,other
Q9Y2J8_VCFQYLNR(cit)GDR_,PADI2(R344),Q9Y2J8,VCFQYLNR(cit)GDR,17,62,0.814650038,-0.003950017,-0.026678856,-3.176059288,-3.172109271,-3.167393794,-3.140714939,other,other,19,70,0.510780709,0,-0.012833808,-2.879602459,-2.879602459,-2.906443066,-2.893609258,other,other
Q9Y2J8_VVR(cit)DFLK_,PADI2(R448),Q9Y2J8,VVR(cit)DFLK,18,59,0.011034858,-0.028419441,-0.079233494,-4.303902304,-4.275482862,-4.329742085,-4.250508591,other,other,19,70,0.510780709,0,-0.012833808,-2.879602459,-2.879602459,-2.906443066,-2.893609258,other,other
Q9Y490_ER(cit)ELEEAR_,TLN1(R2513),Q9Y490,ER(cit)ELEEAR,8,16,0.016595249,-0.114737124,-0.114791243,-0.854206324,-0.7394692,-0.85841602,-0.743624777,other,other,19,70,0.195316595,-0.019756221,-0.035254828,-0.661671818,-0.641915597,-0.63192247,-0.596667642,other,other
Q9Y6N5_AR(cit)VTELNPDK_,SQRDL(R117),Q9Y6N5,AR(cit)VTELNPDK,8,34,0.388873369,0.049578546,0.110338851,-1.091303291,-1.140881836,-1.059866989,-1.17020584,other,other,8,37,0.776659079,0.005059969,0.060097273,-2.062644075,-2.067704044,-2.036562991,-2.096660264,other,other
