"","target","DAS28.CRP.HM","P25705_R_cit_LTDADAMK_","TJC","P02675_R_cit_EEAPSLR_","P48735_ATDFVADR_cit_AGTFK_","P01009_FLENEDR_cit_R_"
"A116","0",-0.645483186,-0.264047935,-1,-0.195019237,-0.303493546,0.045837926
"A598","0",-0.71239312,0.347747383,-1,0.061637265,-0.510461675,-0.700522733
"B2002","1",0.03847613,-0.07584394,-0.142857143,-0.524549639,0.055348763,-0.703605838
"A467","1",-0.268568126,-0.264047935,-0.285714286,-0.195019237,-0.303493546,0.045837926
"36","1",-0.241943405838186,-0.381423744799573,-0.391439486872132,-0.300724705461582,-0.462583504692014,-0.0700803176239496
"66","1",0.327208346712742,-0.262848738515613,1,-0.188295974268775,-0.322750427500174,-0.714933180868962
"A0161","1",0.144636295,-1,-0.571428571,-0.158896696,-0.572125076,0.007644578
"A0751","1",0.197032863,-0.856742555,0.285714286,-0.252738526,-0.565541286,0.515728234
"57","1",0.200402356336279,-0.42675061445185,-0.137926231620455,-0.218255113294224,-0.171204099926469,-0.725100516101181
"A2551","1",0.618962669,-0.19838896,0.714285714,-0.190951336,-0.256508945,0.468885238
"A4671","1",-0.268568126,-0.264047935,-0.285714286,-0.195019237,-0.303493546,0.045837926
"B166","0",0.333705604,0.314336669,-0.071428571,-0.252738526,-0.078813697,-0.700522733
"A330","0",-0.605840105,-0.159427307,-0.928571429,-0.207818786,-0.305651,-0.586012505
"A048","0",-0.320035947,-0.420443571,-0.857142857,-0.229183052,-0.30620366,-0.194953236
"A465","1",-0.426487943,-0.775813881,-0.857142857,-1,-0.649123306,0.045837926
"A051","0",-0.32939583,-0.264047935,-0.785714286,-0.195019237,-0.303493546,0.045837926
"B275","0",-0.859021251,-0.263293775,-1,-0.122574608,-0.335407079,0.029160732
"A434","0",-0.331684974,-0.685572804,-0.642857143,-0.670714509,-1,0.165991318
"B200","1",0.03847613,-0.07584394,-0.142857143,-0.524549639,0.055348763,-0.703605838
"B255","0",-0.373681205,-0.415684352,-0.857142857,0.04630153,0.321010509,-0.004462782
"72","1",0.540742881223359,-0.264047935,0.977857650240824,-0.195019237,-0.303493546,-0.482791907836451
"A7441","1",0.742454345,-0.775813881,1,-0.47970007,-0.711592785,-0.424052382
"A4642","1",1,-0.264047935,0.928571429,-0.195019237,-0.303493546,0.045837926
"B195","0",-0.581762058,-0.07584394,-0.857142857,0.04630153,0.055348763,-0.703605838
"A121","0",-0.832351313,0.164131201,-1,-0.264157375,-0.584576631,0.212421741
"A384","0",-0.358939079,0.119230028,-0.571428571,0.125343833,-0.346498555,-0.135506738
"B1961","1",0.054435744,-0.755119483,-0.357142857,-0.229183052,-0.194747974,-0.696148437
"A4672","1",-0.268568126,-0.264047935,-0.285714286,-0.195019237,-0.303493546,0.045837926
"67","1",0.198339136332428,-0.253220221726353,0.91635952089931,-0.134313954700662,-0.716301941160486,-0.223415769951353
"51","1",-0.201462828940763,-0.743693336530393,-0.729564126243995,-0.66377579053553,-0.916380412530572,-0.373798137204683
"A464","1",1,-0.264047935,0.928571429,-0.195019237,-0.303493546,0.045837926
"B168","0",-0.684927853,-0.23152819,-0.857142857,-0.285035701,0.163550145,-0.729434347
"A304","0",-0.262160454,-0.264047935,-0.428571429,-0.195019237,-0.303493546,0.045837926
"A333","0",-0.056374383,-0.091519865,-0.5,-0.048570879,-0.017811104,-0.555052837
"A662","0",-0.761417099,-0.264047935,-1,-0.195019237,-0.303493546,0.045837926
"A618","1",0.334416823,-0.264047935,1,-0.195019237,-0.303493546,-0.720284383
"A0162","1",0.144636295,-1,-0.571428571,-0.158896696,-0.572125076,0.007644578
"B1311","1",0.177399381,-0.237926636,1,-0.048570879,-0.722953381,-0.603722708
"B2001","1",0.03847613,-0.07584394,-0.142857143,-0.524549639,0.055348763,-0.703605838
"A4631","1",-0.264024905,-0.264047935,-0.285714286,-0.195019237,-0.303493546,0.045837926
"A441","0",-0.628471327,-0.264047935,-1,-0.195019237,-0.275566262,0.045837926
"B451","1",0.251089442,-0.658217051,-0.285714286,-0.524549639,-0.586119459,0.212421741
"A391","0",-0.17360624,0.10552852,-0.857142857,-0.195019237,-0.544202975,-0.059270761
"A2651","1",0.213164284,-0.264047935,0.857142857,-0.195019237,-0.711592785,0.045837926
"B131","1",0.177399381,-0.237926636,1,-0.048570879,-0.722953381,-0.603722708
"50","1",0.18765322703521,-0.855525143337183,0.2685222631229,-0.263979595310256,-0.566798611999803,0.508659664691628
"26","1",0.33801279297563,-0.219280398825771,0.396104706365152,-0.192245664839139,-0.271458552689501,0.334279617990626
"A744","1",0.742454345,-0.775813881,1,-0.47970007,-0.711592785,-0.424052382
"A111","0",0.048735688,-0.264047935,0.714285714,-0.195019237,-0.303493546,0.045837926
"B258","0",-0.933336472,-0.3717719,-1,-0.195019237,-0.247051535,-0.707729637
"A323","0",0.006118196,-0.264047935,-0.5,-0.195019237,-0.303493546,0.045837926
"A4771","1",0.180048329,-0.624129405,-0.857142857,-0.299725396,-0.51194626,-0.270780032
"A298","0",-0.226086721,-0.264047935,-0.714285714,-0.195019237,-0.303493546,0.045837926
"B201","0",-0.549128695,-0.07584394,-0.857142857,0.04630153,0.055348763,-0.707729637
"A6182","1",0.334416823,-0.264047935,1,-0.195019237,-0.303493546,-0.720284383
"A515","0",-0.485632345,0.364947757,-0.785714286,-0.158896696,-0.385376634,-0.059270761
"B0772","1",0.088037203,-0.07584394,1,0.04630153,0.055348763,0.515728234
"A138","0",-0.804361992,0.219757979,-1,-0.119228237,-0.263802436,-0.696148437
"A039","0",-0.612457762,-0.220534863,-0.857142857,-0.252738526,-0.399234238,-0.703605838
"A4161","1",-0.174514556,-0.739846685,-0.714285714,-0.623510677,-0.948386251,-0.424052382
"A446","0",-0.728281411,-0.264047935,-1,-0.195019237,-0.303493546,0.045837926
"A382","0",-0.033271794,-0.51891649,0.857142857,-0.670714509,-0.34757742,-0.108151632
"19","1",-0.003984464,-0.576123735,-0.642857143,-0.161841747,-0.649891189,-0.433328779
"A4651","1",-0.426487943,-0.775813881,-0.857142857,-1,-0.649123306,0.045837926
"A036","0",-0.537105346,-0.264047935,-1,-0.195019237,-0.303493546,0.045837926
"74","1",0.109179506391081,-0.413489886468795,0.138846445669188,-0.179131722330691,-0.682046095013211,-0.183617890420473
"A6181","1",0.334416823,-0.264047935,1,-0.195019237,-0.303493546,-0.720284383
"9","1",0.213164284,-0.264047935,0.857142857,-0.195019237,-0.711592785,0.045837926
"A617","0",-0.351119864,-0.264047935,-0.714285714,-0.195019237,-0.303493546,0.045837926
"A302","0",-0.13264615,-0.264047935,0.142857143,-0.195019237,-0.303493546,0.045837926
"A4162","1",-0.174514556,-0.739846685,-0.714285714,-0.623510677,-0.948386251,-0.424052382
"B167","0",-0.04335395,0.596322531,0.714285714,1,0.784916536,-0.059270761
"A416","1",-0.174514556,-0.739846685,-0.714285714,-0.623510677,-0.948386251,-0.424052382
"A463","1",-0.264024905,-0.264047935,-0.285714286,-0.195019237,-0.303493546,0.045837926
"A357","0",-0.491957384,0.395962337,-0.857142857,-0.161841747,-0.586119459,-0.66660613
"A076","0",-0.588952902,1,-1,0.12163819,0.012825389,0.029160732
"B406","0",-1,-0.07584394,-1,0.04630153,0.055348763,-0.703605838
"A657","0",-0.79381969,-0.264047935,-1,-0.195019237,-0.303493546,0.045837926
"A497","0",-0.372750827,0.031692455,-0.714285714,-0.252738526,-0.275566262,0.165991318
"B031","0",-0.570378566,0.22952161,-0.714285714,-0.299725396,1,-0.720284383
"B077","1",0.088037203,-0.07584394,1,0.04630153,0.055348763,0.515728234
"7","1",0.180048329,-0.624129405,-0.857142857,-0.299725396,-0.51194626,-0.270780032
"A343","0",0.246373917,-0.130043303,0.142857143,-0.285035701,-0.333513164,0.045837926
"B135","0",-0.809512642,-0.364968264,-1,-0.108535695,-0.354662949,-0.422742983
"B0771","1",0.088037203,-0.07584394,1,0.04630153,0.055348763,0.515728234
"A029","0",0.132162168,0.216486892,-0.071428571,-0.173522395,0.04637258,0.029160732
"B4511","1",0.251089442,-0.658217051,-0.285714286,-0.524549639,-0.586119459,0.212421741
"A2552","1",0.618962669,-0.19838896,0.714285714,-0.190951336,-0.256508945,0.468885238
"B441","0",-0.599627587,-0.224304142,-0.857142857,0.061637265,-0.471569623,-1
"A436","0",-0.592079774,-0.19838896,-0.785714286,0.274653926,-0.263360439,-0.135506738
"A049","0",-0.451606789,-0.264047935,-0.928571429,-0.195019237,-0.303493546,0.045837926
"A069","0",-0.430454737,-0.091519865,-0.857142857,-0.299725396,-0.338235333,-0.703605838
"14","1",0.334416823,-0.264047935,1,-0.195019237,-0.303493546,-0.720284383
"A477","1",0.180048329,-0.624129405,-0.857142857,-0.299725396,-0.51194626,-0.270780032
"B196","1",0.054435744,-0.755119483,-0.357142857,-0.229183052,-0.194747974,-0.696148437
"A588","0",-0.24168661,-0.264047935,-0.642857143,-0.195019237,-0.303493546,0.045837926
"B154","0",-0.158076213,0.279447372,-0.214285714,0.213694032,-0.023486209,1
"B026","0",-0.169074727,0.216486892,-0.571428571,0.274653926,-0.443238093,-0.603722708
"A265","1",0.213164284,-0.264047935,0.857142857,-0.195019237,-0.711592785,0.045837926
"A145","0",-0.169702784,0.211750814,-0.714285714,0.233472203,0.341399159,-0.422742983
"B282","0",-0.547466128,-0.07584394,-0.714285714,0.04630153,0.055348763,-0.703605838
"A674","0",-0.308240037,-0.718653616,-0.714285714,-0.229183052,0.125836672,-0.729434347
"A4772","1",0.180048329,-0.624129405,-0.857142857,-0.299725396,-0.51194626,-0.270780032
"A318","0",-0.568849176,0.211511112,-1,0.010121645,-0.582676928,-0.135506738
"A642","1",-0.003984464,-0.576123735,-0.642857143,-0.161841747,-0.649891189,-0.433328779
"A650","0",-0.596696968,-0.264047935,-0.785714286,-0.195019237,-0.303493546,0.045837926
"A659","0",-0.621067356,-0.51891649,-0.928571429,-0.607322865,-0.017811104,0.045837926
"43","1",0.244257092006096,-0.226999716462407,0.664230481574977,-0.198161844237714,-0.57339338300434,-0.150235281726187
"A3862","1",0.339802419,-0.113153963,0.071428571,-0.207818786,-0.148719386,-0.752750138
"42","1",0.284102954368035,-0.179521913353902,0.417010611385281,-0.202189138762771,-0.396288942989089,-0.401505802111151
"25","1",0.717681182275696,-0.763217435462732,0.968353834195747,-0.472693025790793,-0.701547959082912,-0.412486650205075
"A660","0",-0.365592733,0.395962337,-0.571428571,-0.086392201,0.339962478,1
"B051","0",-0.697957663,-0.07584394,-1,0.04630153,0.055348763,-0.703605838
"A6421","1",-0.003984464,-0.576123735,-0.642857143,-0.161841747,-0.649891189,-0.433328779
"A490","0",-0.386029666,0.029359972,-0.857142857,0.346712848,0.125836672,-0.720284383
"A037","0",-0.535607977,-0.264047935,-0.857142857,-0.195019237,-0.303493546,0.045837926
"B235","0",-0.199272489,-0.204026032,-0.428571429,-0.108535695,0.339962478,-0.720284383
"31","1",-0.156308047658713,-0.264047935,-0.0193896008784836,-0.195019237,-0.398594584647492,0.045837926
"A4632","1",-0.264024905,-0.264047935,-0.285714286,-0.195019237,-0.303493546,0.045837926
"A075","1",0.197032863,-0.856742555,0.285714286,-0.252738526,-0.565541286,0.515728234
"A3861","1",0.339802419,-0.113153963,0.071428571,-0.207818786,-0.148719386,-0.752750138
"B1312","1",0.177399381,-0.237926636,1,-0.048570879,-0.722953381,-0.603722708
"A677","0",-0.895077571,0.190411862,-1,0.089661597,0.104605694,0.515728234
"A334","0",-0.638703623,0.314336669,-0.857142857,0.179372421,-0.207599994,0.029160732
"A613","0",-0.500220743,0.119230028,-0.857142857,-0.173522395,0.124255459,0.029160732
"A752","0",-0.393389495,0.589849451,-0.785714286,0.274653926,-0.086607701,-0.66660613
"A7442","1",0.742454345,-0.775813881,1,-0.47970007,-0.711592785,-0.424052382
"B389","0",-0.67493694,-0.07584394,-0.785714286,0.04630153,0.055348763,-0.703605838
"A016","1",0.144636295,-1,-0.571428571,-0.158896696,-0.572125076,0.007644578
"A643","0",-0.1535056,-0.264047935,-0.928571429,-0.195019237,-0.303493546,-0.720284383
"B4512","1",0.251089442,-0.658217051,-0.285714286,-0.524549639,-0.586119459,0.212421741
"A554","0",-0.674567989,-0.264047935,-0.785714286,-0.195019237,-0.303493546,0.045837926
"B190","0",-0.498958493,-0.23152819,-0.428571429,-0.058624393,-0.582676928,-0.703605838
"A386","1",0.339802419,-0.113153963,0.071428571,-0.207818786,-0.148719386,-0.752750138
"A147","0",-0.169086242,0.190411862,-0.214285714,-0.299725396,-0.471785963,0.875293266
"A005","0",-0.599602926,0.164131201,-1,-0.284279249,-0.722953381,-0.059270761
"A4641","1",1,-0.264047935,0.928571429,-0.195019237,-0.303493546,0.045837926
"A255","1",0.618962669,-0.19838896,0.714285714,-0.190951336,-0.256508945,0.468885238
"B303","0",-0.08947425,-0.07584394,-0.857142857,0.04630153,0.055348763,-0.703605838
"B1962","1",0.054435744,-0.755119483,-0.357142857,-0.229183052,-0.194747974,-0.696148437
