"ID","cluster.cluster","median_HC","median_PRA","median_RAA"
"A0A0B4J1X5_GR(cit)FTISR(cit)DNAK_",4,-3.627461765,-3.909887378,-3.851636062
"O00299_R(cit)TETVQK_",1,-2.506913604,-1.785775359,-1.846481105
"O00483_MLR(cit)QIIGQAK_",4,-1.876336464,-2.486237789,-2.549565279
"O15144_R(cit)NCFASVFEK_",4,-2.972950505,-3.296187539,-3.259250372
"O15144_VLNR(cit)AR(cit)PDAEK_",2,-2.905307879,-2.098850168,-2.494380107
"O43707_AETAANR(cit)ICK_",4,-3.084075002,-3.121022567,-3.269847202
"O43866_SLSPSFR(cit)DR(cit)K_",2,-3.140507572,-2.921908517,-3.33560797
"O75369_VR(cit)AGGPGLER_",1,-2.638078945,-2.427099644,-2.421186597
"O75390_ALGFPLER(cit)PK_",4,-1.978825806,-3.297092063,-3.386073074
"O75947_AR(cit)IVEYEK_",3,-2.659382375,-2.755443614,-2.409679246
"P00325_NDLGNPR(cit)GTLQDGTR(cit)R_",2,-2.17076441,-2.030425685,-2.139592827
"P00325_NDLGNPR(cit)GTLQDGTR_",4,-2.382166694,-2.525861322,-2.628222305
"P00338_NR(cit)VIGSGCNLDSAR_",4,-2.566265622,-2.797921678,-2.68493623
"P00338_QQEGESR(cit)LNLVQR_",2,-2.854932689,-2.803372419,-3.025503258
"P00338_VTLTSEEEAR(cit)LK_",1,-3.047027454,-2.275970546,-2.29992594
"P00387_SNPIIR(cit)TVK_",1,-0.852994706,-0.358453414,-0.270999046
"P00450_EYTDASFTNR(cit)K_",4,-3.079438808,-3.193993185,-3.367469245
"P00558_IEAFR(cit)ASLSK_",1,-3.180072219,-3.029914522,-3.022717611
"P00558_NNQITNNQR(cit)IK_",3,-4.516332884,-4.584465882,-4.519198243
"P00558_YAEAVTR(cit)AK_",4,-2.930797544,-3.103482847,-3.17761546
"P00734_GR(cit)VTGWGNLK_",2,-2.464683513,-2.379413713,-2.419764354
"P00736_LR(cit)YTTEIIK_",1,-3.265421929,-2.504269119,-2.666889548
"P00738_LR(cit)TEGDGVYTLNDK_",4,-4.495063556,-4.720863928,-4.634855097
"P00738_LR(cit)TEGDGVYTLNNEK_",1,-4.229668759,-3.9969813,-3.880500076
"P00738_VGYVSGWGR(cit)NANFK_",2,-3.276258541,-3.028460999,-3.220161998
"P00747_NYR(cit)GTMSK_",2,-3.056591396,-2.899705567,-3.162826697
"P00747_SPR(cit)PSSYK_",2,-2.511294854,-2.408360484,-2.523942866
"P00751_ISVIR(cit)PSK_",1,-4.623308004,-4.394609797,-4.440997031
"P00966_EDFEEAR(cit)K_",1,-2.915155637,-2.126313331,-1.491611454
"P00966_GR(cit)NDLMEYAK_",4,-2.465161618,-2.637547122,-2.55130525
"P00966_QVEIAQR(cit)EGAK_",4,-3.006748099,-3.055908551,-3.220816475
"P00966_SQER(cit)VEGK_",4,-2.655430358,-2.869728879,-3.118078874
"P01008_ENAEQSR(cit)AAINK_",1,-3.163046281,-2.671297221,-2.799365605
"P01008_FSPENTR(cit)K_",4,-1.995474429,-2.480969737,-2.334711614
"P01009_FLENEDR(cit)R_",1,-3.181737954,-2.641257558,-2.786141032
"P01023_R(cit)TTVMVK_",2,-3.363851168,-3.273617311,-3.383200917
"P01023_YGAATFTR(cit)TGK_",4,-3.362666372,-3.369534918,-3.40322547
"P01024_CR(cit)EALK_",3,-2.14717809,-2.508157532,-2.201375148
"P01024_LGR(cit)EGVQK_",4,-1.222391843,-1.526360659,-1.363270851
"P01024_NR(cit)WEDPGK_",1,-2.969142954,-2.819178042,-2.787450489
"P01024_QLANGVDR(cit)YISK_",1,-3.897422611,-3.622533633,-3.685658446
"P01024_TVAVR(cit)TLDPER_",4,-1.072228263,-1.168179497,-1.244460932
"P01042_AR(cit)VQVVAGK_",3,-2.009557264,-2.132801916,-2.019823089
"P01833_AAGSR(cit)DVSLAK_",4,-0.009802919,-0.213221682,-0.124095198
"P01871_VTER(cit)TVDK_",2,-3.652844736,-3.435946219,-3.537942531
"P01876_TIDR(cit)LAGK_",1,-2.535101064,-2.294276531,-2.27110416
"P01876_WLQGSQELPR(cit)EK_",1,-4.348461476,-4.237282396,-4.061402499
"P02545_FVR(cit)LR(cit)NK_",4,-1.239396722,-1.757672951,-1.66051129
"P02545_ITR(cit)LQEK_",2,-1.472858252,-1.430204028,-1.50961342
"P02545_NIYSEELR(cit)ETK_",4,-0.775606563,-1.049312702,-0.886055769
"P02647_ENGGAR(cit)LAEYHAK_",1,-3.641913219,-3.465933137,-3.319157378
"P02647_ETEGLR(cit)QEMSK_",2,-2.963226727,-1.410997709,-3.125209731
"P02649_LLR(cit)DADDLQK_",4,-2.114221177,-2.2282585,-2.190289535
"P02655_LR(cit)DLYSK_",1,-1.609790572,-0.68123855,-0.658662993
"P02671_DLLPSR(cit)DR_",2,-1.31888273,-1.121670329,-1.229985813
"P02671_DR(cit)QHLPLIK_",1,-3.065544064,-2.986106588,-2.95767171
"P02671_GDKELR(cit)TGK_",1,-2.769253138,-2.369718875,-2.336072438
"P02671_GPR(cit)VVER_",1,-3.406753052,-2.385736033,-2.261416248
"P02671_NVR(cit)AQLVDMK_",4,-2.111344261,-2.134276827,-2.14391341
"P02671_SCR(cit)GSCSR(cit)ALAR_",3,-2.964493995,-3.015928926,-2.881407249
"P02671_VTSGSTTTTR(cit)R(cit)SCSK_",1,-5.966668658,-5.718337976,-5.682383564
"P02675_ECEEIIR(cit)K_",1,-3.97447248,-3.393002467,-3.432699481
"P02675_R(cit)EEAPSLR_",1,-1.278842519,-1.265251131,-1.232388851
"P02675_SILENLR(cit)SK_",1,-3.440564797,-2.800178542,-2.755144545
"P02679_R(cit)LDGSVDFK_",2,-2.498502764,-2.271064631,-2.370146695
"P02679_TR(cit)WYSMK_",4,-1.391522456,-1.531107342,-1.589130807
"P02749_ATVVYQGER(cit)VK_",1,-4.056780726,-3.598059285,-3.559982978
"P02749_LPECR(cit)EVK_",1,-1.028362046,-0.482293457,-0.622868901
"P02751_LTVGLTR(cit)R(cit)GQPR_",1,-1.933183889,-1.77762417,-1.506597303
"P02751_SEPLIGR(cit)K_",4,-1.639981827,-3.467291952,-3.417019043
"P02774_SR(cit)LSNLIK_",1,-1.858450895,-1.680358719,-1.42409313
"P02787_AVGNLR(cit)K_",4,-4.139927436,-4.419527629,-4.324334415
"P02787_DSGFQMNQLR(cit)GK_",4,-4.138407865,-4.615985686,-4.540882203
"P02787_LHDR(cit)NTYEK_",4,-5.316130116,-5.448284502,-5.375535388
"P02787_VPPR(cit)MDAK_",2,-2.676740833,-2.618759048,-2.682117659
"P02790_WDR(cit)ELISER_",4,0.879802975,0.781630046,0.772777892
"P04075_ADDGR(cit)PFPQVIK_",1,-3.256067903,-3.038699683,-2.981794044
"P04075_R(cit)ALANSLACQGK_",3,-2.3431161,-2.394201105,-2.153485921
"P04083_R(cit)NNAQR(cit)QQIK_",3,-3.288611635,-3.249781166,-3.082498147
"P04114_INSR(cit)FFGEGTK_",4,-3.771609036,-4.141933734,-4.091628983
"P04114_NR(cit)NNALDFVTK_",4,-4.026970238,-4.665892617,-4.396238773
"P04406_LVTR(cit)AAFNSGK_",1,-1.533215568,-1.367935303,-1.12885886
"P04406_VGVNGFGR(cit)IGR_",4,-0.972910164,-1.188303341,-1.184648226
"P04844_SVASR(cit)ATVLQK_",1,-3.82571516,-3.556051499,-3.487150216
"P04844_TTR(cit)VTYPAK_",1,-2.25079863,-1.91081369,-1.964962343
"P04899_NLR(cit)EDGEK_",3,-2.404366517,-2.67327232,-2.441584701
"P05023_LNIPVSQVNPR(cit)DAK_",3,-2.954320997,-3.530201842,-2.87277256
"P05023_R(cit)AVAGDASESALLK_",2,-2.430407204,-2.262676564,-2.354258513
"P05026_TEISFR(cit)PNDPK_",2,-2.168664487,-2.143779838,-2.158221608
"P05062_AHR(cit)FPALTQEQK_",2,-1.303371994,-1.269265726,-1.37905651
"P05062_LFR(cit)NILK_",1,-5.312294977,-5.008652038,-4.857241701
"P05062_VENTEENR(cit)R(cit)QFR_",4,-1.827509027,-2.112836377,-2.348182962
"P05091_SR(cit)VVGNPFDSK_",1,-1.927959283,-1.842339411,-1.720770122
"P05141_AGAER(cit)EFR_",2,-0.076020305,-0.058061404,-0.067602122
"P05141_TR(cit)LAADVGK_",4,-1.823200319,-1.999897414,-1.892607171
"P05783_ASLENSLR(cit)EVEAR_",1,-1.847503423,-1.32129554,-1.387153288
"P05783_NR(cit)EELDK_",2,-2.816044959,-2.423505996,-2.576166901
"P05783_TTTR(cit)R(cit)IVDGK_",3,-3.067711121,-3.077470639,-2.794397325
"P06727_GR(cit)LTPYADEFK_",1,-3.292978497,-3.215641083,-3.1466708
"P06733_FAGR(cit)NFR(cit)NPLAK_",1,-4.841237267,-4.610459507,-4.461140859
"P06733_NFR(cit)NPLAK_",3,-2.870604066,-2.932317164,-2.72622876
"P06744_AALTR(cit)DPQFQK_",4,-0.882037679,-1.022835554,-1.122437777
"P06744_STEEAR(cit)K_",2,-2.227443916,-2.040612595,-2.1955436
"P06748_SIR(cit)DTPAK_",1,-2.623390249,-2.488900813,-2.532824621
"P07237_FFR(cit)NGDTASPK_",4,-2.580440766,-2.937649328,-2.90850293
"P07305_GVGASGSFR(cit)LAK_",3,-2.14706788,-2.090932134,-1.7133006
"P07305_NR(cit)AGSSR(cit)QSIQK_",4,-4.692754999,-4.740961208,-4.803080747
"P07339_VER(cit)QVFGEATK_",4,-1.932187089,-1.945977109,-1.975825412
"P07355_DIISDTSGDFR(cit)K_",4,-2.661988282,-2.712975629,-2.688956408
"P07355_IR(cit)SEFK_",4,-2.683506743,-2.775447455,-2.784715669
"P07355_VFDR(cit)YK_",2,-3.205355407,-2.654401088,-3.016842071
"P07900_IR(cit)YESLTDPSK_",1,-2.866017709,-2.70372327,-2.759587194
"P08263_NR(cit)YFPAFEK_",1,-3.336294715,-3.295647707,-3.237549302
"P08263_SLEEAR(cit)K_",2,-4.122833334,-3.957787216,-4.047350099
"P08263_TR(cit)ISNLPTVK_",1,-3.767695416,-0.54667886,-1.298897609
"P08311_VSMR(cit)R(cit)GTDTLR_",4,-2.085365379,-2.20299633,-2.307596145
"P08319_TSR(cit)FTCK_",1,-4.105121972,-3.073903512,-3.197705149
"P08603_ENER(cit)FQYK_",4,-3.269191554,-3.589484644,-3.63116195
"P08670_AR(cit)VEVER_",1,-2.106248963,-1.866050455,-1.782696539
"P08670_GTNESLER(cit)QMR_",1,-2.551118045,-2.290884262,-2.306903597
"P08670_NNDALR(cit)QAK_",4,-3.195593854,-3.331243226,-3.366225105
"P08670_SR(cit)LGDLYEEEMR_",4,-2.246645987,-2.29796479,-2.271632121
"P09210_SLEESR(cit)K_",2,-2.996135367,-2.926817136,-3.026977033
"P09382_VR(cit)GEVAPDAK_",1,-2.467430624,-2.037220288,-2.023634244
"P09493_VIESR(cit)AQK_",2,-3.180170864,-3.042909625,-3.139514703
"P09669_FR(cit)VADQR(cit)K_",2,-1.954470733,-1.612960057,-1.750428167
"P09871_QR(cit)IIGGSDADIK_",4,-1.846131667,-2.199048704,-2.345058104
"P0C0L4_NPSR(cit)NNVPCSPK_",1,-4.594810149,-4.147624943,-4.308169761
"P0C0L4_QR(cit)VEASISK_",2,-3.20747021,-2.832278458,-2.978264487
"P0C0L4_QYR(cit)NGESVK_",2,-3.986206362,-3.735531906,-4.028666957
"P0C0L4_TFFR(cit)GLESQTK_",1,-4.509562994,-3.943601952,-3.904658108
"P0DMV9_LR(cit)TACER_",4,-2.059299677,-2.200523734,-2.216738017
"P0DMV9_R(cit)NSTIPTK_",1,-3.319845006,-2.878186578,-2.80756197
"P10412_ER(cit)SGVSLAALK_",1,-5.005374786,-4.761446716,-4.810017024
"P10515_GR(cit)VFVSPLAK_",4,-3.134634756,-3.216690115,-3.303701486
"P10643_NAR(cit)CVQK_",1,-2.451081174,-2.107334793,-2.043143186
"P10809_APGFGDNR(cit)K_",4,-3.93372085,-3.929229261,-4.237194067
"P11021_DNR(cit)AVQK_",4,-2.464708197,-2.564209108,-2.620995538
"P11142_R(cit)NTTIPTK_",2,-3.152443825,-2.809823081,-3.006783333
"P11168_R(cit)LR(cit)GYDDVTK_",2,-2.602647593,-2.259717518,-2.460421921
"P11177_VSR(cit)GLWK_",1,-2.408102846,-2.025172699,-1.915527223
"P11310_EFQATAR(cit)K_",4,-2.459066693,-2.758772253,-2.6976291
"P12111_FR(cit)QSSPDSVK_",2,-2.339144032,-2.143847841,-2.553069252
"P12111_SSDR(cit)VDGPASNLK_",2,-2.626066937,-2.620711229,-2.647017682
"P12277_R(cit)LR(cit)LQK_",1,-2.885295782,-0.791296192,-0.798667232
"P12814_EAMLR(cit)QK_",1,-1.398019868,-1.245523781,-1.16136593
"P13073_VELYR(cit)IK_",2,-2.073445989,-1.97407777,-2.29452996
"P13639_GEGQLGPAER(cit)AK_",4,-1.028452647,-1.289945796,-1.217820866
"P13667_R(cit)FDVSGYPTLK_",2,-3.693021218,-2.992579378,-3.265470871
"P13804_VVVSGGR(cit)GLK_",4,-2.800705629,-3.230496841,-3.139414757
"P14618_APIIAVTR(cit)NPQTAR_",1,-3.129961956,-3.004569691,-2.930475237
"P14618_AR(cit)GFFK_",1,-4.992555179,-3.939837658,-3.923387229
"P14618_GPEIR(cit)TGLIK_",1,-2.8906721,-2.718676715,-2.742092347
"P15311_AQAR(cit)EEK_",1,-4.371148132,-4.234869588,-3.903830451
"P15311_TLR(cit)QIR(cit)QGNTK_",2,-3.79504168,-3.608296304,-3.686328375
"P15311_VSAQEVR(cit)K_",4,-1.359547798,-1.98166717,-2.249873212
"P15924_QR(cit)TQEELR_",3,-1.883482962,-2.223684468,-1.902638826
"P16401_ER(cit)NGLSLAALK_",1,-4.802483664,-4.726336857,-4.733409238
"P18077_TR(cit)VIWGK_",4,-1.180606025,-2.301547572,-2.274472168
"P18206_NR(cit)NFTVEK_",4,-1.648900274,-1.779369692,-1.887565141
"P18621_NTR(cit)ETAQAIK_",4,-0.726635103,-1.903940795,-1.81754089
"P19338_GQNQDYR(cit)GGK_",4,-4.008543427,-4.09939764,-4.121977221
"P19827_AAISGENAGLVR(cit)ASGR_",4,-1.980254493,-2.644909235,-2.666108269
"P19827_VTYDVSR(cit)DK_",1,-2.187549622,-1.550525019,-1.347587591
"P20962_R(cit)AAEEEDEADPK_",3,-2.70978971,-2.759581296,-2.400192521
"P21333_AEISFEDR(cit)K_",2,-2.552691935,-2.466290106,-2.585072132
"P21333_R(cit)IANLQTDLSDGLR_",1,-2.060541652,-1.879350336,-1.796819742
"P21333_R(cit)LTVSSLQESGLK_",1,-3.167903147,-3.038013675,-2.916892029
"P21695_VAEAFAR(cit)TGK_",1,-2.908141993,-2.30154617,-2.26312529
"P21796_SAR(cit)DVFTK_",4,-1.26609413,-1.756034001,-1.731459296
"P21796_SR(cit)VTQSNFAVGYK_",1,-3.506596307,-3.293281416,-3.179568113
"P21810_AFSPLR(cit)K_",2,-4.861650168,-4.689093471,-4.857613544
"P22626_LTDCVVMR(cit)DPASK_",4,-1.224401974,-1.612980467,-1.6889973
"P22626_TLETVPLER(cit)K_",4,-2.440471562,-2.594992122,-2.68878618
"P22695_ANYR(cit)GGEIR_",2,-1.603935615,-1.477357667,-1.617317382
"P23284_VLEGMEVVR(cit)K_",2,-3.173187724,-3.024330552,-3.131700655
"P24752_R(cit)VDFSK_",1,-4.025433113,-3.058536143,-2.807122075
"P25705_AVDSLVPIGR(cit)GQR_",3,-1.52195993,-1.534999694,-1.403347352
"P25705_ELIIGDR(cit)QTGK_",3,-2.50010868,-2.67754843,-2.134211674
"P25705_ISVR(cit)EPMQTGIK_",1,-2.358775488,-2.26292544,-2.274679923
"P25705_R(cit)LTDADAMK_",1,-3.176274418,-2.87820666,-2.84613166
"P25705_R(cit)STVAQLVK_",1,-2.775531066,-2.237688137,-2.243921678
"P25705_VGSAAQTR(cit)AMK_",4,-0.220673073,-1.576088271,-1.994570794
"P26038_EALLQASR(cit)DQK_",4,-1.734513165,-2.123153683,-2.045567578
"P27348_YLAEVACGDDR(cit)K_",3,-3.138276566,-3.320106924,-3.180547231
"P29401_GR(cit)GITGVEDK_",4,-2.723924703,-2.864079051,-2.982498842
"P30041_R(cit)VATPVDWK_",1,-2.778906739,-2.714359241,-2.650544979
"P30050_EPPR(cit)DR(cit)K_",4,0.346849139,-0.481352834,-0.308079792
"P30086_NR(cit)PTSISWDGLDSGK_",4,-3.817796377,-4.381154246,-4.166334832
"P30086_VASFR(cit)K_",4,-4.46756992,-4.776130784,-4.652234518
"P30101_LNFAVASR(cit)K_",4,-2.226056604,-3.289457372,-3.24310683
"P31040_IYQR(cit)AFGGQSLK_",2,-3.267180177,-2.80743404,-2.984449451
"P31327_ASR(cit)SFPFVSK_",2,-1.661218286,-1.109357297,-1.639482911
"P31327_EWPSNLDLR(cit)K_",4,-1.578697501,-1.822999377,-1.948383566
"P31327_LR(cit)DADPILR_",3,-2.715557672,-4.011210986,-2.192407503
"P31930_NR(cit)PGSALEK_",1,-3.58794862,-3.226287498,-3.142996156
"P32119_ASGNAR(cit)IGK_",4,-1.468214314,-1.820268635,-1.798014441
"P35268_AGNLGGGVVTIER(cit)SK_",3,-4.049871126,-4.165357402,-3.952521769
"P35542_AEEWGR(cit)SGK_",4,-2.289215629,-2.44948242,-2.680428765
"P35579_ASR(cit)EEILAQAK_",1,-4.755722225,-3.574997236,-3.517614188
"P35579_ER(cit)QAACK_",1,-0.667756119,-0.570212221,-0.360325327
"P35579_NENAR(cit)QQLER_",4,-2.127780118,-2.127755074,-2.129920156
"P35749_ASR(cit)DEIFATAK_",4,-2.119892555,-2.688677107,-2.607174889
"P35749_NESAR(cit)QQLER_",4,-3.757545357,-3.813515985,-3.962067557
"P35749_R(cit)LVWVPSEK_",3,-2.557748865,-2.860783202,-2.565350767
"P35749_VGR(cit)DVVQK_",1,-2.761692447,-2.331942268,-2.400540631
"P37802_DVGR(cit)PQPGR_",4,-0.638618603,-1.10102068,-1.009961641
"P38646_LINR(cit)NTTIPTK_",4,-2.622060213,-2.99788152,-2.902083392
"P38646_R(cit)ETGVDLTK_",4,-2.27134967,-2.395368381,-2.475389707
"P39023_LLPLR(cit)QK_",2,-1.300583472,-0.856429871,-1.027016049
"P40429_R(cit)GQAALDR(cit)LK_",1,-2.156386519,-1.893893724,-1.849258298
"P42765_ISR(cit)EECDK_",4,-1.57648934,-1.699027259,-1.69167553
"P42765_YALQSQQR(cit)WK_",1,-3.371392493,-3.291821057,-3.010752968
"P43146_R(cit)APR(cit)AK_",4,-2.694272995,-2.709711694,-2.726181436
"P45880_AAR(cit)DIFNK_",1,-2.814464581,-2.116194422,-1.995285534
"P45954_YFR(cit)DAK_",4,-1.708562085,-2.750794953,-2.55143865
"P46776_R(cit)NQSFCPTVNLDK_",4,-3.130477443,-3.790622375,-3.676202381
"P46777_R(cit)FPGYDSESK_",2,-2.458015629,-2.005090148,-2.421477769
"P46778_SR(cit)DSFLK_",4,-1.079938202,-1.334659262,-1.521079934
"P46781_SR(cit)LDQELK_",4,-1.760966192,-2.429251312,-2.398791081
"P48735_ATDFVADR(cit)AGTFK_",1,-3.311064935,-3.162646246,-3.212870019
"P48735_AYDGR(cit)FK_",4,-1.867999445,-2.447653678,-2.3837192
"P50440_R(cit)VMVDANEVPIQK_",1,-2.81625542,-2.561574013,-2.61387581
"P50914_MTDFDR(cit)FK_",3,-2.597910438,-2.692950628,-2.352596745
"P50914_WAATR(cit)WAK_",2,-2.269193108,-2.097902486,-2.18131893
"P50914_YVR(cit)QAWQK_",1,-1.89490089,-1.714067448,-1.662822867
"P51888_LTDR(cit)GLPK_",1,-3.322350753,-2.995437973,-2.91017739
"P52209_SFLEDIR(cit)K_",3,-1.394702289,-1.640558763,-1.189664627
"P53999_TGETSR(cit)ALSSSK_",1,-3.566631762,-3.309486076,-3.294504793
"P55072_LAGESESNLR(cit)K_",1,-3.964074941,-2.92845802,-2.740781281
"P56470_WGSEER(cit)K_",4,-2.844316288,-3.219094912,-3.34007571
"P60174_LDER(cit)EAGITEK_",4,-3.243054244,-3.290822452,-3.359218625
"P60709_IIAPPER(cit)K_",3,-4.178441796,-4.215008439,-3.817983043
"P60709_ILTER(cit)GYSFTTTAER_",2,-2.538848437,-2.371894513,-2.790020302
"P60866_GPVR(cit)MPTK_",3,-2.431129863,-2.559234387,-2.266074858
"P60866_TLR(cit)ITTR(cit)K_",4,-2.180125348,-2.252554409,-2.383541032
"P60866_VCADLIR(cit)GAK_",2,-2.835414021,-2.763249936,-2.936359348
"P61160_R(cit)LDIAGR_",3,-1.666522405,-2.476317084,-1.792255063
"P61247_TLVTR(cit)TQGTK_",4,-0.474635878,-1.77025037,-1.562868828
"P61313_AR(cit)R(cit)LGYK_",1,-2.130734965,-2.020098708,-1.998014575
"P61353_DVFR(cit)DPALK_",2,-3.113213976,-2.674522276,-2.868781909
"P61978_ELR(cit)ENTQTTIK_",4,-3.845193682,-3.943650012,-3.977483873
"P61981_R(cit)ATVVESSEK_",3,-2.502799405,-2.576775311,-2.495561402
"P62081_AQLR(cit)ELNITAAK_",1,-3.730059273,-3.356489901,-3.417244332
"P62241_YELGR(cit)PAANTK_",1,-2.997512022,-2.939764853,-2.957936706
"P62249_GPLQSVQVFGR(cit)K_",1,-4.619532328,-3.987548514,-4.028248573
"P62805_R(cit)ISGLIYEETR_",1,-2.128901938,-1.922581485,-1.841432246
"P62805_RQGR(cit)TLYGFGG_",2,-0.780178668,-0.631915094,-0.760400591
"P62820_R(cit)MGPGATAGGAEK_",4,-2.023602659,-2.950441082,-2.330069291
"P62834_YDPTIEDSYR(cit)K_",4,-2.230911215,-2.605254166,-2.492216732
"P62937_FGSR(cit)NGK_",1,-4.545779044,-3.643994162,-3.770284074
"P62937_TAENFR(cit)ALSTGEK_",4,-4.984313135,-5.054034821,-5.15092421
"P63096_NLR(cit)EDGEK_",1,-2.584634335,-2.553078076,-2.511205348
"P63261_GYSFTTTAER(cit)EIVR_",1,-3.758712697,-1.960948721,-1.732916153
"P63261_IIAPPER(cit)K_",1,-3.274671219,-3.104740948,-2.947969372
"P63267_CDIDIR(cit)K_",4,-2.215786013,-2.393817835,-2.314271138
"P67936_AEFAER(cit)TVAK_",4,-2.436531993,-2.890119141,-2.822388921
"P68133_CDIDIR(cit)K_",3,-3.139387452,-3.210768252,-3.149408806
"P84098_GTANAR(cit)MPEK_",4,-1.888204596,-2.211788739,-2.18285651
"P84098_NTLAR(cit)R(cit)K_",4,-1.24619954,-1.434200222,-1.605376363
"Q00325_EDGVR(cit)GLAK_",2,-2.625633828,-2.035554453,-2.449172998
"Q00796_ESPQEIAR(cit)K_",1,-1.89399367,-1.746588335,-1.646838683
"Q00839_FIEIAAR(cit)K_",1,-3.358278243,-3.171339743,-3.111993888
"Q01082_AWER(cit)LEK_",4,-2.489303319,-2.551578568,-2.569186098
"Q01082_NR(cit)EASLGEASK_",2,-2.113908656,-1.698760658,-2.009913326
"Q01518_EVITFR(cit)EK_",3,-3.025982848,-2.999271105,-2.819437144
"Q01995_GPSYGMSR(cit)EVQSK_",4,-4.533798044,-4.643524921,-4.612477601
"Q01995_R(cit)EFTESQLQEGK_",2,-5.805591777,-5.630960878,-5.896430106
"Q02252_EGASILLDGR(cit)K_",2,-2.987406486,-2.417292284,-2.803828032
"Q02252_ER(cit)VCNLIDSGTK_",1,-4.42238642,-4.195701344,-4.063190064
"Q02543_VVGR(cit)CLPTPK_",1,-3.139346902,-2.900261755,-2.914640078
"Q03135_EIDLVNR(cit)DPK_",1,-1.263486499,-1.168889527,-0.986291814
"Q04828_R(cit)EDIFYTSK_",1,-3.961703152,-3.79392483,-3.690449337
"Q05682_IEER(cit)AEFLNK_",1,-4.109070031,-3.724234204,-3.720939692
"Q06323_YFSER(cit)GDAVTK_",4,-2.674930819,-3.0372899,-2.908353452
"Q06830_R(cit)TIAQDYGVLK_",2,-3.473227387,-3.171292124,-3.311725197
"Q09666_FGVSTGR(cit)EGQTPK_",1,-2.813934968,-2.319475427,-2.400480293
"Q13017_R(cit)R(cit)VEMK_",3,2.743938776,2.055375639,2.790729155
"Q14764_SLQPLAPR(cit)NK_",4,-1.793432483,-2.375059195,-2.265990703
"Q14914_WQGDAR(cit)QK_",4,-0.147274402,-0.878749988,-0.458064806
"Q15084_NR(cit)PEDYQGGR_",1,-2.117550448,-1.837646128,-1.703823769
"Q15582_VIGTNR(cit)K_",4,-1.627584752,-1.850413323,-1.93037641
"Q15643_SENER(cit)LK_",4,-3.133303321,-4.162494686,-4.272982986
"Q15836_VLER(cit)DQK_",1,-2.477862239,-1.885093703,-1.927716852
"Q16822_R(cit)YVAAAFPSACGK_",1,-3.604624771,-3.298104487,-3.346219357
"Q16851_DLDGFR(cit)K_",2,-1.934768045,-1.877392087,-1.963155463
"Q5VTE0_R(cit)GNVAGDSK_",4,-2.072171408,-2.226566647,-2.577132092
"Q6NZI2_VR(cit)TR(cit)ENLEK_",4,-2.768698112,-2.846493338,-2.838131208
"Q71DI3_YR(cit)PGTVALR(cit)EIR_",1,-2.678042414,-2.416993142,-2.259508677
"Q7Z4W1_TMLNR(cit)IPLGK_",1,-3.168024891,-3.079580886,-3.008904903
"Q96I99_ACR(cit)ELELK_",1,-2.963904195,-2.781306493,-2.711470844
"Q96I99_AQILAGGR(cit)GK_",4,-1.219317707,-1.828174107,-1.836773873
"Q99878_SSR(cit)AGLQFPVGR_",3,-2.654744996,-2.661595587,-2.595296098
"Q99878_TR(cit)SSR(cit)AGLQFPVGR_",3,-2.994748796,-2.965621317,-2.659908695
"Q99879_R(cit)STITSR(cit)EIQTAVR_",3,-1.803674395,-1.914402012,-1.623555493
"Q99879_STITSR(cit)EIQTAVR_",4,-2.44444349,-3.172403765,-3.068153713
"Q99880_R(cit)STITSR(cit)EIQTAVR_",3,-0.984862207,-1.096171265,-0.912096553
"Q9BTM1_SR(cit)SSR(cit)AGLQFPVGR_",1,-1.398452464,-0.857767141,-0.903607843
"Q9BVC6_R(cit)EAPVDVLTQIGR_",2,-2.64211439,-2.095572695,-2.304598415
"Q9H1E3_NVR(cit)QQR(cit)QAASK_",1,-2.312994081,-1.914156483,-1.758645763
"Q9H2A2_SSGIGR(cit)EGAK_",1,-2.298113388,-1.774444853,-1.792478481
"Q9H8H3_ALER(cit)ASFSK_",4,-0.535151162,-0.927387555,-1.04757487
"Q9NZN4_R(cit)GGAR(cit)GQQPEAIR_",3,-3.184740465,-3.238567156,-3.090574049
"Q9UBQ7_R(cit)ILDAAGANLK_",3,-3.096553136,-3.087250729,-2.980901064
"Q9UJS0_LTVNDFVR(cit)DK_",4,-1.43553249,-1.521852968,-1.617198968
"Q9UL46_YFSER(cit)GDAVAK_",4,-2.896137938,-2.919923355,-3.077838031
"Q9UM07_LLLASPR(cit)SCYK_",1,-3.832489246,-3.457020981,-3.401898968
"Q9UM07_R(cit)VMGPDFGYVTR_",1,-2.231092698,-1.835855911,-1.901858744
"Q9UM07_VR(cit)VFQATR(cit)GK_",1,-2.919967115,-2.266886033,-2.175924276
"Q9Y2J8_DMSQMILR(cit)TK_",4,-3.643937511,-4.050822598,-4.056011795
"Q9Y2J8_GFPVVLDSPR(cit)DGNLK_",4,-8.11178047,-8.642315989,-8.329841115
"Q9Y2J8_TVR(cit)LQYGSR_",2,-1.882562919,-1.579170366,-1.977807461
"Q9Y2J8_VCFQYLNR(cit)GDR_",3,-3.280888009,-3.334262262,-3.176059288
"Q9Y2J8_VVR(cit)DFLK_",1,-4.359754277,-4.290770533,-4.275482862
"Q9Y490_ER(cit)ELEEAR_",2,-0.992264758,-0.543377544,-0.787514441
"Q9Y6N5_AR(cit)VTELNPDK_",3,-1.279599692,-1.33555766,-1.140881836
