ID_PA,gene(Rposition,ID,Gene,Positions.within.proteins,i,n_PRA,n_HC,n_RAA,p_PRA_vs_HC,fc_PRA_vs_HC,p_RAA_vs_HC,fc_RAA_vs_HC,median_HC,median_PRA,median_RAA,sig_PRA_HC,sig_RAA_HC
A0A0B4J1V0_GLEWVGR(cit)IK_,IGHV3-15(R69),A0A0B4J1V0,IGHV3-15,69,31,32,0,71,NA,NA,NA,NA,NA,-4.723989,-4.558336699,NA,NA
A0A0B4J1X5_GR(cit)FTISR(cit)DNAK_,IGHV3-74(R86;R91),A0A0B4J1X5,IGHV3-74,,32,40,80,147,2.45E-10,-0.282425613,1.05E-13,-0.224174297,-3.627461765,-3.909887378,-3.851636062,"down in PRA, wilcox",ns
O00299_R(cit)TETVQK_,CLIC1(R51),O00299,CLIC1 G6 NCC27,51,33,11,18,56,9.07E-06,0.721138245,1.28E-10,0.660432499,-2.506913604,-1.785775359,-1.846481105,"up in PRA, wilcox","up in RAA, wilcox"
O00483_MLR(cit)QIIGQAK_,NDUFA4(R3),O00483,NDUFA4,3,34,43,1,83,NA,NA,NA,NA,-1.876336464,-2.486237789,-2.549565279,NA,NA
O15144_R(cit)NCFASVFEK_,ARPC2(R118),O15144,ARPC2 ARC34 PRO2446,118,35,21,2,50,NA,NA,NA,NA,-2.972950505,-3.296187539,-3.259250372,NA,NA
O15144_VLNR(cit)AR(cit)PDAEK_,ARPC2(R279; R281),O15144,ARPC2 ARC34 PRO2446,279,36,31,26,140,4.89E-10,0.806457711,1.38E-09,0.410927772,-2.905307879,-2.098850168,-2.494380107,"up in PRA, wilcox","up in RAA, wilcox"
O43707_AETAANR(cit)ICK_,ACTN4(R280),O43707,ACTN4,280;261;275;268,37,39,76,138,0.16976684,-0.036947565,1.68E-10,-0.1857722,-3.084075002,-3.121022567,-3.269847202,ns,ns
O43707_EGLLLWCQR(cit)K_,ACTN4(R175),O43707,ACTN4,175;156;163;170,38,34,0,61,NA,NA,NA,NA,NA,-5.92904293,-5.876063223,NA,NA
O43866_SLSPSFR(cit)DR(cit)K_,CD5L(R296;R298),O43866,CD5L API6 UNQ203/PRO229,296,39,17,83,79,0.000225181,0.218599055,1.51E-10,-0.195100398,-3.140507572,-2.921908517,-3.33560797,ns,ns
O75369_VR(cit)AGGPGLER_,FLNB(R2197),O75369,FLNB FLN1L FLN3 TABP TAP,2197;2242,40,23,40,114,2.47E-07,0.210979301,3.27E-12,0.216892348,-2.638078945,-2.427099644,-2.421186597,ns,ns
O75390_ALGFPLER(cit)PK_,CS(R448),O75390,CS,448,41,23,2,62,NA,NA,NA,NA,-1.978825806,-3.297092063,-3.386073074,NA,NA
O75947_AR(cit)IVEYEK_,ATP5H(R111),O75947,ATP5PD ATP5H My032,111,42,22,8,34,0.279190215,-0.096061239,4.29E-06,0.249703129,-2.659382375,-2.755443614,-2.409679246,ns,ns
O95831_VR(cit)R(cit)EGVK_,AIFM1(R357;R358),O95831,AIFM1 AIF PDCD8,357,43,27,0,89,NA,NA,NA,NA,NA,-1.722827808,-1.824883329,NA,NA
P00325_AAGAAR(cit)IIAVDINK_,ADH1B(R219),P00325,ADH1B ADH2,219;219;219,44,20,0,60,NA,NA,NA,NA,NA,-4.664517927,-4.689388439,NA,NA
P00325_NDLGNPR(cit)GTLQDGTR(cit)R_,ADH1B(R121;R129),P00325,ADH1B ADH2,121;121,45,36,81,145,0.000241845,0.140338725,0.022773076,0.031171583,-2.17076441,-2.030425685,-2.139592827,ns,ns
P00325_NDLGNPR(cit)GTLQDGTR_,ADH1B(R121),P00325,ADH1B ADH2,121;121,46,23,61,95,0.008188286,-0.143694628,1.86E-13,-0.246055611,-2.382166694,-2.525861322,-2.628222305,ns,ns
P00338_NR(cit)VIGSGCNLDSAR_,LDHA(R157),P00338,LDHA PIG19,157;157,47,21,10,117,9.78E-05,-0.231656056,0.00105034,-0.118670608,-2.566265622,-2.797921678,-2.68493623,ns,ns
P00338_QQEGESR(cit)LNLVQR_,LDHA(R106),P00338,LDHA PIG19,106;107,48,23,8,94,0.367793452,0.05156027,0.000642471,-0.170570569,-2.854932689,-2.803372419,-3.025503258,ns,ns
P00338_VTLTSEEEAR(cit)LK_,LDHA(R315),P00338,LDHA PIG19,315,49,15,2,39,NA,NA,NA,NA,-3.047027454,-2.275970546,-2.29992594,NA,NA
P00387_SNPIIR(cit)TVK_,CYB5R3(R170),P00387,CYB5R3 DIA1,170,50,33,23,102,1.53E-10,0.494541292,3.75E-14,0.58199566,-0.852994706,-0.358453414,-0.270999046,"up in PRA, wilcox","up in RAA, wilcox"
P00450_EYTDASFTNR(cit)K_,CP(R436),P00450,CP,436,51,9,32,50,0.189464125,-0.114554377,3.55E-05,-0.288030437,-3.079438808,-3.193993185,-3.367469245,ns,"down in RAA, wilcox"
P00558_IEAFR(cit)ASLSK_,PGK1(R151),P00558,PGK1 PGKA MIG10 OK/SW-cl.110,151;151,52,13,86,115,0.006037876,0.150157697,1.64E-13,0.157354608,-3.180072219,-3.029914522,-3.022717611,ns,ns
P00558_NNQITNNQR(cit)IK_,PGK1(R39),P00558,PGK1 PGKA MIG10 OK/SW-cl.110,39,53,36,73,178,0.092035214,-0.068132998,0.268730685,-0.002865359,-4.516332884,-4.584465882,-4.519198243,ns,ns
P00558_YAEAVTR(cit)AK_,PGK1(R330),P00558,PGK1 PGKA MIG10 OK/SW-cl.110,330,54,39,76,147,5.28E-07,-0.172685303,6.01E-21,-0.246817916,-2.930797544,-3.103482847,-3.17761546,ns,ns
P00734_GR(cit)VTGWGNLK_,F2(R500),P00734,F2,500,55,41,87,175,8.68E-05,0.0852698,0.000225531,0.044919159,-2.464683513,-2.379413713,-2.419764354,ns,ns
P00736_LR(cit)YTTEIIK_,C1R(R301),P00736,C1R,301,56,12,21,71,2.54E-06,0.76115281,4.92E-12,0.598532381,-3.265421929,-2.504269119,-2.666889548,"up in PRA, wilcox","up in RAA, wilcox"
P00738_LR(cit)TEGDGVYTLNDK_,HP(R59),P00738,HP,59;60,57,42,74,167,2.27E-07,-0.225800372,3.02E-09,-0.139791541,-4.495063556,-4.720863928,-4.634855097,ns,ns
P00738_LR(cit)TEGDGVYTLNNEK_,HP(R118),P00738,HP,118,58,48,83,193,3.64E-07,0.232687459,3.92E-21,0.349168683,-4.229668759,-3.9969813,-3.880500076,ns,"up in RAA, wilcox"
P00738_VGYVSGWGR(cit)NANFK_,HP(R286),P00738,HP,286,59,25,76,105,4.33E-06,0.247797542,0.013844673,0.056096543,-3.276258541,-3.028460999,-3.220161998,ns,ns
P00747_NYR(cit)GTMSK_,PLG(R112),P00747,PLG,112,60,13,65,108,0.03168747,0.156885829,0.000967457,-0.106235301,-3.056591396,-2.899705567,-3.162826697,ns,ns
P00747_SPR(cit)PSSYK_,PLG(R629),P00747,PLG,629,61,4,31,65,NA,NA,0.32686406,-0.012648012,-2.511294854,-2.408360484,-2.523942866,NA,ns
P00751_ISVIR(cit)PSK_,CFB(R503),P00751,CFB BF BFD,503,62,30,13,46,0.000139844,0.228698207,1.74E-05,0.182310973,-4.623308004,-4.394609797,-4.440997031,ns,ns
P00966_EDFEEAR(cit)K_,ASS1(R48),P00966,ASS1 ASS,48,63,43,36,114,1.83E-14,0.788842306,2.33E-20,1.423544183,-2.915155637,-2.126313331,-1.491611454,"up in PRA, wilcox","up in RAA, wilcox"
P00966_GR(cit)NDLMEYAK_,ASS1(R157),P00966,ASS1 ASS,157,64,50,13,188,0.000225691,-0.172385504,0.001387509,-0.086143632,-2.465161618,-2.637547122,-2.55130525,ns,ns
P00966_QVEIAQR(cit)EGAK_,ASS1(R108),P00966,ASS1 ASS,108,65,48,98,187,0.01283978,-0.049160452,1.03E-19,-0.214068376,-3.006748099,-3.055908551,-3.220816475,ns,ns
P00966_SQER(cit)VEGK_,ASS1(R344),P00966,ASS1 ASS,344,66,24,1,82,NA,NA,NA,NA,-2.655430358,-2.869728879,-3.118078874,NA,NA
P01008_ENAEQSR(cit)AAINK_,SERPINC1(R215),P01008,SERPINC1 AT3 PRO0309,215,67,30,70,126,2.92E-14,0.49174906,3.22E-24,0.363680676,-3.163046281,-2.671297221,-2.799365605,"up in PRA, wilcox","up in RAA, wilcox"
P01008_FSPENTR(cit)K_,SERPINC1(R267),P01008,SERPINC1 AT3 PRO0309,267;268,68,31,7,88,0.000192683,-0.485495308,0.013584376,-0.339237185,-1.995474429,-2.480969737,-2.334711614,"down in PRA, wilcox","down in RAA, wilcox"
P01008_LVSANR(cit)LFGDK_,SERPINC1(R177),P01008,SERPINC1 AT3 PRO0309,177,69,32,0,56,NA,NA,NA,NA,NA,-5.51793563,-5.622342161,NA,NA
P01009_FLENEDR(cit)R_,SERPINA1(R305),P01009,SERPINA1 AAT PI PRO0684 PRO2209,305,70,23,80,102,2.09E-12,0.540480396,1.35E-26,0.395596922,-3.181737954,-2.641257558,-2.786141032,"up in PRA, wilcox","up in RAA, wilcox"
P01023_R(cit)TTVMVK_,A2M(R117),P01023,A2M CPAMD5 FWP007,117,71,43,27,125,0.003324035,0.090233857,0.1427536,-0.019349749,-3.363851168,-3.273617311,-3.383200917,ns,ns
P01023_YGAATFTR(cit)TGK_,A2M(R1271),P01023,A2M CPAMD5 FWP007,1271,72,53,93,163,0.347434993,-0.006868546,0.000508575,-0.040559098,-3.362666372,-3.369534918,-3.40322547,ns,ns
P01024_CR(cit)EALK_,C3(R1591),P01024,C3 CPAMD1,1591;1590,73,12,56,62,3.37E-06,-0.360979442,0.006447273,-0.054197058,-2.14717809,-2.508157532,-2.201375148,"down in PRA, wilcox",ns
P01024_LGR(cit)EGVQK_,C3(R954),P01024,C3 CPAMD1,954,74,27,68,153,1.40E-06,-0.303968816,1.63E-05,-0.140879008,-1.222391843,-1.526360659,-1.363270851,"down in PRA, wilcox",ns
P01024_NR(cit)WEDPGK_,C3(R1219),P01024,C3 CPAMD1,1219,75,12,44,100,0.001242062,0.149964912,1.21E-09,0.181692465,-2.969142954,-2.819178042,-2.787450489,ns,ns
P01024_QLANGVDR(cit)YISK_,C3(R1427),P01024,C3 CPAMD1,1427,76,47,53,147,2.95E-09,0.274888978,6.55E-10,0.211764165,-3.897422611,-3.622533633,-3.685658446,"up in PRA, wilcox",ns
P01024_TVAVR(cit)TLDPER_,C3(R945),P01024,C3 CPAMD1,945,77,14,36,80,0.417155629,-0.095951234,0.025967107,-0.172232669,-1.072228263,-1.168179497,-1.244460932,ns,ns
P01042_AR(cit)VQVVAGK_,KNG1(R308),P01042,KNG1 BDK KNG,308,78,45,79,178,4.47E-06,-0.123244652,0.05183699,-0.010265825,-2.009557264,-2.132801916,-2.019823089,ns,ns
P01833_AAGSR(cit)DVSLAK_,PIGR(R571),P01833,PIGR,571,79,30,57,80,2.24E-06,-0.203418763,1.17E-07,-0.114292279,-0.009802919,-0.213221682,-0.124095198,ns,ns
P01871_VTER(cit)TVDK_,IGHM(R427),P01871,IGHM,427;550,80,46,94,184,3.76E-07,0.216898517,2.32E-07,0.114902205,-3.652844736,-3.435946219,-3.537942531,ns,ns
P01876_TIDR(cit)LAGK_,IGHA1(R331),P01876,IGHA1,331;433,81,20,36,47,0.000269675,0.240824533,4.46E-08,0.263996904,-2.535101064,-2.294276531,-2.27110416,ns,"up in RAA, wilcox"
P01876_WLQGSQELPR(cit)EK_,IGHA1(R273),P01876,IGHA1,273;375;260,82,43,64,191,0.001592554,0.11117908,8.44E-21,0.287058977,-4.348461476,-4.237282396,-4.061402499,ns,"up in RAA, wilcox"
P02545_AAYEAELGDAR(cit)K_,LMNA(R89),P02545,LMNA LMN1,89,83,4,0,54,NA,NA,NA,NA,NA,-3.235766737,-3.024263011,NA,NA
P02545_FVR(cit)LR(cit)NK_,LMNA(R453;R455),P02545,LMNA LMN1,455,84,18,43,76,1.33E-09,-0.518276229,1.36E-16,-0.421114568,-1.239396722,-1.757672951,-1.66051129,"down in PRA, wilcox","down in RAA, wilcox"
P02545_ITR(cit)LQEK_,LMNA(R28),P02545,LMNA LMN1,28,85,33,21,124,0.09947661,0.042654224,0.106720536,-0.036755168,-1.472858252,-1.430204028,-1.50961342,ns,ns
P02545_NIYSEELR(cit)ETK_,LMNA(R216),P02545,LMNA LMN1,216,86,31,68,121,6.34E-09,-0.273706139,5.40E-06,-0.110449206,-0.775606563,-1.049312702,-0.886055769,"down in PRA, wilcox",ns
P02647_ENGGAR(cit)LAEYHAK_,APOA1(R212),P02647,APOA1,212,87,11,44,106,0.001776092,0.175980082,5.81E-12,0.322755841,-3.641913219,-3.465933137,-3.319157378,ns,"up in RAA, wilcox"
P02647_ETEGLR(cit)QEMSK_,APOA1(R107),P02647,APOA1,107,88,9,59,94,1.52E-06,1.552229018,2.61E-07,-0.161983004,-2.963226727,-1.410997709,-3.125209731,"up in PRA, wilcox",ns
P02647_LAAR(cit)LEALK_,APOA1(R201),P02647,APOA1,201,89,24,0,82,NA,NA,NA,NA,NA,-4.402988051,-4.419041063,NA,NA
P02649_LLR(cit)DADDLQK_,APOE(R168),P02649,APOE,168,90,27,28,117,0.002044492,-0.114037323,0.000740004,-0.076068358,-2.114221177,-2.2282585,-2.190289535,ns,ns
P02655_LR(cit)DLYSK_,APOC2(R72),P02655,APOC2 APC2,72,91,14,4,30,NA,NA,NA,NA,-1.609790572,-0.68123855,-0.658662993,NA,NA
P02671_DLLPSR(cit)DR_,FGA(R216),P02671,FGA,216,92,3,31,68,NA,NA,0.011827593,0.088896917,-1.31888273,-1.121670329,-1.229985813,NA,ns
P02671_DR(cit)QHLPLIK_,FGA(R218),P02671,FGA,218,93,11,41,91,0.075267917,0.079437476,0.00051054,0.107872354,-3.065544064,-2.986106588,-2.95767171,ns,ns
P02671_GDKELR(cit)TGK_,FGA(R443),P02671,FGA,443,94,20,21,68,5.02E-07,0.399534263,6.14E-12,0.4331807,-2.769253138,-2.369718875,-2.336072438,"up in PRA, wilcox","up in RAA, wilcox"
P02671_GPR(cit)VVER_,FGA(R38),P02671,FGA,38,95,29,13,47,2.03E-07,1.021017019,2.03E-09,1.145336804,-3.406753052,-2.385736033,-2.261416248,"up in PRA, wilcox","up in RAA, wilcox"
P02671_NVR(cit)AQLVDMK_,FGA(R160),P02671,FGA,160,96,36,91,175,0.16355711,-0.022932566,0.043220441,-0.032569149,-2.111344261,-2.134276827,-2.14391341,ns,ns
P02671_SCR(cit)GSCSR(cit)ALAR_,FGA(R181;R186),P02671,FGA,181,97,18,68,113,0.183928389,-0.051434931,0.004073845,0.083086746,-2.964493995,-3.015928926,-2.881407249,ns,ns
P02671_VTSGSTTTTR(cit)R(cit)SCSK_,FGA(R458;R459),P02671,FGA,459,98,55,74,206,3.61E-05,0.248330682,1.28E-10,0.284285094,-5.966668658,-5.718337976,-5.682383564,ns,"up in RAA, wilcox"
P02675_ECEEIIR(cit)K_,FGB(R246),P02675,FGB,246,99,45,96,171,4.17E-18,0.581470013,6.02E-36,0.541772999,-3.97447248,-3.393002467,-3.432699481,"up in PRA, wilcox","up in RAA, wilcox"
P02675_R(cit)EEAPSLR_,FGB(R53),P02675,FGB,53,100,45,25,145,0.699409899,0.013591388,0.071080784,0.046453668,-1.278842519,-1.265251131,-1.232388851,ns,ns
P02675_SILENLR(cit)SK_,FGB(R206),P02675,FGB,206;210,101,42,57,120,4.26E-14,0.640386255,4.66E-24,0.685420252,-3.440564797,-2.800178542,-2.755144545,"up in PRA, wilcox","up in RAA, wilcox"
P02679_R(cit)LDGSVDFK_,FGG(R223),P02679,FGG PRO2061,223,102,41,87,153,3.58E-07,0.227438133,3.58E-11,0.128356069,-2.498502764,-2.271064631,-2.370146695,ns,ns
P02679_TR(cit)WYSMK_,FGG(R401),P02679,FGG PRO2061,401,103,25,10,31,0.000972734,-0.139584886,1.09E-05,-0.197608351,-1.391522456,-1.531107342,-1.589130807,ns,ns
P02749_ATVVYQGER(cit)VK_,APOH(R279),P02749,APOH B2G1,279,104,52,96,199,1.89E-19,0.458721441,3.73E-38,0.496797748,-4.056780726,-3.598059285,-3.559982978,"up in PRA, wilcox","up in RAA, wilcox"
P02749_LPECR(cit)EVK_,APOH(R201),P02749,APOH B2G1,201,105,33,11,84,1.77E-06,0.546068589,6.33E-06,0.405493145,-1.028362046,-0.482293457,-0.622868901,"up in PRA, wilcox","up in RAA, wilcox"
P02751_LTVGLTR(cit)R(cit)GQPR_,FN1(R1035;R1036),P02751,FN1 FN,1035,106,9,44,69,0.098530294,0.155559719,3.02E-13,0.426586586,-1.933183889,-1.77762417,-1.506597303,ns,"up in RAA, wilcox"
P02751_SEPLIGR(cit)K_,FN1(R1988),P02751,FN1 FN,1988,107,38,8,94,7.27E-06,-1.827310126,1.10E-06,-1.777037217,-1.639981827,-3.467291952,-3.417019043,"down in PRA, wilcox","down in RAA, wilcox"
P02774_SR(cit)LSNLIK_,GC(R232),P02774,GC,232,108,15,5,95,0.004821301,0.178092176,0.00019524,0.434357765,-1.858450895,-1.680358719,-1.42409313,ns,"up in RAA, wilcox"
P02787_AVGNLR(cit)K_,TF(R682),P02787,TF PRO1400,682,109,9,98,76,3.60E-05,-0.279600193,1.59E-12,-0.184406979,-4.139927436,-4.419527629,-4.324334415,"down in PRA, wilcox",ns
P02787_DSGFQMNQLR(cit)GK_,TF(R132),P02787,TF PRO1400,132,110,41,88,174,4.27E-17,-0.477577821,3.34E-31,-0.402474338,-4.138407865,-4.615985686,-4.540882203,"down in PRA, wilcox","down in RAA, wilcox"
P02787_LHDR(cit)NTYEK_,TF(R663),P02787,TF PRO1400,663,111,56,93,205,5.95E-06,-0.132154386,0.002040683,-0.059405272,-5.316130116,-5.448284502,-5.375535388,ns,ns
P02787_VPPR(cit)MDAK_,TF(R327),P02787,TF PRO1400,327,112,45,73,162,0.033152341,0.057981785,0.218571039,-0.005376826,-2.676740833,-2.618759048,-2.682117659,ns,ns
P02790_WDR(cit)ELISER_,HPX(R83),P02790,HPX,83,113,41,56,134,0.000606048,-0.098172929,7.47E-08,-0.107025083,0.879802975,0.781630046,0.772777892,ns,ns
P04075_ADDGR(cit)PFPQVIK_,ALDOA(R92),P04075,ALDOA ALDA,92,114,14,47,65,0.001513556,0.21736822,1.42E-10,0.274273859,-3.256067903,-3.038699683,-2.981794044,ns,"up in RAA, wilcox"
P04075_R(cit)ALANSLACQGK_,ALDOA(R331),P04075,ALDOA ALDA,331,115,29,31,76,0.069556097,-0.051085005,2.94E-08,0.189630179,-2.3431161,-2.394201105,-2.153485921,ns,ns
P04083_R(cit)NNAQR(cit)QQIK_,ANXA1(R72;R77),P04083,ANXA1 ANX1 LPC1,77,116,45,65,137,0.048537857,0.038830469,1.96E-11,0.206113488,-3.288611635,-3.249781166,-3.082498147,ns,ns
P04114_INSR(cit)FFGEGTK_,APOB(R297),P04114,APOB,297,117,18,25,85,1.55E-06,-0.370324698,4.17E-10,-0.320019947,-3.771609036,-4.141933734,-4.091628983,"down in PRA, wilcox","down in RAA, wilcox"
P04114_NR(cit)NNALDFVTK_,APOB(R3212),P04114,APOB,3212,118,24,34,51,1.03E-10,-0.638922379,6.19E-13,-0.369268535,-4.026970238,-4.665892617,-4.396238773,"down in PRA, wilcox","down in RAA, wilcox"
P04406_LVTR(cit)AAFNSGK_,GAPDH(R20),P04406,GAPDH GAPD CDABP0047 OK/SW-cl.12,20,119,23,76,68,0.000157424,0.165280265,8.22E-19,0.404356708,-1.533215568,-1.367935303,-1.12885886,ns,"up in RAA, wilcox"
P04406_VGVNGFGR(cit)IGR_,GAPDH(R13),P04406,GAPDH GAPD CDABP0047 OK/SW-cl.12,13,120,3,69,23,NA,NA,2.76E-07,-0.211738062,-0.972910164,-1.188303341,-1.184648226,NA,ns
P04844_SVASR(cit)ATVLQK_,RPN2(R316),P04844,RPN2,316,121,53,44,193,1.90E-06,0.269663661,1.87E-12,0.338564944,-3.82571516,-3.556051499,-3.487150216,"up in PRA, wilcox","up in RAA, wilcox"
P04844_TTR(cit)VTYPAK_,RPN2(R395),P04844,RPN2,395,122,8,29,29,0.000512431,0.33998494,7.85E-06,0.285836287,-2.25079863,-1.91081369,-1.964962343,"up in PRA, wilcox","up in RAA, wilcox"
P04899_NLR(cit)EDGEK_,GNAI2(R24),P04899,GNAI2 GNAI2B,24;24;24,123,24,16,57,1.42E-05,-0.268905803,0.195404792,-0.037218184,-2.404366517,-2.67327232,-2.441584701,"down in PRA, wilcox",ns
P05023_LNIPVSQVNPR(cit)DAK_,ATP1A1(R658),P05023,ATP1A1,658;648,124,8,77,75,0.00072514,-0.575880845,0.540335769,0.081548437,-2.954320997,-3.530201842,-2.87277256,"down in PRA, wilcox",ns
P05023_R(cit)AVAGDASESALLK_,ATP1A1(R445),P05023,ATP1A1,445,125,10,34,100,0.004458294,0.16773064,0.010450012,0.076148691,-2.430407204,-2.262676564,-2.354258513,ns,ns
P05026_TEISFR(cit)PNDPK_,ATP1B1(R91),P05026,ATP1B1 ATP1B,91,126,31,12,83,0.536726799,0.024884649,0.945631888,0.010442879,-2.168664487,-2.143779838,-2.158221608,ns,ns
P05062_AHR(cit)FPALTQEQK_,ALDOB(R4),P05062,ALDOB ALDB,4,127,35,97,156,0.216512609,0.034106268,0.000304483,-0.075684516,-1.303371994,-1.269265726,-1.37905651,ns,ns
P05062_LFR(cit)NILK_,ALDOB(R95),P05062,ALDOB ALDB,95,128,34,51,110,2.13E-09,0.303642939,4.08E-19,0.455053276,-5.312294977,-5.008652038,-4.857241701,"up in PRA, wilcox","up in RAA, wilcox"
P05062_VENTEENR(cit)R(cit)QFR_,ALDOB(R56;R57),P05062,ALDOB ALDB,57,129,30,3,139,NA,NA,NA,NA,-1.827509027,-2.112836377,-2.348182962,NA,NA
P05091_SR(cit)VVGNPFDSK_,ALDH2(R346),P05091,ALDH2 ALDM,346,130,47,84,148,0.011539603,0.085619872,4.88E-12,0.207189161,-1.927959283,-1.842339411,-1.720770122,ns,ns
P05141_AGAER(cit)EFR_,SLC25A5(R152),P05141,SLC25A5 AAC2 ANT2,152,131,26,60,61,0.447525093,0.017958901,0.149322527,0.008418183,-0.076020305,-0.058061404,-0.067602122,ns,ns
P05141_TR(cit)LAADVGK_,SLC25A5(R140),P05141,SLC25A5 AAC2 ANT2,140;140;140,132,18,56,102,0.001705559,-0.176697095,0.009005349,-0.069406852,-1.823200319,-1.999897414,-1.892607171,ns,ns
P05783_ASLENSLR(cit)EVEAR_,KRT18(R325),P05783,KRT18 CYK18 PIG46,325,133,29,22,66,8.21E-09,0.526207883,5.56E-11,0.460350135,-1.847503423,-1.32129554,-1.387153288,"up in PRA, wilcox","up in RAA, wilcox"
P05783_NR(cit)EELDK_,KRT18(R264),P05783,KRT18 CYK18 PIG46,264;257;164,134,2,31,15,NA,NA,0.000109122,0.239878058,-2.816044959,-2.423505996,-2.576166901,NA,ns
P05783_TTTR(cit)R(cit)IVDGK_,KRT18(R411;R412),P05783,KRT18 CYK18 PIG46,412,135,44,64,149,0.367420702,-0.009759518,1.35E-15,0.273313796,-3.067711121,-3.077470639,-2.794397325,ns,"up in RAA, wilcox"
P06727_GR(cit)LTPYADEFK_,APOA4(R200),P06727,APOA4,200,136,29,65,113,0.019588299,0.077337414,1.44E-08,0.146307697,-3.292978497,-3.215641083,-3.1466708,ns,ns
P06733_FAGR(cit)NFR(cit)NPLAK_,ENO1(R426;R429),P06733,ENO1 ENO1L1 MBPB1 MPB1,426,137,39,75,132,3.38E-07,0.23077776,5.25E-21,0.380096408,-4.841237267,-4.610459507,-4.461140859,ns,"up in RAA, wilcox"
P06733_NFR(cit)NPLAK_,ENO1(R429),P06733,ENO1 ENO1L1 MBPB1 MPB1,429,138,10,56,52,0.149580941,-0.061713098,0.002980821,0.144375306,-2.870604066,-2.932317164,-2.72622876,ns,ns
P06744_AALTR(cit)DPQFQK_,GPI(R6),P06744,GPI,6,139,20,4,102,NA,NA,NA,NA,-0.882037679,-1.022835554,-1.122437777,NA,NA
P06744_STEEAR(cit)K_,GPI(R446),P06744,GPI,446;446,140,11,29,48,0.007125793,0.186831321,0.159233365,0.031900316,-2.227443916,-2.040612595,-2.1955436,ns,ns
P06748_SIR(cit)DTPAK_,NPM1(R197),P06748,NPM1 NPM,197,141,49,52,109,0.000151564,0.134489436,3.46E-05,0.090565628,-2.623390249,-2.488900813,-2.532824621,ns,ns
P07237_FFR(cit)NGDTASPK_,P4HB(R106),P07237,P4HB ERBA2L PDI PDIA1 PO4DB,106,142,8,30,61,9.88E-05,-0.357208562,2.71E-10,-0.328062164,-2.580440766,-2.937649328,-2.90850293,"down in PRA, wilcox","down in RAA, wilcox"
P07305_GVGASGSFR(cit)LAK_,H1F0(R94),P07305,H1-0 H1F0 H1FV,94,143,5,19,61,0.56950641,0.056135746,1.83E-10,0.43376728,-2.14706788,-2.090932134,-1.7133006,ns,"up in RAA, wilcox"
P07305_NR(cit)AGSSR(cit)QSIQK_,H1F0(R42;R47),P07305,H1-0 H1F0 H1FV,42,15,46,84,192,0.054404912,-0.048206209,2.10E-06,-0.110325748,-4.692754999,-4.740961208,-4.803080747,ns,ns
P07339_VER(cit)QVFGEATK_,CTSD(R176),P07339,CTSD CPSD,176,16,48,53,171,0.174665894,-0.01379002,6.17E-06,-0.043638323,-1.932187089,-1.945977109,-1.975825412,ns,ns
P07355_DIISDTSGDFR(cit)K_,ANXA2(R168),P07355,ANXA2 ANX2 ANX2L4 CAL1H LPC2D,168;168,17,39,73,144,0.014647873,-0.050987347,0.011085292,-0.026968126,-2.661988282,-2.712975629,-2.688956408,ns,ns
P07355_IR(cit)SEFK_,ANXA2(R304),P07355,ANXA2 ANX2 ANX2L4 CAL1H LPC2D,304;304,144,26,58,123,0.000186653,-0.091940712,1.31E-06,-0.101208926,-2.683506743,-2.775447455,-2.784715669,ns,ns
P07355_VFDR(cit)YK_,ANXA2(R231),P07355,ANXA2 ANX2 ANX2L4 CAL1H LPC2D,231;231,145,15,44,76,1.14E-08,0.550954319,7.04E-10,0.188513336,-3.205355407,-2.654401088,-3.016842071,"up in PRA, wilcox",ns
P07900_IR(cit)YESLTDPSK_,HSP90AA1(R60),P07900,HSP90AA1 HSP90A HSPC1 HSPCA,60;31;55;55;55,146,28,23,70,0.051118867,0.162294439,0.023496694,0.106430515,-2.866017709,-2.70372327,-2.759587194,ns,ns
P08263_NR(cit)YFPAFEK_,GSTA1(R131),P08263,GSTA1,131;131;131,147,3,1,67,NA,NA,NA,NA,-3.336294715,-3.295647707,-3.237549302,NA,NA
P08263_SLEEAR(cit)K_,GSTA1(R217),P08263,GSTA1,217;217,148,7,39,71,0.00794596,0.165046118,0.003615804,0.075483235,-4.122833334,-3.957787216,-4.047350099,ns,ns
P08263_TR(cit)ISNLPTVK_,GSTA1(R187),P08263,GSTA1,187;187;187;187,149,7,4,60,NA,NA,NA,NA,-3.767695416,-0.54667886,-1.298897609,NA,NA
P08311_VSMR(cit)R(cit)GTDTLR_,CTSG(R153;R154),P08311,CTSG,153,150,15,20,75,0.067496243,-0.117630951,7.00E-05,-0.222230766,-2.085365379,-2.20299633,-2.307596145,ns,ns
P08319_TSR(cit)FTCK_,ADH4(R135),P08319,ADH4 ADH2,135,151,25,17,102,9.76E-08,1.03121846,1.42E-08,0.907416823,-4.105121972,-3.073903512,-3.197705149,"up in PRA, wilcox","up in RAA, wilcox"
P08603_ENER(cit)FQYK_,CFH(R232),P08603,CFH HF HF1 HF2,232,152,2,41,96,NA,NA,7.57E-19,-0.361970396,-3.269191554,-3.589484644,-3.63116195,NA,"down in RAA, wilcox"
P08670_AR(cit)VEVER_,VIM(R170),P08670,VIM,170,153,48,76,179,6.35E-13,0.240198508,8.94E-32,0.323552424,-2.106248963,-1.866050455,-1.782696539,ns,"up in RAA, wilcox"
P08670_GTNESLER(cit)QMR_,VIM(R342),P08670,VIM,342;308,154,37,71,132,1.18E-11,0.260233783,4.92E-21,0.244214448,-2.551118045,-2.290884262,-2.306903597,ns,ns
P08670_NNDALR(cit)QAK_,VIM(R310),P08670,VIM,310,18,43,85,180,4.24E-09,-0.135649372,5.19E-23,-0.170631251,-3.195593854,-3.331243226,-3.366225105,ns,ns
P08670_SR(cit)LGDLYEEEMR_,VIM(R145),P08670,VIM,145,19,46,87,149,0.063663749,-0.051318803,0.076692389,-0.024986134,-2.246645987,-2.29796479,-2.271632121,ns,ns
P09210_NR(cit)YFPAFEK_,GSTA2(R131),P09210,GSTA2 GST2,131;131;131,155,15,0,45,NA,NA,NA,NA,NA,-3.425478232,-3.447843971,NA,NA
P09210_SLEESR(cit)K_,GSTA2(R217),P09210,GSTA2 GST2,217,156,20,87,26,0.004678582,0.069318231,0.091302744,-0.030841666,-2.996135367,-2.926817136,-3.026977033,ns,ns
P09382_VR(cit)GEVAPDAK_,LGALS1(R21),P09382,LGALS1,21,157,41,36,135,2.28E-11,0.430210336,2.09E-13,0.44379638,-2.467430624,-2.037220288,-2.023634244,"up in PRA, wilcox","up in RAA, wilcox"
P09493_VIESR(cit)AQK_,TPM1(R133),P09493,TPM1 C15orf13 TMSA,133,158,38,77,172,1.15E-06,0.137261239,0.002390023,0.040656161,-3.180170864,-3.042909625,-3.139514703,ns,ns
P09669_FR(cit)VADQR(cit)K_,COX6C(R40;R45),P09669,COX6C,45,159,39,76,160,4.55E-10,0.341510676,2.53E-06,0.204042566,-1.954470733,-1.612960057,-1.750428167,"up in PRA, wilcox",ns
P09871_QR(cit)IIGGSDADIK_,C1S(R437),P09871,C1S,437,160,20,1,57,NA,NA,NA,NA,-1.846131667,-2.199048704,-2.345058104,NA,NA
P0C0L4_NPSR(cit)NNVPCSPK_,C4A(R63),P0C0L4,C4A CO4 CPAMD2,63;63,161,14,29,42,3.25E-06,0.447185206,7.23E-07,0.286640388,-4.594810149,-4.147624943,-4.308169761,"up in PRA, wilcox","up in RAA, wilcox"
P0C0L4_QR(cit)VEASISK_,C4A(R1167),P0C0L4,C4A CO4 CPAMD2,1167;1167,162,6,31,83,0.000694483,0.375191752,1.48E-08,0.229205723,-3.20747021,-2.832278458,-2.978264487,"up in PRA, wilcox",ns
P0C0L4_QYR(cit)NGESVK_,C4A(R582),P0C0L4,C4A CO4 CPAMD2,582;582,163,3,22,42,NA,NA,0.085171822,-0.042460595,-3.986206362,-3.735531906,-4.028666957,NA,ns
P0C0L4_TFFR(cit)GLESQTK_,C4A(R297),P0C0L4,C4A CO4 CPAMD2,297;297,164,20,37,88,6.68E-10,0.565961042,6.15E-18,0.604904886,-4.509562994,-3.943601952,-3.904658108,"up in PRA, wilcox","up in RAA, wilcox"
P0DMV9_LR(cit)TACER_,HSPA1B(R264),P0DMV9,HSPA1B HSP72,264;264;266;266;266;264;267,165,42,6,162,0.134477702,-0.141224057,0.109211589,-0.15743834,-2.059299677,-2.200523734,-2.216738017,ns,ns
P0DMV9_R(cit)NSTIPTK_,HSPA1B(R416),P0DMV9,HSPA1B HSP72,416;416;418,166,17,20,74,2.44E-07,0.441658428,9.70E-12,0.512283036,-3.319845006,-2.878186578,-2.80756197,"up in PRA, wilcox","up in RAA, wilcox"
P10412_ER(cit)SGVSLAALK_,H1F4(R54),P10412,H1-4 H1F4 HIST1H1E,54;55;54,167,20,17,89,0.000252538,0.24392807,7.27E-05,0.195357762,-5.005374786,-4.761446716,-4.810017024,ns,ns
P10515_GR(cit)VFVSPLAK_,DLAT(R354),P10515,DLAT DLTA,354,168,18,86,113,0.024093654,-0.082055359,7.60E-09,-0.16906673,-3.134634756,-3.216690115,-3.303701486,ns,ns
P10643_NAR(cit)CVQK_,C7(R687),P10643,C7,687,169,17,45,26,3.68E-07,0.343746381,9.09E-10,0.407937988,-2.451081174,-2.107334793,-2.043143186,"up in PRA, wilcox","up in RAA, wilcox"
P10809_APGFGDNR(cit)K_,HSPD1(R309),P10809,HSPD1 HSP60,309,170,16,35,37,0.894917686,0.004491589,1.34E-09,-0.303473217,-3.93372085,-3.929229261,-4.237194067,ns,"down in RAA, wilcox"
P11021_DNR(cit)AVQK_,HSPA5(R283),P11021,HSPA5 GRP78,283,171,35,35,164,0.016370231,-0.099500911,5.66E-05,-0.156287341,-2.464708197,-2.564209108,-2.620995538,ns,ns
P11142_R(cit)NTTIPTK_,HSPA8(R416),P11142,HSPA8 HSC70 HSP73 HSPA10,416;419,20,37,88,140,3.57E-12,0.342620744,2.66E-07,0.145660492,-3.152443825,-2.809823081,-3.006783333,"up in PRA, wilcox",ns
P11168_R(cit)LR(cit)GYDDVTK_,SLC2A2(R262;R264),P11168,SLC2A2 GLUT2,264,172,16,1,67,NA,NA,NA,NA,-2.602647593,-2.259717518,-2.460421921,NA,NA
P11177_VSR(cit)GLWK_,PDHB(R71),P11177,PDHB PHE1B,71,173,1,11,40,NA,NA,1.77E-06,0.492575623,-2.408102846,-2.025172699,-1.915527223,NA,"up in RAA, wilcox"
P11310_EFQATAR(cit)K_,ACADM(R53),P11310,ACADM,53,174,13,11,108,0.00101041,-0.29970556,3.26E-05,-0.238562407,-2.459066693,-2.758772253,-2.6976291,"down in PRA, wilcox",ns
P12111_FR(cit)QSSPDSVK_,COL6A3(R1938),P12111,COL6A3,1938,175,10,62,100,0.019345694,0.195296191,2.02E-11,-0.21392522,-2.339144032,-2.143847841,-2.553069252,ns,ns
P12111_SSDR(cit)VDGPASNLK_,COL6A3(R955),P12111,COL6A3,955,176,11,85,95,0.45255682,0.005355708,0.062519127,-0.020950745,-2.626066937,-2.620711229,-2.647017682,ns,ns
P12277_R(cit)LR(cit)LQK_,CKB(R314;R316),P12277,CKB CKBB,316,177,27,10,74,2.54E-06,2.09399959,1.51E-07,2.08662855,-2.885295782,-0.791296192,-0.798667232,"up in PRA, wilcox","up in RAA, wilcox"
P12814_EAMLR(cit)QK_,ACTN1(R418),P12814,ACTN1,418,178,4,19,39,NA,NA,2.49E-05,0.236653938,-1.398019868,-1.245523781,-1.16136593,NA,ns
P13073_VELYR(cit)IK_,COX4I1(R83),P13073,COX4I1 COX4,83,179,12,40,34,0.253633622,0.099368219,0.022389143,-0.221083971,-2.073445989,-1.97407777,-2.29452996,ns,ns
P13611_SPPVR(cit)GSLSGK_,VCAN(R33),P13611,VCAN CSPG2,33,180,16,0,50,NA,NA,NA,NA,NA,-1.162709833,-1.035737234,NA,NA
P13639_GEGQLGPAER(cit)AK_,EEF2(R249),P13639,EEF2 EF2,249,181,36,42,147,3.12E-06,-0.261493149,8.36E-07,-0.189368219,-1.028452647,-1.289945796,-1.217820866,ns,ns
P13667_R(cit)FDVSGYPTLK_,PDIA4(R246),P13667,PDIA4 ERP70 ERP72,246,182,4,2,31,NA,NA,NA,NA,-3.693021218,-2.992579378,-3.265470871,NA,NA
P13804_VVVSGGR(cit)GLK_,ETFA(R223),P13804,ETFA,223,183,23,78,70,2.46E-11,-0.429791212,5.80E-20,-0.338709128,-2.800705629,-3.230496841,-3.139414757,"down in PRA, wilcox","down in RAA, wilcox"
P14618_APIIAVTR(cit)NPQTAR_,PKM(R455),P14618,PKM OIP3 PK2 PK3 PKM2,455,184,44,93,162,1.69E-05,0.125392265,2.84E-18,0.199486719,-3.129961956,-3.004569691,-2.930475237,ns,ns
P14618_AR(cit)GFFK_,PKM(R500),P14618,PKM OIP3 PK2 PK3 PKM2,500,185,20,17,81,1.57E-07,1.052717521,6.01E-11,1.06916795,-4.992555179,-3.939837658,-3.923387229,"up in PRA, wilcox","up in RAA, wilcox"
P14618_GPEIR(cit)TGLIK_,PKM(R120),P14618,PKM OIP3 PK2 PK3 PKM2,120,21,32,62,136,7.59E-06,0.171995385,2.61E-07,0.148579753,-2.8906721,-2.718676715,-2.742092347,ns,ns
P14625_IYFMAGSSR(cit)K_,HSP90B1(R546),P14625,HSP90B1 GRP94 HSPC4 TRA1,546,186,0,27,28,NA,NA,1.05E-07,-0.274750754,-2.962241337,NA,-3.236992091,NA,"down in RAA, wilcox"
P15311_AQAR(cit)EEK_,EZR(R310),P15311,EZR VIL2,310;326;310;310,187,36,5,112,0.099975672,0.136278544,0.000197404,0.467317681,-4.371148132,-4.234869588,-3.903830451,ns,"up in RAA, wilcox"
P15311_TLR(cit)QIR(cit)QGNTK_,EZR(R569;R572),P15311,EZR VIL2,572;569;563,188,30,7,100,0.000204598,0.186745376,0.002710397,0.108713305,-3.79504168,-3.608296304,-3.686328375,ns,ns
P15311_VSAQEVR(cit)K_,EZR(R71),P15311,EZR VIL2,71,189,36,2,145,NA,NA,NA,NA,-1.359547798,-1.98166717,-2.249873212,NA,NA
P15924_QR(cit)TQEELR_,DSP(R1649),P15924,DSP,1649,190,2,27,35,NA,NA,0.150309314,-0.019155864,-1.883482962,-2.223684468,-1.902638826,NA,ns
P16401_ER(cit)NGLSLAALK_,H1F5(R57),P16401,H1-5 H1F5 HIST1H1B,57,22,44,62,117,0.030166301,0.076146807,0.014939925,0.069074426,-4.802483664,-4.726336857,-4.733409238,ns,ns
P18077_TR(cit)VIWGK_,RPL35A(R68),P18077,RPL35A GIG33,68,191,5,7,52,0.005430801,-1.120941547,2.93E-05,-1.093866143,-1.180606025,-2.301547572,-2.274472168,"down in PRA, wilcox","down in RAA, wilcox"
P18206_NR(cit)NFTVEK_,VCL(R230),P18206,VCL,230,192,31,57,94,0.000107214,-0.130469418,3.55E-13,-0.238664867,-1.648900274,-1.779369692,-1.887565141,ns,ns
P18621_NTR(cit)ETAQAIK_,RPL17(R30),P18621,RPL17,30,193,6,9,49,0.00170633,-1.177305692,1.95E-06,-1.090905787,-0.726635103,-1.903940795,-1.81754089,"down in PRA, wilcox","down in RAA, wilcox"
P19338_GQNQDYR(cit)GGK_,NCL(R474),P19338,NCL,474,194,23,44,147,0.049934275,-0.090854213,0.00174458,-0.113433794,-4.008543427,-4.09939764,-4.121977221,ns,ns
P19827_AAISGENAGLVR(cit)ASGR_,ITIH1(R137),P19827,ITIH1 IGHEP1,137;132,195,20,6,60,0.000608504,-0.664654742,4.49E-05,-0.685853776,-1.980254493,-2.644909235,-2.666108269,"down in PRA, wilcox","down in RAA, wilcox"
P19827_VTYDVSR(cit)DK_,ITIH1(R264),P19827,ITIH1 IGHEP1,264,196,5,53,49,0.000310677,0.637024603,1.44E-17,0.839962031,-2.187549622,-1.550525019,-1.347587591,"up in PRA, wilcox","up in RAA, wilcox"
P20962_R(cit)AAEEEDEADPK_,PTMS(R81),P20962,PTMS,81,197,12,69,49,0.104171451,-0.049791586,5.77E-11,0.309597189,-2.70978971,-2.759581296,-2.400192521,ns,"up in RAA, wilcox"
P21333_AEISFEDR(cit)K_,FLNA(R2288),P21333,FLNA FLN FLN1,2288,198,28,39,113,0.003449802,0.086401829,0.01734434,-0.032380197,-2.552691935,-2.466290106,-2.585072132,ns,ns
P21333_R(cit)IANLQTDLSDGLR_,FLNA(R63),P21333,FLNA FLN FLN1,63,199,22,5,65,0.010636534,0.181191316,0.00019139,0.26372191,-2.060541652,-1.879350336,-1.796819742,ns,"up in RAA, wilcox"
P21333_R(cit)LTVSSLQESGLK_,FLNA(R2334),P21333,FLNA FLN FLN1,2334,200,33,24,131,0.006172129,0.129889472,4.47E-08,0.251011118,-3.167903147,-3.038013675,-2.916892029,ns,ns
P21695_VAEAFAR(cit)TGK_,GPD1(R279),P21695,GPD1,279;281,201,15,30,73,2.18E-06,0.606595823,2.77E-12,0.645016703,-2.908141993,-2.30154617,-2.26312529,"up in PRA, wilcox","up in RAA, wilcox"
P21796_SAR(cit)DVFTK_,VDAC1(R15),P21796,VDAC1 VDAC,15,202,39,67,151,1.41E-16,-0.489939871,3.70E-28,-0.465365166,-1.26609413,-1.756034001,-1.731459296,"down in PRA, wilcox","down in RAA, wilcox"
P21796_SR(cit)VTQSNFAVGYK_,VDAC1(R163),P21796,VDAC1 VDAC,163,203,12,50,92,0.002340467,0.213314891,1.24E-12,0.327028194,-3.506596307,-3.293281416,-3.179568113,ns,"up in RAA, wilcox"
P21810_AFSPLR(cit)K_,BGN(R138),P21810,BGN SLRR1A,138,204,13,48,53,0.013173529,0.172556697,0.591173807,0.004036624,-4.861650168,-4.689093471,-4.857613544,ns,ns
P22626_LTDCVVMR(cit)DPASK_,HNRNPA2B1(R54),P22626,HNRNPA2B1 HNRPA2B1,54,205,15,4,68,NA,NA,NA,NA,-1.224401974,-1.612980467,-1.6889973,NA,NA
P22626_TLETVPLER(cit)K_,HNRNPA2B1(R12),P22626,HNRNPA2B1 HNRPA2B1,12,206,44,72,123,8.78E-08,-0.15452056,5.82E-21,-0.248314618,-2.440471562,-2.594992122,-2.68878618,ns,ns
P22695_ANYR(cit)GGEIR_,UQCRC2(R254),P22695,UQCRC2,254,207,26,45,36,0.003319739,0.126577948,0.086165829,-0.013381767,-1.603935615,-1.477357667,-1.617317382,ns,ns
P23284_VLEGMEVVR(cit)K_,PPIB(R180),P23284,PPIB CYPB,180,208,25,83,80,2.77E-05,0.148857172,0.017321982,0.041487069,-3.173187724,-3.024330552,-3.131700655,ns,ns
P24752_R(cit)VDFSK_,ACAT1(R258),P24752,ACAT1 ACAT MAT,258,209,14,19,45,1.15E-06,0.96689697,2.59E-10,1.218311038,-4.025433113,-3.058536143,-2.807122075,"up in PRA, wilcox","up in RAA, wilcox"
P25705_AVDSLVPIGR(cit)GQR_,ATP5A1(R204),P25705,ATP5F1A ATP5A ATP5A1 ATP5AL2 ATPM,204,210,5,81,101,1,-0.013039764,3.34E-06,0.118612578,-1.52195993,-1.534999694,-1.403347352,ns,ns
P25705_ELIIGDR(cit)QTGK_,ATP5A1(R214),P25705,ATP5F1A ATP5A ATP5A1 ATP5AL2 ATPM,214,211,4,4,53,NA,NA,NA,NA,-2.50010868,-2.67754843,-2.134211674,NA,NA
P25705_ISVR(cit)EPMQTGIK_,ATP5A1(R186),P25705,ATP5F1A ATP5A ATP5A1 ATP5AL2 ATPM,186,212,48,62,159,0.004066798,0.095850048,0.000391904,0.084095565,-2.358775488,-2.26292544,-2.274679923,ns,ns
P25705_R(cit)LTDADAMK_,ATP5A1(R262),P25705,ATP5F1A ATP5A ATP5A1 ATP5AL2 ATPM,262,213,46,95,172,1.46E-08,0.298067758,6.45E-16,0.330142758,-3.176274418,-2.87820666,-2.84613166,"up in PRA, wilcox","up in RAA, wilcox"
P25705_R(cit)STVAQLVK_,ATP5A1(R253),P25705,ATP5F1A ATP5A ATP5A1 ATP5AL2 ATPM,253,214,13,26,69,3.41E-06,0.537842929,1.82E-12,0.531609388,-2.775531066,-2.237688137,-2.243921678,"up in PRA, wilcox","up in RAA, wilcox"
P25705_VGSAAQTR(cit)AMK_,ATP5A1(R424),P25705,ATP5F1A ATP5A ATP5A1 ATP5AL2 ATPM,424,215,11,2,73,NA,NA,NA,NA,-0.220673073,-1.576088271,-1.994570794,NA,NA
P26038_EALLQASR(cit)DQK_,MSN(R408),P26038,MSN,408,23,39,93,152,1.00E-13,-0.388640518,1.20E-22,-0.311054413,-1.734513165,-2.123153683,-2.045567578,"down in PRA, wilcox","down in RAA, wilcox"
P27348_YLAEVACGDDR(cit)K_,YWHAQ(R138),P27348,YWHAQ,138,216,19,6,65,0.001980775,-0.181830358,0.014640871,-0.042270665,-3.138276566,-3.320106924,-3.180547231,ns,ns
P29401_GR(cit)GITGVEDK_,TKT(R246),P29401,TKT,246,217,43,43,175,7.82E-06,-0.140154348,2.33E-17,-0.258574139,-2.723924703,-2.864079051,-2.982498842,ns,ns
P30041_R(cit)VATPVDWK_,PRDX6(R174),P30041,PRDX6 AOP2 KIAA0106,174,218,35,36,115,0.138677247,0.064547498,0.002151053,0.12836176,-2.778906739,-2.714359241,-2.650544979,ns,ns
P30050_EPPR(cit)DR(cit)K_,RPL12(R90;R92),P30050,RPL12,92,219,11,1,52,NA,NA,NA,NA,0.346849139,-0.481352834,-0.308079792,NA,NA
P30086_NR(cit)PTSISWDGLDSGK_,PEBP1(R49),P30086,PEBP1 PBP PEBP,49,24,37,60,140,2.36E-14,-0.563357869,4.79E-15,-0.348538455,-3.817796377,-4.381154246,-4.166334832,"down in PRA, wilcox","down in RAA, wilcox"
P30086_VASFR(cit)K_,PEBP1(R155),P30086,PEBP1 PBP PEBP,155,220,32,54,63,2.44E-12,-0.308560864,2.47E-14,-0.184664598,-4.46756992,-4.776130784,-4.652234518,"down in PRA, wilcox",ns
P30101_LNFAVASR(cit)K_,PDIA3(R304),P30101,PDIA3 ERP57 ERP60 GRP58,304,221,16,39,38,6.58E-09,-1.063400768,2.28E-14,-1.017050226,-2.226056604,-3.289457372,-3.24310683,"down in PRA, wilcox","down in RAA, wilcox"
P31040_IYQR(cit)AFGGQSLK_,SDHA(R171),P31040,SDHA SDH2 SDHF,171,25,36,58,157,3.10E-10,0.459746137,4.24E-13,0.282730726,-3.267180177,-2.80743404,-2.984449451,"up in PRA, wilcox","up in RAA, wilcox"
P31327_ASR(cit)SFPFVSK_,CPS1(R1262),P31327,CPS1,1262,222,2,39,25,NA,NA,0.354431708,0.021735375,-1.661218286,-1.109357297,-1.639482911,NA,ns
P31327_EWPSNLDLR(cit)K_,CPS1(R840),P31327,CPS1,840,223,20,77,122,0.01514879,-0.244301876,3.17E-06,-0.369686065,-1.578697501,-1.822999377,-1.948383566,ns,"down in RAA, wilcox"
P31327_LR(cit)DADPILR_,CPS1(R1319),P31327,CPS1,1319,224,4,10,61,NA,NA,0.000142876,0.523150169,-2.715557672,-4.011210986,-2.192407503,NA,"up in RAA, wilcox"
P31930_NR(cit)PGSALEK_,UQCRC1(R104),P31930,UQCRC1,104,225,45,59,166,2.32E-13,0.361661122,5.88E-26,0.444952464,-3.58794862,-3.226287498,-3.142996156,"up in PRA, wilcox","up in RAA, wilcox"
P32119_ASGNAR(cit)IGK_,PRDX2(R7),P32119,PRDX2 NKEFB TDPX1,7,226,6,24,45,0.002763304,-0.352054321,2.96E-08,-0.329800127,-1.468214314,-1.820268635,-1.798014441,"down in PRA, wilcox","down in RAA, wilcox"
P35268_AGNLGGGVVTIER(cit)SK_,RPL22(R65),P35268,RPL22,65,227,36,18,50,0.008669813,-0.115486276,0.02686595,0.097349357,-4.049871126,-4.165357402,-3.952521769,ns,ns
P35542_AEEWGR(cit)SGK_,SAA4(R113),P35542,SAA4 CSAA,113,228,11,2,58,NA,NA,NA,NA,-2.289215629,-2.44948242,-2.680428765,NA,NA
P35579_ASR(cit)EEILAQAK_,MYH9(R1661),P35579,MYH9,1661,229,43,9,156,1.53E-06,1.180724989,1.58E-07,1.238108037,-4.755722225,-3.574997236,-3.517614188,"up in PRA, wilcox","up in RAA, wilcox"
P35579_ER(cit)QAACK_,MYH9(R1830),P35579,MYH9,1830,230,6,50,69,0.133639496,0.097543898,1.11E-14,0.307430792,-0.667756119,-0.570212221,-0.360325327,ns,"up in RAA, wilcox"
P35579_NENAR(cit)QQLER_,MYH9(R1780),P35579,MYH9,1780,231,24,58,79,0.457684057,2.50E-05,0.173504549,-0.002140038,-2.127780118,-2.127755074,-2.129920156,ns,ns
P35749_ASR(cit)DEIFATAK_,MYH11(R1668),P35749,MYH11 KIAA0866,1668,232,52,77,149,6.21E-21,-0.568784552,5.42E-33,-0.487282334,-2.119892555,-2.688677107,-2.607174889,"down in PRA, wilcox","down in RAA, wilcox"
P35749_NESAR(cit)QQLER_,MYH11(R1787),P35749,MYH11 KIAA0866,1787,233,21,22,64,0.15873509,-0.055970628,4.00E-05,-0.2045222,-3.757545357,-3.813515985,-3.962067557,ns,ns
P35749_R(cit)LVWVPSEK_,MYH11(R34),P35749,MYH11 KIAA0866,34,234,32,80,88,2.35E-09,-0.303034337,0.134137416,-0.007601902,-2.557748865,-2.860783202,-2.565350767,"down in PRA, wilcox",ns
P35749_VGR(cit)DVVQK_,MYH11(R405),P35749,MYH11 KIAA0866,405,235,37,94,153,2.05E-12,0.429750179,3.33E-20,0.361151816,-2.761692447,-2.331942268,-2.400540631,"up in PRA, wilcox","up in RAA, wilcox"
P37802_DVGR(cit)PQPGR_,TAGLN2(R44),P37802,TAGLN2 KIAA0120 CDABP0035,44,236,3,28,8,NA,NA,0.000354843,-0.371343038,-0.638618603,-1.10102068,-1.009961641,NA,"down in RAA, wilcox"
P38646_LINR(cit)NTTIPTK_,HSPA9(R460),P38646,HSPA9 GRP75 HSPA9B mt-HSP70,460,237,17,84,138,4.40E-07,-0.375821307,1.77E-12,-0.280023179,-2.622060213,-2.99788152,-2.902083392,"down in PRA, wilcox","down in RAA, wilcox"
P38646_R(cit)ETGVDLTK_,HSPA9(R292),P38646,HSPA9 GRP75 HSPA9B mt-HSP70,292,238,13,7,58,0.424606489,-0.124018711,0.052902007,-0.204040037,-2.27134967,-2.395368381,-2.475389707,ns,ns
P39023_LLPLR(cit)QK_,RPL3(R174),P39023,RPL3 OK/SW-cl.32,174,239,24,20,93,4.31E-08,0.444153601,4.66E-09,0.273567423,-1.300583472,-0.856429871,-1.027016049,"up in PRA, wilcox","up in RAA, wilcox"
P40429_R(cit)GQAALDR(cit)LK_,RPL13A(R94;R101),P40429,RPL13A,94,240,44,66,120,2.31E-10,0.262492795,2.02E-17,0.307128221,-2.156386519,-1.893893724,-1.849258298,ns,"up in RAA, wilcox"
P42765_ISR(cit)EECDK_,ACAA2(R176),P42765,ACAA2,176,241,34,68,104,1.88E-05,-0.122537919,7.35E-09,-0.11518619,-1.57648934,-1.699027259,-1.69167553,ns,ns
P42765_YALQSQQR(cit)WK_,ACAA2(R189),P42765,ACAA2,189,242,17,1,92,NA,NA,NA,NA,-3.371392493,-3.291821057,-3.010752968,NA,NA
P43146_R(cit)APR(cit)AK_,DCC(R1228;R1231),P43146,DCC IGDCC1,1231,243,20,20,61,0.43595303,-0.015438699,0.334241109,-0.031908441,-2.694272995,-2.709711694,-2.726181436,ns,ns
P45880_AAR(cit)DIFNK_,VDAC2(R26),P45880,VDAC2,26,244,14,18,64,2.55E-06,0.698270159,1.77E-10,0.819179047,-2.814464581,-2.116194422,-1.995285534,"up in PRA, wilcox","up in RAA, wilcox"
P45954_YFR(cit)DAK_,ACADSB(R405),P45954,ACADSB,405,245,3,17,44,NA,NA,2.04E-09,-0.842876565,-1.708562085,-2.750794953,-2.55143865,NA,"down in RAA, wilcox"
P46776_R(cit)NQSFCPTVNLDK_,RPL27A(R65),P46776,RPL27A,65,246,27,14,116,3.73E-07,-0.660144932,4.57E-10,-0.545724938,-3.130477443,-3.790622375,-3.676202381,"down in PRA, wilcox","down in RAA, wilcox"
P46777_R(cit)FPGYDSESK_,RPL5(R179),P46777,RPL5 MSTP030,179,247,6,35,45,0.000225954,0.452925481,0.090014956,0.03653786,-2.458015629,-2.005090148,-2.421477769,"up in PRA, wilcox",ns
P46777_TDYYAR(cit)K_,RPL5(R33),P46777,RPL5 MSTP030,33,248,16,0,28,NA,NA,NA,NA,NA,-2.311951054,-2.395519911,NA,NA
P46778_SR(cit)DSFLK_,RPL21(R102),P46778,RPL21,102,249,22,19,72,0.000469106,-0.25472106,1.36E-09,-0.441141732,-1.079938202,-1.334659262,-1.521079934,ns,"down in RAA, wilcox"
P46781_SR(cit)LDQELK_,RPS9(R24),P46781,RPS9,24,250,26,59,116,2.77E-13,-0.66828512,2.53E-27,-0.637824889,-1.760966192,-2.429251312,-2.398791081,"down in PRA, wilcox","down in RAA, wilcox"
P48735_ATDFVADR(cit)AGTFK_,IDH2(R188),P48735,IDH2,188,251,48,83,178,0.000133172,0.148418689,2.04E-05,0.098194916,-3.311064935,-3.162646246,-3.212870019,ns,ns
P48735_AYDGR(cit)FK_,IDH2(R261),P48735,IDH2,261,252,18,6,62,0.000304195,-0.579654233,2.76E-05,-0.515719755,-1.867999445,-2.447653678,-2.3837192,"down in PRA, wilcox","down in RAA, wilcox"
P50440_R(cit)VMVDANEVPIQK_,GATM(R369),P50440,GATM AGAT,369,253,14,85,128,0.000385452,0.254681407,1.37E-09,0.20237961,-2.81625542,-2.561574013,-2.61387581,ns,ns
P50914_MTDFDR(cit)FK_,RPL14(R109),P50914,RPL14,109,254,14,46,68,0.020623796,-0.09504019,4.40E-13,0.245313693,-2.597910438,-2.692950628,-2.352596745,ns,ns
P50914_WAATR(cit)WAK_,RPL14(R90),P50914,RPL14,90,255,20,52,126,1.39E-06,0.171290622,9.30E-06,0.087874178,-2.269193108,-2.097902486,-2.18131893,ns,ns
P50914_YVR(cit)QAWQK_,RPL14(R74),P50914,RPL14,74,256,26,77,147,1.41E-05,0.180833442,1.42E-15,0.232078023,-1.89490089,-1.714067448,-1.662822867,ns,ns
P51888_LTDR(cit)GLPK_,PRELP(R281),P51888,PRELP SLRR2A,281,257,13,64,56,2.04E-05,0.32691278,4.28E-17,0.412173363,-3.322350753,-2.995437973,-2.91017739,"up in PRA, wilcox","up in RAA, wilcox"
P52209_SFLEDIR(cit)K_,PGD(R324),P52209,PGD PGDH,324,258,2,50,16,NA,NA,0.0033569,0.205037662,-1.394702289,-1.640558763,-1.189664627,NA,ns
P53999_TGETSR(cit)ALSSSK_,SUB1(R47),P53999,SUB1 PC4 RPO2TC1,47,259,17,57,73,0.000236074,0.257145686,1.65E-09,0.272126969,-3.566631762,-3.309486076,-3.294504793,ns,"up in RAA, wilcox"
P55072_LAGESESNLR(cit)K_,VCP(R287),P55072,VCP HEL-220 HEL-S-70,287,260,15,17,61,1.54E-06,1.035616921,2.43E-10,1.22329366,-3.964074941,-2.92845802,-2.740781281,"up in PRA, wilcox","up in RAA, wilcox"
P56470_WGSEER(cit)K_,LGALS4(R89),P56470,LGALS4,89,261,28,10,85,0.000490354,-0.374778624,2.69E-06,-0.495759422,-2.844316288,-3.219094912,-3.34007571,"down in PRA, wilcox","down in RAA, wilcox"
P60174_LDER(cit)EAGITEK_,TPI1(R172),P60174,TPI1 TPI,172,262,45,91,115,0.058827192,-0.047768208,1.25E-07,-0.116164381,-3.243054244,-3.290822452,-3.359218625,ns,ns
P60709_IIAPPER(cit)K_,ACTB(R335),P60709,ACTB,335;335;336;337;337;336;337,263,21,14,110,0.251537524,-0.036566643,1.23E-08,0.360458753,-4.178441796,-4.215008439,-3.817983043,ns,"up in RAA, wilcox"
P60709_ILTER(cit)GYSFTTTAER_,ACTB(R196),P60709,ACTB,196;196,264,16,11,83,0.030814512,0.166953924,0.000139332,-0.251171865,-2.538848437,-2.371894513,-2.790020302,ns,ns
P60866_GPVR(cit)MPTK_,RPS20(R55),P60866,RPS20,55,265,7,49,29,0.027012845,-0.128104524,2.49E-06,0.165055005,-2.431129863,-2.559234387,-2.266074858,ns,ns
P60866_TLR(cit)ITTR(cit)K_,RPS20(R62;R66),P60866,RPS20,62,266,16,61,90,0.09696702,-0.072429061,9.28E-11,-0.203415684,-2.180125348,-2.252554409,-2.383541032,ns,ns
P60866_VCADLIR(cit)GAK_,RPS20(R41),P60866,RPS20,41,267,8,52,54,0.026328316,0.072164085,6.57E-09,-0.100945327,-2.835414021,-2.763249936,-2.936359348,ns,ns
P60903_EDLR(cit)VLMEK_,S100A10(R32),P60903,S100A10 ANX2LG CAL1L CLP11,32,268,37,0,83,NA,NA,NA,NA,NA,-3.867536661,-4.527374352,NA,NA
P61160_R(cit)LDIAGR_,ACTR2(R181),P61160,ACTR2 ARP2,181,269,2,55,4,NA,NA,NA,NA,-1.666522405,-2.476317084,-1.792255063,NA,NA
P61247_TLVTR(cit)TQGTK_,RPS3A(R51),P61247,RPS3A FTE1 MFTL,51,270,22,33,97,4.03E-10,-1.295614492,5.41E-19,-1.08823295,-0.474635878,-1.77025037,-1.562868828,"down in PRA, wilcox","down in RAA, wilcox"
P61313_AR(cit)R(cit)LGYK_,RPL15(R49;R50),P61313,RPL15 EC45 TCBAP0781,49,271,22,9,53,0.015213763,0.110636257,0.00219965,0.13272039,-2.130734965,-2.020098708,-1.998014575,ns,ns
P61353_DVFR(cit)DPALK_,RPL27(R102),P61353,RPL27,102,272,6,24,29,0.004671679,0.438691701,0.000642725,0.244432067,-3.113213976,-2.674522276,-2.868781909,"up in PRA, wilcox",ns
P61978_ELR(cit)ENTQTTIK_,HNRNPK(R171),P61978,HNRNPK HNRPK,171,26,52,75,199,0.000281811,-0.09845633,2.13E-08,-0.132290191,-3.845193682,-3.943650012,-3.977483873,ns,ns
P61981_R(cit)ATVVESSEK_,YWHAG(R143),P61981,YWHAG,143,273,25,91,91,0.00269717,-0.073975906,0.239894387,0.007238003,-2.502799405,-2.576775311,-2.495561402,ns,ns
P62081_AQLR(cit)ELNITAAK_,RPS7(R41),P62081,RPS7,41,27,47,84,170,2.11E-16,0.373569372,1.88E-25,0.312814941,-3.730059273,-3.356489901,-3.417244332,"up in PRA, wilcox","up in RAA, wilcox"
P62241_YELGR(cit)PAANTK_,RPS8(R31),P62241,RPS8 OK/SW-cl.83,31,274,13,49,79,0.367920736,0.057747169,0.058103648,0.039575316,-2.997512022,-2.939764853,-2.957936706,ns,ns
P62249_GPLQSVQVFGR(cit)K_,RPS16(R15),P62249,RPS16,15,275,20,82,136,7.20E-10,0.631983814,4.31E-26,0.591283755,-4.619532328,-3.987548514,-4.028248573,"up in PRA, wilcox","up in RAA, wilcox"
P62805_R(cit)ISGLIYEETR_,H4C1(R46),P62805,H4C1 H4/A H4FA HIST1H4A; H4C2 H4/I H4FI HIST1H4B; H4C3 H4/G H4FG HIST1H4C; H4C4 H4/B H4FB HIST1H4D; H4C5 H4/J H4FJ HIST1H4E; H4C6 H4/C H4FC HIST1H4F; H4C8 H4/H H4FH HIST1H4H; H4C9 H4/M H4FM HIST1H4I; H4C11 H4/E H4FE HIST1H4J; H4C12 H4/D H4FD HIST1H4K; H4C13 H4/K H4FK HIST1H4L; H4C14 H4/N H4F2 H4FN HIST2H4 HIST2H4A; H4C15 H4/O H4FO HIST2H4B; H4C16 H4-16 HIST4H4,46,276,11,43,102,0.000117521,0.206320453,4.48E-13,0.287469692,-2.128901938,-1.922581485,-1.841432246,ns,"up in RAA, wilcox"
P62805_RQGR(cit)TLYGFGG_,H4C1(R96),P62805,H4C1 H4/A H4FA HIST1H4A; H4C2 H4/I H4FI HIST1H4B; H4C3 H4/G H4FG HIST1H4C; H4C4 H4/B H4FB HIST1H4D; H4C5 H4/J H4FJ HIST1H4E; H4C6 H4/C H4FC HIST1H4F; H4C8 H4/H H4FH HIST1H4H; H4C9 H4/M H4FM HIST1H4I; H4C11 H4/E H4FE HIST1H4J; H4C12 H4/D H4FD HIST1H4K; H4C13 H4/K H4FK HIST1H4L; H4C14 H4/N H4F2 H4FN HIST2H4 HIST2H4A; H4C15 H4/O H4FO HIST2H4B; H4C16 H4-16 HIST4H4,96,277,10,52,57,0.010337328,0.148263574,0.244513278,0.019778077,-0.780178668,-0.631915094,-0.760400591,ns,ns
P62820_R(cit)MGPGATAGGAEK_,RAB1A(R175),P62820,RAB1A RAB1,175,278,2,56,20,NA,NA,2.73E-07,-0.306466632,-2.023602659,-2.950441082,-2.330069291,NA,"down in RAA, wilcox"
P62834_YDPTIEDSYR(cit)K_,RAP1A(R41),P62834,RAP1A KREV1,41;41,279,40,74,61,5.41E-15,-0.374342951,1.51E-18,-0.261305517,-2.230911215,-2.605254166,-2.492216732,"down in PRA, wilcox",ns
P62937_FGSR(cit)NGK_,PPIA(R148),P62937,PPIA CYPA,148,280,8,59,95,4.67E-06,0.901784882,1.02E-24,0.77549497,-4.545779044,-3.643994162,-3.770284074,"up in PRA, wilcox","up in RAA, wilcox"
P62937_TAENFR(cit)ALSTGEK_,PPIA(R37),P62937,PPIA CYPA,37;37;37;37;37;37;37;37,281,49,85,187,0.002667737,-0.069721686,3.25E-19,-0.166611075,-4.984313135,-5.054034821,-5.15092421,ns,ns
P63096_NLR(cit)EDGEK_,GNAI1(R24),P63096,GNAI1,24;24;24,282,25,63,132,0.24908719,0.031556259,0.000330644,0.073428987,-2.584634335,-2.553078076,-2.511205348,ns,ns
P63261_GYSFTTTAER(cit)EIVR_,ACTG1(R206),P63261,ACTG1 ACTG,206;206,283,11,27,15,1.77E-06,1.797763976,8.41E-08,2.025796544,-3.758712697,-1.960948721,-1.732916153,"up in PRA, wilcox","up in RAA, wilcox"
P63261_IIAPPER(cit)K_,ACTG1(R335),P63261,ACTG1 ACTG,335;335;336;336;337;337;337,284,10,79,64,0.001359548,0.169930271,5.17E-18,0.326701847,-3.274671219,-3.104740948,-2.947969372,ns,"up in RAA, wilcox"
P63267_CDIDIR(cit)K_,ACTG2(R291),P63267,ACTG2 ACTA3 ACTL3 ACTSG,291;292;292;292,285,32,44,132,1.71E-06,-0.178031822,8.46E-07,-0.098485125,-2.215786013,-2.393817835,-2.314271138,ns,ns
P67936_AEFAER(cit)TVAK_,TPM4(R208),P67936,TPM4,208,286,13,74,60,1.78E-07,-0.453587148,5.40E-17,-0.385856928,-2.436531993,-2.890119141,-2.822388921,"down in PRA, wilcox","down in RAA, wilcox"
P68133_CDIDIR(cit)K_,ACTA1(R292),P68133,ACTA1 ACTA,292;292;291;292,287,5,40,26,0.355677497,-0.0713808,0.270463326,-0.010021354,-3.139387452,-3.210768252,-3.149408806,ns,ns
P84098_GTANAR(cit)MPEK_,RPL19(R88),P84098,RPL19,88,288,5,5,72,0.113692606,-0.323584143,0.008414909,-0.294651914,-1.888204596,-2.211788739,-2.18285651,ns,"down in RAA, wilcox"
P84098_NTLAR(cit)R(cit)K_,RPL19(R70;R71),P84098,RPL19,71,289,14,25,58,8.42E-05,-0.188000682,7.49E-09,-0.359176823,-1.24619954,-1.434200222,-1.605376363,ns,"down in RAA, wilcox"
Q00325_EDGVR(cit)GLAK_,SLC25A3(R117),Q00325,SLC25A3 PHC OK/SW-cl.48,117,290,6,71,91,0.000745216,0.590079375,9.86E-09,0.17646083,-2.625633828,-2.035554453,-2.449172998,"up in PRA, wilcox",ns
Q00796_ESPQEIAR(cit)K_,SORD(R234),Q00796,SORD,234,291,41,72,109,3.53E-05,0.147405335,7.31E-12,0.247154987,-1.89399367,-1.746588335,-1.646838683,ns,ns
Q00839_FIEIAAR(cit)K_,HNRNPU(R572),Q00839,HNRNPU C1orf199 HNRPU SAFA U21.1,572,292,7,21,72,0.01637915,0.1869385,2.85E-05,0.246284355,-3.358278243,-3.171339743,-3.111993888,ns,ns
Q01082_AWER(cit)LEK_,SPTBN1(R398),Q01082,SPTBN1 SPTB2,398;401,293,14,30,31,0.271272918,-0.062275249,0.063442081,-0.079882779,-2.489303319,-2.551578568,-2.569186098,ns,ns
Q01082_NR(cit)EASLGEASK_,SPTBN1(R1054),Q01082,SPTBN1 SPTB2,1054,294,22,88,128,5.75E-08,0.415147998,9.05E-07,0.10399533,-2.113908656,-1.698760658,-2.009913326,"up in PRA, wilcox",ns
Q01518_EVITFR(cit)EK_,CAP1(R119),Q01518,CAP1 CAP,119,295,13,45,73,0.058690539,0.026711743,6.86E-10,0.206545704,-3.025982848,-2.999271105,-2.819437144,ns,ns
Q01995_GPSYGMSR(cit)EVQSK_,TAGLN(R12),Q01995,TAGLN SM22 WS3-10,12,296,50,96,187,0.000275384,-0.109726877,3.38E-05,-0.078679557,-4.533798044,-4.643524921,-4.612477601,ns,ns
Q01995_R(cit)EFTESQLQEGK_,TAGLN(R161),Q01995,TAGLN SM22 WS3-10,161,28,56,97,209,9.08E-07,0.174630899,5.20E-05,-0.090838329,-5.805591777,-5.630960878,-5.896430106,ns,ns
Q02252_EGASILLDGR(cit)K_,ALDH6A1(R386),Q02252,ALDH6A1 MMSDH,386,297,8,77,66,3.19E-06,0.570114202,2.80E-09,0.183578454,-2.987406486,-2.417292284,-2.803828032,"up in PRA, wilcox",ns
Q02252_ER(cit)VCNLIDSGTK_,ALDH6A1(R366),Q02252,ALDH6A1 MMSDH,366,298,19,37,152,1.22E-05,0.226685076,2.59E-16,0.359196356,-4.42238642,-4.195701344,-4.063190064,ns,"up in RAA, wilcox"
Q02543_VVGR(cit)CLPTPK_,RPL18A(R15),Q02543,RPL18A,15,299,22,54,109,1.67E-07,0.239085147,1.46E-09,0.224706824,-3.139346902,-2.900261755,-2.914640078,ns,ns
Q03135_EIDLVNR(cit)DPK_,CAV1(R54),Q03135,CAV1 CAV,54;27,300,28,69,75,0.001782274,0.094596972,1.75E-16,0.277194685,-1.263486499,-1.168889527,-0.986291814,ns,"up in RAA, wilcox"
Q04828_R(cit)EDIFYTSK_,AKR1C1(R76),Q04828,AKR1C1 DDH DDH1,76;76;76;76,301,14,40,98,7.13E-05,0.167778322,6.01E-17,0.271253815,-3.961703152,-3.79392483,-3.690449337,ns,"up in RAA, wilcox"
Q05682_IEER(cit)AEFLNK_,CALD1(R649),Q05682,CALD1 CAD CDM,649,302,17,40,41,7.61E-08,0.384835827,2.27E-12,0.388130339,-4.109070031,-3.724234204,-3.720939692,"up in PRA, wilcox","up in RAA, wilcox"
Q06323_YFSER(cit)GDAVTK_,PSME1(R181),Q06323,PSME1 IFI5111,181,303,52,89,200,8.56E-16,-0.362359081,1.01E-14,-0.233422633,-2.674930819,-3.0372899,-2.908353452,"down in PRA, wilcox",ns
Q06830_R(cit)TIAQDYGVLK_,PRDX1(R110),Q06830,PRDX1 PAGA PAGB TDPX2,110,29,39,92,163,3.88E-11,0.301935263,2.71E-13,0.16150219,-3.473227387,-3.171292124,-3.311725197,"up in PRA, wilcox",ns
Q09666_FGVSTGR(cit)EGQTPK_,AHNAK(R320),Q09666,AHNAK PM227,320,304,27,54,127,5.53E-11,0.494459541,2.90E-21,0.413454675,-2.813934968,-2.319475427,-2.400480293,"up in PRA, wilcox","up in RAA, wilcox"
Q13017_R(cit)R(cit)VEMK_,ARHGAP5(R426;R427),Q13017,ARHGAP5 RHOGAP5,426,305,4,31,32,NA,NA,0.567742605,0.046790379,2.743938776,2.055375639,2.790729155,NA,ns
Q14764_SLQPLAPR(cit)NK_,MVP(R452),Q14764,MVP LRP,452,306,12,2,67,NA,NA,NA,NA,-1.793432483,-2.375059195,-2.265990703,NA,NA
Q14914_WQGDAR(cit)QK_,PTGR1(R280),Q14914,PTGR1 LTB4DH,280,307,2,53,14,NA,NA,0.00023557,-0.310790404,-0.147274402,-0.878749988,-0.458064806,NA,"down in RAA, wilcox"
Q15084_NR(cit)PEDYQGGR_,PDIA6(R110),Q15084,PDIA6 ERP5 P5 TXNDC7,110,308,5,13,66,0.194419025,0.27990432,0.003041027,0.413726679,-2.117550448,-1.837646128,-1.703823769,ns,"up in RAA, wilcox"
Q15582_VIGTNR(cit)K_,TGFBI(R59),Q15582,TGFBI BIGH3,59,309,21,57,59,1.81E-07,-0.222828571,4.52E-18,-0.302791658,-1.627584752,-1.850413323,-1.93037641,ns,"down in RAA, wilcox"
Q15643_SENER(cit)LK_,TRIP11(R70),Q15643,TRIP11 CEV14,70,310,15,9,68,5.24E-05,-1.029191365,7.83E-07,-1.139679665,-3.133303321,-4.162494686,-4.272982986,"down in PRA, wilcox","down in RAA, wilcox"
Q15836_VLER(cit)DQK_,VAMP3(R39),Q15836,VAMP3 SYB3,39;56;58,311,7,27,28,0.000209108,0.592768536,4.16E-10,0.550145387,-2.477862239,-1.885093703,-1.927716852,"up in PRA, wilcox","up in RAA, wilcox"
Q16822_R(cit)YVAAAFPSACGK_,PCK2(R296),Q16822,PCK2 PEPCK2,296,312,45,46,116,3.64E-09,0.306520284,1.26E-09,0.258405414,-3.604624771,-3.298104487,-3.346219357,"up in PRA, wilcox",ns
Q16851_DLDGFR(cit)K_,UGP2(R59),Q16851,UGP2 UGP1,59,313,3,38,52,NA,NA,0.072094064,-0.028387418,-1.934768045,-1.877392087,-1.963155463,NA,ns
Q16851_R(cit)EFPTVPLVK_,UGP2(R422),Q16851,UGP2 UGP1,422,314,40,0,63,NA,NA,NA,NA,NA,-3.134129945,-2.835762247,NA,NA
Q5VTE0_R(cit)GNVAGDSK_,EEF1A1P5(R322),Q5VTE0,EEF1A1P5 EEF1AL3,322;322,315,17,37,104,0.172810466,-0.154395239,1.57E-07,-0.504960684,-2.072171408,-2.226566647,-2.577132092,ns,"down in RAA, wilcox"
Q6NZI2_VR(cit)TR(cit)ENLEK_,PTRF(R247;R249),Q6NZI2,CAVIN1 PTRF FKSG13,247,316,10,52,89,0.078997577,-0.077795226,0.003649626,-0.069433096,-2.768698112,-2.846493338,-2.838131208,ns,ns
Q71DI3_LPFQR(cit)LVR_,HIST2H3A(R70),Q71DI3,H3C15 HIST2H3A; H3C14 H3F2 H3FM HIST2H3C; H3C13 HIST2H3D,70;70;69;70;70;70,317,22,0,37,NA,NA,NA,NA,NA,-4.403608332,-4.414665251,NA,NA
Q71DI3_YR(cit)PGTVALR(cit)EIR_,HIST2H3A(R43;R50),Q71DI3,H3C15 HIST2H3A; H3C14 H3F2 H3FM HIST2H3C; H3C13 HIST2H3D,50;50;50;50;49,318,19,14,31,4.85E-06,0.261049272,8.30E-08,0.418533737,-2.678042414,-2.416993142,-2.259508677,ns,"up in RAA, wilcox"
Q7Z4W1_TMLNR(cit)IPLGK_,DCXR(R203),Q7Z4W1,DCXR SDR20C1,203,319,48,37,168,0.026293975,0.088444005,1.13E-05,0.159119988,-3.168024891,-3.079580886,-3.008904903,ns,ns
Q96I99_ACR(cit)ELELK_,SUCLG2(R381),Q96I99,SUCLG2,381,320,38,26,123,0.002771122,0.182597702,3.72E-06,0.252433351,-2.963904195,-2.781306493,-2.711470844,ns,ns
Q96I99_AQILAGGR(cit)GK_,SUCLG2(R91),Q96I99,SUCLG2,91,321,14,9,44,5.78E-05,-0.6088564,1.51E-06,-0.617456166,-1.219317707,-1.828174107,-1.836773873,"down in PRA, wilcox","down in RAA, wilcox"
Q99878_SSR(cit)AGLQFPVGR_,H2AC14(R21),Q99878,H2AC14 H2AFE HIST1H2AJ,21;21;21;21;21,322,34,73,124,0.418355701,-0.006850591,0.000362061,0.059448898,-2.654744996,-2.661595587,-2.595296098,ns,ns
Q99878_TR(cit)SSR(cit)AGLQFPVGR_,H2AC14(R18;R21),Q99878,H2AC14 H2AFE HIST1H2AJ,18;18;18;18;18,323,34,83,146,0.220658366,0.029127479,4.80E-28,0.334840101,-2.994748796,-2.965621317,-2.659908695,ns,"up in RAA, wilcox"
Q99879_R(cit)STITSR(cit)EIQTAVR_,H2BC14(R87;R93),Q99879,H2BC14 H2BFE HIST1H2BM,87;87;87;87;87;87;87;87;87;87;87;87;87;87;87;87,324,30,45,104,0.000235949,-0.110727617,4.51E-07,0.180118902,-1.803674395,-1.914402012,-1.623555493,ns,ns
Q99879_STITSR(cit)EIQTAVR_,H2BC14(R93),Q99879,H2BC14 H2BFE HIST1H2BM,93;93;93;93;93;93;93;93;93;93;93;93;93,325,19,6,78,0.00023236,-0.727960276,3.84E-05,-0.623710224,-2.44444349,-3.172403765,-3.068153713,"down in PRA, wilcox","down in RAA, wilcox"
Q99880_R(cit)STITSR(cit)EIQTAVR_,H2BC13(R87;R93),Q99880,H2BC13 H2BFC HIST1H2BL,87;87;87;87;87;87;87;87;87;87;87;87;87,326,15,50,78,0.018495843,-0.111309058,0.00386992,0.072765654,-0.984862207,-1.096171265,-0.912096553,ns,ns
Q9BTM1_SR(cit)SSR(cit)AGLQFPVGR_,H2AFJ(R18;R21),Q9BTM1,H2AJ H2AFJ,18;18;18;18;18;18;18;18,327,38,58,173,1.13E-14,0.540685323,2.31E-26,0.494844621,-1.398452464,-0.857767141,-0.903607843,"up in PRA, wilcox","up in RAA, wilcox"
Q9BVC6_R(cit)EAPVDVLTQIGR_,TMEM109(R47),Q9BVC6,TMEM109,47,328,19,42,75,1.17E-09,0.546541695,1.39E-15,0.337515975,-2.64211439,-2.095572695,-2.304598415,"up in PRA, wilcox","up in RAA, wilcox"
Q9C002_TDVILDR(cit)K_,NMES1(R44),Q9C002,NMES1 C15orf48,44,329,0,46,13,NA,NA,1.91E-06,0.326905912,-2.298606123,NA,-1.971700211,NA,"up in RAA, wilcox"
Q9H1E3_NVR(cit)QQR(cit)QAASK_,NUCKS1(R90;R93),Q9H1E3,NUCKS1 NUCKS JC7,90,330,12,15,106,1.11E-05,0.398837598,3.46E-10,0.554348318,-2.312994081,-1.914156483,-1.758645763,"up in PRA, wilcox","up in RAA, wilcox"
Q9H2A2_SSGIGR(cit)EGAK_,ALDH8A1(R467),Q9H2A2,ALDH8A1 ALDH12,467,331,14,29,58,2.76E-06,0.523668535,1.98E-11,0.505634907,-2.298113388,-1.774444853,-1.792478481,"up in PRA, wilcox","up in RAA, wilcox"
Q9H8H3_ALER(cit)ASFSK_,METTL7A(R214),Q9H8H3,TMT1A METTL7A PRO0066 UNQ1902/PRO4348,214,332,17,38,54,4.85E-08,-0.392236393,9.08E-17,-0.512423708,-0.535151162,-0.927387555,-1.04757487,"down in PRA, wilcox","down in RAA, wilcox"
Q9NZN4_R(cit)GGAR(cit)GQQPEAIR_,EHD2(R7;R11),Q9NZN4,EHD2 PAST2,7,333,10,63,37,0.173866603,-0.053826691,0.003336014,0.094166416,-3.184740465,-3.238567156,-3.090574049,ns,ns
Q9UBQ7_R(cit)ILDAAGANLK_,GRHPR(R66),Q9UBQ7,GRHPR GLXR MSTP035,66,30,34,80,137,0.147800895,0.009302407,2.04E-10,0.115652072,-3.096553136,-3.087250729,-2.980901064,ns,ns
Q9UJS0_LTVNDFVR(cit)DK_,SLC25A13(R416),Q9UJS0,SLC25A13,416;414,334,19,14,93,0.37075712,-0.086320478,0.003591342,-0.181666478,-1.43553249,-1.521852968,-1.617198968,ns,ns
Q9UL46_YFSER(cit)GDAVAK_,PSME2(R171),Q9UL46,PSME2,171,335,12,92,92,0.376520523,-0.023785417,9.74E-10,-0.181700093,-2.896137938,-2.919923355,-3.077838031,ns,ns
Q9UM07_LLLASPR(cit)SCYK_,PADI4(R495),Q9UM07,PADI4 PAD4 PADI5 PDI5,495,336,15,63,99,3.07E-07,0.375468265,1.04E-20,0.430590278,-3.832489246,-3.457020981,-3.401898968,"up in PRA, wilcox","up in RAA, wilcox"
Q9UM07_R(cit)VMGPDFGYVTR_,PADI4(R383),Q9UM07,PADI4 PAD4 PADI5 PDI5,383,337,20,60,65,3.27E-07,0.395236787,6.96E-14,0.329233954,-2.231092698,-1.835855911,-1.901858744,"up in PRA, wilcox","up in RAA, wilcox"
Q9UM07_VR(cit)VFQATR(cit)GK_,PADI4(R212;R218),Q9UM07,PADI4 PAD4 PADI5 PDI5,212,338,51,82,112,7.35E-21,0.653081082,6.74E-31,0.744042839,-2.919967115,-2.266886033,-2.175924276,"up in PRA, wilcox","up in RAA, wilcox"
Q9Y2J8_DMSQMILR(cit)TK_,PADI2(R187),Q9Y2J8,PADI2 KIAA0994 PAD2 PDI2,187,339,46,98,188,6.60E-14,-0.406885087,3.40E-30,-0.412074284,-3.643937511,-4.050822598,-4.056011795,"down in PRA, wilcox","down in RAA, wilcox"
Q9Y2J8_GFPVVLDSPR(cit)DGNLK_,PADI2(R373),Q9Y2J8,PADI2 KIAA0994 PAD2 PDI2,373,340,43,13,149,3.01E-05,-0.530535519,0.021093833,-0.218060645,-8.11178047,-8.642315989,-8.329841115,"down in PRA, wilcox",ns
Q9Y2J8_TVR(cit)LQYGSR_,PADI2(R8),Q9Y2J8,PADI2 KIAA0994 PAD2 PDI2,8,341,4,27,4,NA,NA,NA,NA,-1.882562919,-1.579170366,-1.977807461,NA,NA
Q9Y2J8_VCFQYLNR(cit)GDR_,PADI2(R344),Q9Y2J8,PADI2 KIAA0994 PAD2 PDI2,344,342,48,85,189,0.015903314,-0.053374253,7.68E-07,0.104828721,-3.280888009,-3.334262262,-3.176059288,ns,ns
Q9Y2J8_VVR(cit)DFLK_,PADI2(R448),Q9Y2J8,PADI2 KIAA0994 PAD2 PDI2,448,343,38,91,191,0.000568389,0.068983744,6.37E-07,0.084271415,-4.359754277,-4.290770533,-4.275482862,ns,ns
Q9Y490_ER(cit)ELEEAR_,TLN1(R2513),Q9Y490,TLN1 KIAA1027 TLN,2513;2513,344,15,6,52,0.000181611,0.448887214,0.013054818,0.204750317,-0.992264758,-0.543377544,-0.787514441,"up in PRA, wilcox",ns
Q9Y6N5_AR(cit)VTELNPDK_,SQRDL(R117),Q9Y6N5,SQOR SQRDL CGI-44,117,345,36,5,87,0.472245012,-0.055957968,0.006115475,0.138717856,-1.279599692,-1.33555766,-1.140881836,ns,ns
