epoch,dataset,train_acc,train_f1_score,train_recall,train_precision,train_loss,test_acc,test_f1_score,test_recall,test_precision,test_loss,train_num,train_tp,train_fp,train_tn,train_fn,test_num,test_tp,test_fp,test_tn,test_fn,Score
18,1,86.7349,85.9913,81.4273,91.0974,37958.72689,90.8685,67.2625,81.0658,57.4759,2232.243601,121318,49393,4827,0,11266,7622,715,529,0,167,85.96715
9,1,85.8059,85.0146,80.5256,90.0337,40956.24797,90.0945,65.635,81.746,54.8289,2484.744944,121318,48846,5407,0,11813,7622,721,594,0,161,85.92025
10,1,86.0004,85.3224,81.3812,89.6649,40508.8793,89.7665,64.9281,81.8594,53.8003,2538.392773,121318,49365,5690,0,11294,7622,722,620,0,160,85.81295
13,1,86.3112,85.4932,80.6723,90.9268,39345.68581,90.7242,66.8542,80.839,56.9944,2302.871653,121318,48935,4883,0,11724,7622,713,538,0,169,85.7816
19,1,86.7011,85.8521,80.7003,91.7065,37761.44707,91.3671,68.2432,80.1587,59.4118,2142.231932,121318,48952,4427,0,11707,7622,707,483,0,175,85.7629
37,1,88.5285,88.4455,87.8105,89.0898,33084.9968,88.3889,62.3564,83.1066,49.8979,2513.18737,121318,53265,6523,0,7394,7622,733,736,0,149,85.74775
20,1,86.6269,85.6838,80.0392,92.1849,37720.54948,91.7738,69.1589,79.7052,61.0773,2066.801741,121318,48551,4116,0,12108,7622,703,448,0,179,85.7395
23,1,87.2797,86.8193,83.7864,90.0799,36440.37516,89.9108,65.1247,81.4059,54.2706,2318.88987,121318,50824,5597,0,9835,7622,718,605,0,164,85.65835
33,1,88.3265,88.0498,86.0103,90.1882,33877.7745,89.4253,64.1778,81.8594,52.7778,2339.150402,121318,52173,5676,0,8486,7622,722,646,0,160,85.64235
8,1,85.6864,84.8901,80.4168,89.8905,41448.85931,89.9764,65.2411,81.2925,54.4833,2536.281492,121318,48780,5486,0,11879,7622,717,599,0,165,85.63445
45,1,89.4327,89.1481,86.8099,91.6158,30850.41183,90.1732,65.6264,81.0658,55.1272,2174.058077,121318,52658,4819,0,8001,7622,715,582,0,167,85.6195
15,1,86.6566,86.0657,82.4165,90.0531,38612.95824,89.7927,64.86,81.4059,53.9039,2412.228138,121318,49993,5522,0,10666,7622,718,614,0,164,85.5993
28,1,87.8823,87.5397,85.1333,90.0862,35042.89393,89.5434,64.3719,81.6327,53.1365,2350.085464,121318,51641,5683,0,9018,7622,720,635,0,162,85.58805
14,1,86.4497,86.0133,83.3298,88.8754,39122.05846,88.7169,62.8349,82.4263,50.7682,2586.500732,121318,50547,6327,0,10112,7622,727,705,0,155,85.5716
24,1,87.5122,87.2014,85.0838,89.427,36200.28356,89.1498,63.6164,81.9728,51.977,2419.798935,121318,51611,6102,0,9048,7622,723,668,0,159,85.5613
42,1,89.1467,88.8018,86.0664,91.7167,31575.71815,90.4749,66.2011,80.6122,56.1611,2160.378954,121318,52207,4715,0,8452,7622,711,555,0,171,85.54355
36,1,88.6653,88.2866,85.4317,91.3388,33144.55281,90.3569,65.9565,80.7256,55.7557,2173.956696,121318,51822,4914,0,8837,7622,712,565,0,170,85.54125
16,1,86.3244,86.1473,85.0459,87.2775,39267.05275,87.3918,60.5663,83.6735,47.4598,2853.073694,121318,51588,7520,0,9071,7622,738,817,0,144,85.53265
22,3,86.8016,86.2042,82.4709,90.2915,38316.28171,89.8714,64.9728,81.1791,54.1604,2593.411978,121318,50026,5379,0,10633,7622,716,606,0,166,85.52525
43,1,89.3544,89.1974,87.9012,90.5325,31234.97852,89.0711,63.4489,81.9728,51.7538,2321.377018,121318,53320,5576,0,7339,7622,723,674,0,159,85.52195
12,1,86.0342,85.0167,79.243,91.6978,40074.72481,91.3933,68.1553,79.5918,59.5925,2184.429564,121318,48068,4352,0,12591,7622,702,476,0,180,85.49255
41,1,88.9332,88.8333,88.038,89.643,31946.80605,88.5201,62.4302,82.4263,50.2419,2433.073671,121318,53403,6170,0,7256,7622,727,720,0,155,85.4732
5,1,85.0542,83.9699,78.2901,90.5382,43693.52066,90.6717,66.5726,80.2721,56.8675,2493.237286,121318,47490,4963,0,13169,7622,708,537,0,174,85.4719
44,1,89.2778,88.8933,85.8158,92.1996,31192.61897,90.8817,67.0147,80.0454,57.6327,2087.219707,121318,52055,4404,0,8604,7622,706,519,0,176,85.46355
31,3,87.2286,86.8396,84.2727,89.5677,36991.74344,88.9399,63.1717,81.9728,51.3859,2749.284758,121318,51119,5954,0,9540,7622,723,684,0,159,85.45635
32,1,87.6638,86.8729,81.6383,92.8246,35176.72189,91.8788,69.2499,79.0249,61.6269,1956.726723,121318,49521,3828,0,11138,7622,697,434,0,185,85.45185
17,1,86.7258,86.3226,83.7782,89.0265,38200.25841,88.9137,63.1165,81.9728,51.313,2547.240871,121318,50819,6264,0,9840,7622,723,686,0,159,85.44325
49,1,89.5786,89.3248,87.2006,91.555,29925.79482,90.1469,65.4713,80.7256,55.0657,2171.334145,121318,52895,4879,0,7764,7622,712,581,0,170,85.43625
33,3,87.4668,86.9803,83.7304,90.4928,36031.64467,89.6877,64.5627,81.1791,53.5928,2573.22702,121318,50790,5336,0,9869,7622,716,620,0,166,85.4334
40,1,88.6645,88.6507,88.5425,88.7591,32673.6646,87.6279,60.8876,83.22,48.0052,2593.302065,121318,53709,6802,0,6950,7622,734,795,0,148,85.42395
21,1,87.1099,86.7378,84.3041,89.3162,37102.29526,88.9662,63.1947,81.8594,51.4612,2444.58881,121318,51138,6117,0,9521,7622,722,681,0,160,85.4128
30,1,87.9614,87.2968,82.7297,92.3976,34961.50606,91.4327,68.1929,79.3651,59.778,2046.36717,121318,50183,4129,0,10476,7622,700,471,0,182,85.3989
6,1,85.1201,84.469,80.9278,88.3343,43183.87624,88.5857,62.5,82.1995,50.4172,2871.502497,121318,49090,6483,0,11569,7622,725,713,0,157,85.3926
47,1,89.4426,89.4254,89.2794,89.5718,30492.19564,88.2314,61.8785,82.5397,49.4901,2446.940548,121318,54156,6305,0,6503,7622,728,743,0,154,85.38555
37,3,87.7281,87.2204,83.7551,90.9848,35194.91514,89.9108,64.9658,80.839,54.3031,2538.958941,121318,50805,5034,0,9854,7622,713,600,0,169,85.3749
26,5,86.659,86.0101,82.0208,90.4074,37355.39404,90.1207,65.3793,80.6122,54.9884,2722.411896,121318,49753,5279,0,10906,7622,711,582,0,171,85.36645
27,1,87.6144,86.9498,82.522,91.8797,35910.93746,91.2228,67.6968,79.4785,58.9571,2070.972811,121318,50057,4424,0,10602,7622,701,488,0,181,85.35065
32,3,87.3827,86.722,82.4066,91.5144,36054.77412,90.5143,66.1675,80.1587,56.3347,2412.044928,121318,49987,4635,0,10672,7622,707,548,0,175,85.3365
26,1,87.6358,87.3933,85.7119,89.1419,35702.01566,88.5857,62.4676,82.0862,50.4178,2468.632639,121318,51992,6333,0,8667,7622,724,712,0,158,85.33595
34,1,88.5161,88.3447,87.0456,89.6832,33579.43273,88.8087,62.8646,81.8594,51.0247,2396.512045,121318,52801,6074,0,7858,7622,722,693,0,160,85.33405
11,1,85.7746,85.5289,84.0766,87.0322,40904.68318,87.2212,60.1799,83.4467,47.0588,2900.46347,121318,51000,7599,0,9659,7622,736,828,0,146,85.33395
44,3,88.2581,87.7489,84.1013,91.7272,33407.29662,90.265,65.6481,80.3855,55.4773,2432.970148,121318,51015,4601,0,9644,7622,709,569,0,173,85.32525
23,5,86.3483,85.8406,82.7627,89.1563,38065.91351,89.3335,63.8184,81.2925,52.5275,2802.789116,121318,50203,6106,0,10456,7622,717,648,0,165,85.313
35,1,88.5565,88.2135,85.646,90.9396,33346.96215,90.0945,65.2874,80.4989,54.9111,2251.125101,121318,51952,5176,0,8707,7622,710,583,0,172,85.2967
29,1,87.6811,86.9386,81.9961,92.5152,35507.74154,91.6033,68.5039,78.9116,60.5217,1996.070006,121318,49738,4024,0,10921,7622,696,454,0,186,85.25745
21,5,86.5354,85.7088,80.7514,91.3146,38027.26427,90.8029,66.7299,79.7052,57.3878,2602.481462,121318,48983,4659,0,11676,7622,703,522,0,179,85.25405
4,1,84.661,83.7261,78.9166,89.16,44866.35393,89.4122,63.9249,81.0658,52.7675,2725.546227,121318,47870,5820,0,12789,7622,715,640,0,167,85.239
40,3,88.0702,87.4964,83.4814,91.9172,34234.17502,90.5405,66.1661,79.932,56.4452,2393.889807,121318,50639,4453,0,10020,7622,705,544,0,177,85.23625
24,5,86.6285,85.9228,81.6153,90.7104,37360.54856,90.2913,65.6453,80.1587,55.5818,2635.020025,121318,49507,5070,0,11152,7622,707,565,0,175,85.225
16,3,86.462,85.725,81.2987,90.6609,39589.53583,90.1338,65.3137,80.2721,55.0544,2566.745834,121318,49315,5080,0,11344,7622,708,578,0,174,85.20295
48,1,89.7402,89.6855,89.2102,90.166,30000.02691,88.402,62.0601,81.9728,49.9309,2332.285969,121318,54114,5902,0,6545,7622,723,725,0,159,85.1874
30,3,87.283,86.4555,81.1734,92.4728,36771.45783,91.4589,68.1351,78.9116,59.9483,2243.573244,121318,49239,4008,0,11420,7622,696,465,0,186,85.18525
27,5,86.9129,86.1591,81.4669,91.4249,36545.09628,90.7767,66.635,79.5918,57.3061,2526.691284,121318,49417,4635,0,11242,7622,702,523,0,180,85.18425
20,3,86.7233,86.0732,82.0554,90.5048,38670.73919,89.8583,64.7515,80.4989,54.1571,2594.201605,121318,49774,5222,0,10885,7622,710,601,0,172,85.1786
22,1,86.8775,86.9077,87.1083,86.708,37795.83011,86.2241,58.5635,84.127,44.9153,2859.769842,121318,52839,8100,0,7820,7622,742,910,0,140,85.17555
29,3,87.2715,86.5663,82.0225,91.6432,36697.18431,90.7505,66.5718,79.5918,57.2127,2409.667154,121318,49754,4537,0,10905,7622,702,525,0,180,85.17115
22,2,86.4332,85.8074,82.0241,89.9566,38264.33013,89.1629,63.419,81.1791,52.0349,2776.318216,121318,49755,5555,0,10904,7622,716,660,0,166,85.171
25,2,86.8016,86.0743,81.579,91.094,37259.44366,90.0682,65.1634,80.2721,54.8412,2534.728769,121318,49485,4838,0,11174,7622,708,583,0,174,85.17015
51,1,89.5786,89.2337,86.3747,92.2885,29771.2742,90.6061,66.2582,79.7052,56.6935,2048.073177,121318,52394,4378,0,8265,7622,703,537,0,179,85.15565
18,2,86.1776,85.6992,82.8319,88.7721,39617.31949,88.3364,61.9272,81.9728,49.7591,2911.399054,121318,50245,6355,0,10414,7622,723,730,0,159,85.1546
25,5,86.9253,86.0493,80.6459,92.2287,36824.98842,91.3933,67.9688,78.9116,59.6913,2344.989258,121318,48919,4122,0,11740,7622,696,470,0,186,85.15245
23,2,86.5997,85.9438,81.9334,90.3669,37829.62779,89.3466,63.75,80.9524,52.5773,2683.046,121318,49700,5298,0,10959,7622,714,644,0,168,85.1495
21,3,86.7596,85.8656,80.4349,92.0828,38427.62717,91.1572,67.4396,79.1383,58.7542,2332.863247,121318,48791,4195,0,11868,7622,698,490,0,184,85.14775
52,1,89.4385,88.9626,85.1267,93.1605,30131.35172,91.249,67.6371,79.0249,59.1179,1937.206426,121318,51637,3791,0,9022,7622,697,482,0,185,85.13695
22,5,86.4093,85.7806,81.9878,89.9412,38038.74722,89.7665,64.5455,80.4989,53.8695,2748.538609,121318,49733,5562,0,10926,7622,710,608,0,172,85.1327
23,3,86.931,86.0883,80.8734,92.0221,37948.52975,91.0916,67.2771,79.1383,58.508,2362.899801,121318,49057,4253,0,11602,7622,698,495,0,184,85.11495
36,3,87.7248,87.202,83.6397,91.0813,35264.128,89.9501,64.8946,80.2721,54.4615,2462.709539,121318,50735,4968,0,9924,7622,708,592,0,174,85.1111
28,5,87.1462,86.2494,80.6245,92.7181,36222.26955,91.8001,68.859,78.3447,61.4222,2232.550621,121318,48906,3841,0,11753,7622,691,434,0,191,85.0724
14,3,86.1142,85.4558,81.5872,89.7094,40351.79045,89.386,63.7707,80.7256,52.7017,2730.402504,121318,49490,5677,0,11169,7622,712,639,0,170,85.0558
41,5,87.3984,86.6683,81.9219,91.9985,33752.40491,90.8554,66.7303,79.2517,57.6257,2523.548536,121318,49693,4322,0,10966,7622,699,514,0,183,85.05355
24,3,86.9863,86.2272,81.4751,91.568,37668.66476,90.6849,66.3507,79.3651,57.0033,2449.073839,121318,49422,4551,0,11237,7622,700,528,0,182,85.025
12,2,85.7515,84.8912,80.0574,90.3462,40879.53674,89.6615,64.2792,80.3855,53.5498,2689.716791,121318,48562,5189,0,12097,7622,709,615,0,173,85.0235
37,5,87.1305,86.4927,82.4082,91.0031,35230.68706,90.2257,65.3971,79.8186,55.3895,2711.284891,121318,49988,4942,0,10671,7622,704,567,0,178,85.02215
53,1,90.1836,90.1094,89.4327,90.7963,28535.8941,88.8612,62.7795,81.1791,51.1794,2220.744247,121318,54249,5499,0,6410,7622,716,683,0,166,85.02015
10,3,85.4795,85.0286,82.4676,87.7537,42122.88744,87.8247,60.9756,82.1995,48.4626,2979.270565,121318,50024,6981,0,10635,7622,725,771,0,157,85.0121
15,3,86.3326,85.6229,81.396,90.3128,39862.85983,89.8452,64.6252,80.1587,54.1348,2599.495007,121318,49374,5296,0,11285,7622,707,599,0,175,85.00195
56,3,88.5829,88.0957,84.4903,92.0225,31035.85336,90.3962,65.7303,79.5918,55.9809,2501.671694,121318,51251,4443,0,9408,7622,702,552,0,180,84.994
14,2,85.857,85.0639,80.547,90.1175,40299.94061,89.3729,63.7097,80.6122,52.6667,2713.186577,121318,48859,5358,0,11800,7622,711,639,0,171,84.99255
17,2,86.2131,85.3632,80.4069,90.9708,39269.72203,90.042,65.0069,79.932,54.7786,2558.379986,121318,48774,4841,0,11885,7622,705,582,0,177,84.987
49,3,88.2598,87.788,84.3964,91.4636,32466.07382,89.9239,64.7706,80.0454,54.3914,2479.765677,121318,51194,4778,0,9465,7622,706,592,0,176,84.98465
13,2,85.8331,84.8342,79.2463,91.2698,40551.40616,90.593,66.1313,79.3651,56.6802,2557.566311,121318,48070,4598,0,12589,7622,700,535,0,182,84.97905
8,2,85.3558,84.4662,79.6287,89.9294,42707.56303,89.5697,64.0759,80.3855,53.2682,2855.742481,121318,48302,5409,0,12357,7622,709,622,0,173,84.9776
42,3,88.0273,87.5074,83.8655,91.4799,34160.26434,90.0157,64.947,79.932,54.6936,2467.272184,121318,50872,4738,0,9787,7622,705,584,0,177,84.97385
56,1,90.4425,90.3618,89.6058,91.1307,27959.49992,89.0973,63.1812,80.839,51.8545,2153.229277,121318,54354,5290,0,6305,7622,713,662,0,169,84.96815
31,1,87.9606,87.281,82.6176,92.5024,35010.18304,91.4721,68.0433,78.458,60.0694,2020.092406,121318,50115,4062,0,10544,7622,692,460,0,190,84.96505
35,5,87.3803,86.5655,81.3152,92.5405,34851.05991,91.3409,67.7419,78.5714,59.5361,2427.275877,121318,49325,3976,0,11334,7622,693,471,0,189,84.95615
29,2,87.0291,86.2541,81.3911,91.7353,35995.51545,90.3175,65.5462,79.5918,55.7143,2476.98921,121318,49371,4448,0,11288,7622,702,558,0,180,84.95465
38,3,87.9095,87.3024,83.1286,91.9175,34735.01373,90.5405,66.0066,79.3651,56.4972,2314.221582,121318,50425,4434,0,10234,7622,700,539,0,182,84.9528
55,1,90.224,90.0508,88.4832,91.6751,28285.26859,89.7402,64.3898,80.1587,53.8052,2101.286844,121318,53673,4874,0,6986,7622,707,607,0,175,84.94945
9,3,85.679,84.6668,79.0781,91.1056,41694.0607,90.6455,66.2245,79.2517,56.8755,2515.573851,121318,47968,4683,0,12691,7622,699,530,0,183,84.9486
31,5,87.119,86.3797,81.6911,91.6392,35730.09179,90.7505,66.4446,79.1383,57.26,2506.300144,121318,49553,4521,0,11106,7622,698,521,0,184,84.9444
46,3,88.1056,87.6246,84.2183,91.3179,33336.44051,89.9501,64.7978,79.932,54.4822,2482.28385,121318,51086,4857,0,9573,7622,705,589,0,177,84.94105
16,2,86.0771,85.3271,80.9657,90.1851,39688.22234,89.2679,63.4821,80.6122,52.3564,2708.413572,121318,49113,5345,0,11546,7622,711,647,0,171,84.94005
35,3,87.799,87.139,82.667,92.1224,35327.98463,90.7373,66.4129,79.1383,57.2131,2320.261496,121318,50145,4288,0,10514,7622,698,522,0,184,84.9378
18,5,86.2733,85.2017,79.032,92.4162,38723.31903,91.6426,68.4184,78.2313,60.793,2265.491225,121318,47940,3934,0,12719,7622,690,445,0,192,84.93695
57,5,87.3185,86.8517,83.7683,90.1707,34395.7337,89.4778,63.8739,80.3855,52.9895,3030.21752,121318,50813,5539,0,9846,7622,709,629,0,173,84.93165
36,5,87.2113,86.5123,82.029,91.514,35018.52513,90.5668,66.0368,79.2517,56.5992,2588.257673,121318,49758,4614,0,10901,7622,699,536,0,183,84.90925
14,5,85.5726,85.0857,82.3077,88.0578,41003.51184,88.179,61.5122,81.6327,49.3489,3072.765331,121318,49927,6771,0,10732,7622,720,739,0,162,84.90585
50,1,89.9833,89.9036,89.1937,90.6249,29216.78607,88.835,62.6591,80.9524,51.1095,2286.759977,121318,54104,5597,0,6555,7622,714,683,0,168,84.8937
52,3,87.8823,87.5268,85.0327,90.1717,33452.62086,88.9137,62.7917,80.839,51.3319,2781.667107,121318,51580,5622,0,9079,7622,713,676,0,169,84.87635
29,5,87.1149,86.2086,80.5437,92.7307,36041.91431,91.7476,68.6284,78.0045,61.2645,2310.587391,121318,48857,3830,0,11802,7622,688,435,0,194,84.87605
19,5,86.1974,85.5688,81.8411,89.6522,39098.10318,89.4778,63.8413,80.2721,52.994,2850.181585,121318,49644,5730,0,11015,7622,708,628,0,174,84.87495
53,3,88.681,88.116,83.9265,92.7456,31460.99802,90.9473,66.8269,78.7982,58.0134,2398.306669,121318,50909,3982,0,9750,7622,695,503,0,187,84.87275
39,1,88.5104,87.8824,83.3281,92.9633,33309.519,91.5114,68.0809,78.2313,60.262,1973.872583,121318,50546,3826,0,10113,7622,690,455,0,192,84.87135
7,1,85.3204,84.0053,77.0982,92.2717,42946.41988,91.9181,69.0141,77.7778,62.0253,2121.052586,121318,46767,3917,0,13892,7622,686,420,0,196,84.84795
11,5,85.6254,84.6335,79.1704,90.9063,40825.68771,90.7767,66.4439,78.9116,57.3784,2575.264617,121318,48024,4804,0,12635,7622,696,517,0,186,84.84415
30,2,87.1025,86.3672,81.7092,91.5884,35674.59913,90.0945,65.0301,79.5918,54.9726,2503.151268,121318,49564,4552,0,11095,7622,702,575,0,180,84.84315
17,3,86.4117,85.8012,82.1115,89.838,39414.4527,89.2941,63.4736,80.3855,52.4408,2650.891005,121318,49808,5634,0,10851,7622,709,643,0,173,84.8398
26,2,86.7654,86.1546,82.3538,90.3231,37023.17617,89.1761,63.2517,80.4989,52.091,2705.579996,121318,49955,5352,0,10704,7622,710,653,0,172,84.8375
8,3,85.4523,84.6947,80.5025,89.3475,42303.5062,89.1761,63.2517,80.4989,52.091,2762.161139,121318,48832,5822,0,11827,7622,710,653,0,172,84.8375
41,3,87.7751,86.9198,81.2361,93.4586,34778.31155,91.8657,68.8755,77.7778,61.8018,2124.779833,121318,49277,3449,0,11382,7622,686,424,0,196,84.82175
34,5,87.2278,86.5318,82.0604,91.5187,35152.38623,90.37,65.5722,79.2517,55.92,2527.473675,121318,49777,4613,0,10882,7622,699,551,0,183,84.81085
31,2,87.2517,86.5772,82.2269,91.4136,35384.05637,90.0157,64.8499,79.5918,54.7155,2532.123461,121318,49878,4685,0,10781,7622,702,581,0,180,84.80375
48,3,87.9169,87.5273,84.7937,90.4431,33474.05252,89.2154,63.3036,80.3855,52.2091,2658.494066,121318,51435,5435,0,9224,7622,709,649,0,173,84.80045
55,3,88.5499,88.0449,84.3255,92.1075,31257.37067,90.4618,65.756,79.1383,56.245,2476.153851,121318,51151,4383,0,9508,7622,698,543,0,184,84.80005
43,3,88.2136,87.4668,82.2549,93.3839,33885.97714,91.5901,68.2201,78.0045,60.6167,2174.635477,121318,49895,3535,0,10764,7622,688,447,0,194,84.7973
27,2,86.8247,86.3389,83.2688,89.6442,36841.08065,88.6119,62.1951,80.9524,50.495,2761.334642,121318,50510,5835,0,10149,7622,714,700,0,168,84.78215
30,5,87.2195,86.2433,80.1233,93.3756,35975.5718,92.1149,69.4459,77.4376,62.9493,2150.385988,121318,48602,3448,0,12057,7622,683,402,0,199,84.77625
40,5,87.5427,86.7825,81.7917,92.422,33886.04894,91.1965,67.3161,78.3447,59.0094,2481.472784,121318,49614,4068,0,11045,7622,691,480,0,191,84.7706
12,3,85.9452,84.8056,78.4451,92.2886,40924.67276,91.4065,67.7816,78.1179,59.861,2286.73237,121318,47584,3976,0,13075,7622,689,462,0,193,84.7622
7,3,85.3089,84.361,79.2479,90.1793,42613.02403,89.9108,64.6111,79.5918,54.3765,2592.723675,121318,48071,5235,0,12588,7622,702,589,0,180,84.7513
11,3,85.7292,85.1481,81.8164,88.7627,41291.61794,88.5463,62.06,80.9524,50.3171,2821.961105,121318,49629,6283,0,11030,7622,714,705,0,168,84.74935
26,3,86.7439,85.6344,79.0204,93.4567,38088.50864,92.1543,69.5209,77.3243,63.1481,2101.487944,121318,47933,3356,0,12726,7622,682,398,0,200,84.7393
13,3,85.6559,85.3071,83.282,87.4332,41217.76509,87.4967,60.2751,81.9728,47.6599,2998.146368,121318,50518,7261,0,10141,7622,723,794,0,159,84.73475
39,3,86.7884,86.7313,86.3582,87.1078,37128.61452,86.4734,58.6774,82.9932,45.3813,3086.830662,121318,52384,7753,0,8275,7622,732,881,0,150,84.7333
28,3,87.025,86.0774,80.2189,92.8591,37294.64008,91.5639,68.121,77.8912,60.5286,2214.699211,121318,48660,3742,0,11999,7622,687,448,0,195,84.72755
10,2,85.4572,84.8666,81.5543,88.4593,42062.94302,87.9822,61.0544,81.4059,48.8435,2948.806469,121318,49470,6454,0,11189,7622,718,752,0,164,84.69405
15,5,86.0474,84.9558,78.7913,92.1668,39598.74965,91.4721,67.8854,77.8912,60.1576,2280.800872,121318,47794,4062,0,12865,7622,687,455,0,195,84.68165
59,3,88.1691,87.7875,85.0443,90.7136,31853.97284,89.1892,63.1814,80.1587,52.1386,2735.521955,121318,51587,5281,0,9072,7622,707,649,0,175,84.67395
46,5,87.5451,86.8709,82.4099,91.8426,33342.03496,90.7242,66.2207,78.5714,57.2254,2647.911059,121318,49989,4440,0,10670,7622,693,518,0,189,84.6478
45,3,88.0974,87.2784,81.6598,93.7274,34299.30581,91.9575,68.9934,77.3243,62.2831,2071.802845,121318,49534,3315,0,11125,7622,682,413,0,200,84.6409
9,5,85.233,84.5655,80.908,88.5693,42246.29887,88.7825,62.4176,80.4989,50.9691,2892.003708,121318,49078,6334,0,11581,7622,710,683,0,172,84.6407
33,5,87.2706,86.2255,79.6831,93.9383,35571.8395,92.5216,70.3742,76.7574,64.9712,2099.651731,121318,48335,3119,0,12324,7622,677,365,0,205,84.6395
32,2,87.2129,86.6035,82.6637,90.9376,35273.81627,89.5697,63.8801,79.7052,53.298,2603.093138,121318,50143,4997,0,10516,7622,703,616,0,179,84.63745
15,2,85.838,84.5757,77.6538,92.8524,40466.58511,91.6033,68.1592,77.6644,60.727,2217.176302,121318,47104,3626,0,13555,7622,685,443,0,197,84.63385
20,5,86.5535,85.748,80.9014,91.2122,38205.20483,90.5799,65.9069,78.6848,56.6993,2527.387741,121318,49074,4728,0,11585,7622,694,530,0,188,84.63235
20,2,86.3071,85.1851,78.7336,92.7882,38881.98561,91.4983,67.889,77.6644,60.2993,2212.740091,121318,47759,3712,0,12900,7622,685,451,0,197,84.58135
59,1,90.792,91.1376,94.6916,87.8406,27319.25113,85.5943,57.3095,83.5601,43.6095,2579.399403,121318,57439,7951,0,3220,7622,737,953,0,145,84.5772
38,5,87.4874,86.5963,80.8388,93.2367,34347.76485,91.9313,68.8923,77.2109,62.1918,2211.431149,121318,49036,3557,0,11623,7622,681,414,0,201,84.5711
57,3,87.5517,87.3161,85.6938,89.0009,34172.48635,87.8378,60.737,81.2925,48.4787,2986.51255,121318,51981,6424,0,8678,7622,717,762,0,165,84.56515
46,1,88.418,88.9292,93.0348,85.1705,32953.10918,83.1803,54.1816,85.941,39.5616,3056.54166,121318,56434,9826,0,4225,7622,758,1158,0,124,84.56065
11,2,85.7128,84.6018,78.4978,91.7351,41339.41235,90.7373,66.1877,78.3447,57.2968,2394.213732,121318,47616,4290,0,13043,7622,691,515,0,191,84.541
21,2,86.3862,85.2927,78.9512,92.7419,38562.13512,91.3015,67.4201,77.7778,59.497,2241.214928,121318,47891,3748,0,12768,7622,686,467,0,196,84.53965
6,3,85.0311,83.9247,78.1483,90.623,43320.53148,90.265,65.197,78.7982,55.6,2527.879702,121318,47404,4905,0,13255,7622,695,555,0,187,84.5316
20,9,86.734,86.2674,83.3364,89.4122,38118.73332,88.7489,62.1967,80.2961,50.7559,2834.254196,121318,50551,5986,0,10108,7617,705,684,0,173,84.5225
38,1,87.9086,87.0302,81.1355,93.8484,34411.84212,92.2855,69.7219,76.7574,63.8679,1837.49331,121318,49216,3226,0,11443,7622,677,383,0,205,84.52145
6,2,84.9066,84.0606,79.5991,89.052,43912.4592,88.8612,62.4834,80.1587,51.1948,2882.819366,121318,48284,5936,0,12375,7622,707,674,0,175,84.50995
55,5,87.9259,87.2495,82.6209,92.4276,31516.18742,91.0129,66.7637,78.0045,58.3545,2605.635584,121318,50117,4106,0,10542,7622,688,491,0,194,84.5087
19,2,86.3532,85.2702,79.0006,92.6207,39073.8925,91.2359,67.2549,77.7778,59.2401,2231.330252,121318,47921,3818,0,12738,7622,686,472,0,196,84.50685
18,4,87.1297,86.3261,81.2526,92.0753,37770.72149,91.1047,66.9591,77.8912,58.7179,2236.142176,121318,49287,4242,0,11372,7622,687,483,0,195,84.49795
25,1,86.4596,85.1989,77.9423,93.9455,38375.22216,92.6791,70.6933,76.3039,65.8513,1765.463066,121318,47279,3047,0,13380,7622,673,349,0,209,84.4915
17,5,86.298,85.2307,79.0715,92.4304,38842.00238,91.6557,68.2,77.3243,61.0018,2292.596292,121318,47964,3928,0,12695,7622,682,436,0,200,84.49
24,2,86.6376,85.5459,79.0847,93.1568,37986.67248,91.6295,68.1319,77.3243,60.8929,2148.584087,121318,47972,3524,0,12687,7622,682,438,0,200,84.4769
17,4,86.9879,86.2843,81.8576,91.217,37915.58293,90.37,65.3774,78.5714,55.9774,2382.888382,121318,49654,4781,0,11005,7622,693,545,0,189,84.4707
51,5,87.9235,87.2156,82.3868,92.6458,31299.42365,91.1572,67.0577,77.7778,58.9347,2434.199151,121318,49975,3967,0,10684,7622,686,478,0,196,84.4675
51,3,88.6142,87.9441,83.0561,93.4435,32003.66522,91.4852,67.7916,77.4376,60.2824,2212.899689,121318,50381,3535,0,10278,7622,683,450,0,199,84.4614
5,3,84.7319,83.5633,77.6224,90.4889,44172.38351,90.3306,65.285,78.5714,55.8421,2498.494457,121318,47085,4949,0,13574,7622,693,548,0,189,84.451
42,5,87.5921,86.7485,81.2262,93.0765,33258.50447,91.5639,67.9621,77.3243,60.6222,2318.620882,121318,49271,3665,0,11388,7622,682,443,0,200,84.4441
52,5,87.8798,87.1764,82.395,92.547,31307.38257,91.1047,66.9268,77.7778,58.7329,2484.246426,121318,49980,4025,0,10679,7622,686,482,0,196,84.44125
40,2,87.6424,87.0685,83.2045,91.3089,33029.1313,89.5172,63.6653,79.3651,53.1511,2654.6758,121318,50471,4804,0,10188,7622,700,617,0,182,84.44115
20,4,87.3234,86.7027,82.6555,91.1666,36931.43831,90.1863,64.9813,78.6848,55.3429,2372.278093,121318,50138,4858,0,10521,7622,694,560,0,188,84.43555
16,5,86.1035,84.8949,78.1022,92.9816,39463.43018,91.9969,68.9725,76.8707,62.5461,2180.994018,121318,47376,3576,0,13283,7622,678,406,0,204,84.4338
28,2,86.6821,86.3434,84.2018,88.5967,37402.63885,87.3393,59.8419,81.5193,47.2715,2950.670717,121318,51076,6574,0,9583,7622,719,802,0,163,84.4293
39,2,87.508,86.9801,83.4534,90.8181,33671.38681,88.9006,62.5,79.932,51.31,2733.666452,121318,50622,5118,0,10037,7622,705,669,0,177,84.4163
9,2,85.3591,84.0557,77.1839,92.2706,42299.86662,91.2753,67.2897,77.551,59.4266,2359.308832,121318,46819,3922,0,13840,7622,684,467,0,198,84.41315
35,2,87.0168,86.6346,84.1573,89.2621,35345.77986,87.8641,60.6885,80.9524,48.5384,2885.730965,121318,51049,6141,0,9610,7622,714,757,0,168,84.40825
34,3,87.3745,86.427,80.3937,93.4394,36107.74099,91.9444,68.8325,76.8707,62.3162,2116.634315,121318,48766,3424,0,11893,7622,678,410,0,204,84.40755
24,4,87.5748,87.2909,85.341,89.332,36122.45477,88.4938,61.7532,80.2721,50.1772,2644.196915,121318,51767,6182,0,8892,7622,708,703,0,174,84.38295
3,1,84.0502,83.0287,78.0313,88.71,46665.67613,88.9399,62.55,79.8186,51.4244,2822.620483,121318,47333,6024,0,13326,7622,704,665,0,178,84.37925
32,5,87.1602,86.0712,79.3419,94.0478,35959.54169,92.4429,70.0312,76.3039,64.7115,2105.673,121318,48128,3046,0,12531,7622,673,367,0,209,84.3734
57,1,90.5298,90.7909,93.3645,88.3553,27605.03388,85.9748,57.7303,82.7664,44.323,2525.124092,121318,56634,7464,0,4025,7622,730,917,0,152,84.3706
16,4,86.6697,86.0848,82.4659,90.0358,38681.56639,89.3597,63.3198,79.3651,52.6712,2579.310442,121318,50023,5536,0,10636,7622,700,629,0,182,84.3624
22,4,87.5773,87.0322,83.3743,91.0259,36359.03237,90.0289,64.6182,78.6848,54.8183,2368.39138,121318,50574,4986,0,10085,7622,694,572,0,188,84.35685
17,0,86.8371,86.4716,84.1359,88.9408,37149.53575,88.4282,61.6188,80.2721,50,2649.023151,121318,51036,6346,0,9623,7622,708,708,0,174,84.35015
38,2,87.3193,86.8039,83.4138,90.4812,33770.52502,88.8743,62.4113,79.8186,51.2373,2695.390974,121318,50598,5323,0,10061,7622,704,670,0,178,84.34645
34,2,87.2072,86.6589,83.0973,90.5394,34934.13913,88.8612,62.3837,79.8186,51.2,2668.033113,121318,50406,5267,0,10253,7622,704,671,0,178,84.3399
51,2,87.8204,87.2449,83.3083,91.572,31254.43001,89.5303,63.6281,79.1383,53.2012,2813.390001,121318,50534,4651,0,10125,7622,698,614,0,184,84.3343
39,5,87.5872,86.7409,81.2048,93.0872,34038.87517,91.5508,67.8643,77.0975,60.6061,2319.027628,121318,49258,3658,0,11401,7622,680,442,0,202,84.32415
21,4,87.4767,86.8721,82.8715,91.2787,36746.26606,90.1732,64.8851,78.458,55.3157,2390.358164,121318,50269,4803,0,10390,7622,692,559,0,190,84.3156
19,4,87.0778,86.4567,82.4923,90.8215,37326.50533,89.937,64.4084,78.6848,54.5169,2432.873951,121318,50039,5057,0,10620,7622,694,579,0,188,84.3109
23,4,87.6243,87.166,84.0535,90.5179,36206.04877,89.5697,63.682,79.0249,53.3282,2504.385843,121318,50986,5341,0,9673,7622,697,610,0,185,84.2973
54,3,88.7379,88.0266,82.7973,93.9609,31473.05806,91.8263,68.4876,76.7574,61.8265,2199.30797,121318,50224,3228,0,10435,7622,677,418,0,205,84.29185
19,3,86.3046,85.102,78.2324,93.2941,39645.75304,91.9313,68.7341,76.644,62.3041,2105.165247,121318,47455,3411,0,13204,7622,676,409,0,206,84.28765
33,2,87.1981,86.655,83.1286,90.4939,34997.60241,88.8612,62.3503,79.7052,51.2017,2656.920101,121318,50425,5297,0,10234,7622,703,670,0,179,84.2832
13,5,85.8067,84.5612,77.7395,92.6954,40433.54909,91.8001,68.4184,76.7574,61.7138,2232.771042,121318,47156,3716,0,13503,7622,677,420,0,205,84.27875
15,9,86.5337,85.8194,81.4966,90.6266,38884.25732,90.1667,64.7529,78.3599,55.1724,2572.590351,121318,49435,5113,0,11224,7617,688,559,0,190,84.2633
13,9,86.2543,85.6318,81.9219,89.6937,39738.07834,89.3659,63.1818,79.1572,52.5719,2725.17976,121318,49693,5710,0,10966,7617,695,627,0,183,84.26155
16,9,86.4909,85.9311,82.5121,89.6457,38706.35817,89.1033,62.6799,79.385,51.7831,2670.327291,121318,50051,5781,0,10608,7617,697,649,0,181,84.24415
12,0,86.3442,85.58,81.0449,90.6528,38694.36942,89.9108,64.3155,78.5714,54.4383,2431.648619,121318,49161,5069,0,11498,7622,693,580,0,189,84.2411
44,2,88.015,87.3135,82.4857,92.7416,31635.47165,90.5537,65.616,77.8912,56.6832,2438.56811,121318,50035,3916,0,10624,7622,687,525,0,195,84.22245
37,4,89.0643,88.7217,86.0268,91.5909,31858.82833,89.7533,63.9926,78.6848,53.9239,2405.659943,121318,52183,4791,0,8476,7622,694,593,0,188,84.21905
58,3,88.8261,88.1844,83.3957,93.5566,30577.12448,91.5639,67.8339,76.8707,60.6983,2297.324543,121318,50587,3484,0,10072,7622,678,439,0,204,84.2173
57,2,88.2128,87.5939,83.2243,92.4479,29104.35926,90.1994,64.8801,78.2313,55.4217,2685.262745,121318,50483,4124,0,10176,7622,690,555,0,192,84.21535
54,5,87.804,87.1321,82.583,92.2117,31007.63657,90.7636,66.0559,77.6644,57.4664,2524.69999,121318,50094,4231,0,10565,7622,685,507,0,197,84.214
32,8,87.0769,86.6251,83.699,89.7633,34759.53384,88.6775,61.9656,79.7052,50.6849,2773.687407,121318,50771,5790,0,9888,7622,703,684,0,179,84.19135
12,5,85.6946,84.5347,78.1945,91.9938,40634.21477,91.3933,67.428,76.9841,59.9823,2310.092091,121318,47432,4128,0,13227,7622,679,453,0,203,84.1887
47,3,87.9985,87.0872,80.941,94.2434,34132.44274,92.2986,69.5697,76.0771,64.0879,2021.689392,121318,49098,2999,0,11561,7622,671,376,0,211,84.18785
21,0,87.3259,86.9009,84.0815,89.9159,35871.81399,89.1105,62.7469,79.2517,51.9316,2461.50939,121318,51003,5720,0,9656,7622,699,647,0,183,84.1811
11,9,85.9114,85.0362,80.0623,90.6689,40338.65213,90.4556,65.2983,77.9043,56.2038,2525.360857,121318,48565,4998,0,12094,7617,684,533,0,194,84.17995
24,8,86.9846,86.4436,82.9935,90.193,36272.16916,88.9924,62.5279,79.3651,51.5844,2639.436142,121318,50343,5474,0,10316,7622,700,657,0,182,84.17875
40,0,88.7206,88.7504,88.986,88.5161,31600.37836,87.1425,59.3698,81.1791,46.7974,2591.547428,121318,53978,7003,0,6681,7622,716,814,0,166,84.1608
19,0,86.978,86.4588,83.1435,90.0495,36395.38284,89.3991,63.2727,78.9116,52.8073,2500.3664,121318,50434,5573,0,10225,7622,696,622,0,186,84.15535
43,5,87.6993,86.8398,81.1685,93.3632,33031.18312,91.6557,68.008,76.644,61.1212,2283.689005,121318,49236,3500,0,11423,7622,676,430,0,206,84.14985
25,3,86.6788,85.5565,78.9083,93.4279,38310.06166,91.9837,68.7787,76.3039,62.6047,2115.427578,121318,47865,3367,0,12794,7622,673,402,0,209,84.1438
27,3,86.7678,85.6265,78.8275,93.7091,38109.53959,92.0887,69.0293,76.1905,63.0986,2051.693939,121318,47816,3210,0,12843,7622,672,393,0,210,84.1396
8,9,85.4424,84.7185,80.7053,89.1517,42016.62254,89.3265,63.0286,78.9294,52.4603,2833.288944,121318,48955,5957,0,11704,7617,693,628,0,185,84.12795
38,4,89.2209,88.7798,85.2899,92.5675,31621.5626,90.5799,65.613,77.6644,56.7993,2255.545567,121318,51736,4154,0,8923,7622,685,521,0,197,84.12215
53,5,88.0916,87.3619,82.3175,93.0648,30784.8213,91.3671,67.3287,76.8707,59.894,2409.097435,121318,49933,3721,0,10726,7622,678,454,0,204,84.1189
33,9,87.25,86.7813,83.704,90.0935,34914.88282,88.9589,62.3377,79.2711,51.3653,2731.352558,121318,50774,5583,0,9885,7617,696,659,0,182,84.115
50,5,87.9251,87.0375,81.0778,93.9429,31590.18355,92.1281,69.104,76.0771,63.3019,2248.821879,121318,49181,3171,0,11478,7622,671,389,0,211,84.1026
59,5,88.2309,87.5092,82.4527,93.2263,29951.26621,91.4458,67.4975,76.7574,60.2313,2504.83478,121318,50015,3634,0,10644,7622,677,447,0,205,84.1016
31,4,88.5351,88.2054,85.74,90.8169,33647.08074,89.1761,62.8211,79.0249,52.1316,2461.926146,121318,52009,5259,0,8650,7622,697,640,0,185,84.1005
31,9,86.9986,86.5359,83.5622,89.7292,35616.98142,88.8145,62.0659,79.385,50.9503,2825.958828,121318,50688,5802,0,9971,7617,697,671,0,181,84.09975
35,4,88.939,88.6873,86.7143,90.7522,32656.29713,89.1105,62.6799,79.0249,51.9374,2516.909428,121318,52600,5360,0,8059,7622,697,645,0,185,84.0677
10,0,85.9056,85.2997,81.7834,89.1318,39632.96027,88.8743,62.244,79.2517,51.2463,2698.816051,121318,49609,6049,0,11050,7622,699,665,0,183,84.063
36,2,87.583,86.7238,81.1108,93.1714,34082.17093,91.026,66.5362,77.0975,58.5198,2282.321247,121318,49201,3606,0,11458,7622,680,482,0,202,84.06175
37,2,87.5468,86.6956,81.1487,93.0563,33968.951,90.7898,66.0213,77.3243,57.6014,2283.082359,121318,49224,3673,0,11435,7622,682,502,0,200,84.05705
26,4,87.7034,86.9005,81.574,92.9711,35897.19676,91.354,67.2628,76.7574,59.8585,2078.496313,121318,49482,3741,0,11177,7622,677,454,0,205,84.0557
34,0,88.3018,88.2476,87.8402,88.6587,32824.41368,87.6017,60.0423,80.4989,47.8759,2559.628216,121318,53283,6816,0,7376,7622,710,773,0,172,84.0503
19,8,86.6788,86.107,82.5632,89.9687,37676.48722,88.8481,62.1886,79.2517,51.1713,2639.956968,121318,50082,5584,0,10577,7622,699,667,0,183,84.0499
26,0,87.6721,87.4012,85.5223,89.3645,34588.82716,88.3889,61.3706,79.7052,49.8935,2505.744312,121318,51877,6174,0,8782,7622,703,706,0,179,84.04705
58,1,90.3609,90.1705,88.4238,91.9875,27926.34245,89.6353,63.6615,78.458,53.5604,2030.935675,121318,53637,4672,0,7022,7622,692,600,0,190,84.04665
56,5,88.0859,87.378,82.4775,92.8976,30395.93044,91.1965,66.8969,76.8707,59.214,2525.94272,121318,50030,3825,0,10629,7622,678,467,0,204,84.0336
45,2,87.9358,87.2929,82.8764,92.2067,31632.18215,90.0551,64.4799,78.0045,54.9521,2598.714918,121318,50272,4249,0,10387,7622,688,564,0,194,84.0298
21,9,87.0506,86.3987,82.2582,90.9782,37061.36833,90.1536,64.5892,77.9043,55.1613,2545.150797,121318,49897,4948,0,10762,7617,684,556,0,194,84.02895
4,3,84.3107,83.4855,79.3139,88.1202,45495.07368,88.1134,60.8808,79.932,49.1632,2954.42127,121318,48111,6486,0,12548,7622,705,729,0,177,84.0227
33,4,88.2977,87.5241,82.0966,93.7199,34038.69657,91.8525,68.3969,76.1905,62.0499,2044.19198,121318,49799,3337,0,10860,7622,672,411,0,210,84.0215
28,0,87.8641,87.5895,85.6509,89.6178,34109.57526,88.6775,61.8648,79.3651,50.6879,2461.71044,121318,51955,6019,0,8704,7622,700,681,0,182,84.0213
49,2,88.1749,87.4954,82.7412,92.8293,30321.77549,90.4749,65.3295,77.551,56.4356,2500.238829,121318,50190,3877,0,10469,7622,684,528,0,198,84.01295
28,4,88.1444,87.9209,86.2939,89.6104,34765.63956,88.3102,61.2103,79.7052,49.682,2613.671902,121318,52345,6069,0,8314,7622,703,712,0,179,84.0077
41,4,89.3726,88.9092,85.1943,92.9628,31016.8388,90.8029,66.0204,77.2109,57.663,2237.136091,121318,51678,3912,0,8981,7622,681,500,0,201,84.0069
50,3,88.4378,87.645,82.0208,94.0973,32767.89273,91.9181,68.5393,76.0771,62.3606,2117.0632,121318,49753,3121,0,10906,7622,671,405,0,211,83.9976
22,8,86.7035,86.2599,83.4748,89.2372,36995.82538,88.1527,60.926,79.8186,49.2652,2734.766556,121318,50635,6107,0,10024,7622,704,725,0,178,83.98565
6,5,84.3494,83.193,77.4691,89.8302,44202.80193,89.9501,64.239,78.0045,54.6032,2660.386932,121318,46992,5320,0,13667,7622,688,572,0,194,83.9773
34,8,87.0926,86.7645,84.614,89.0273,34503.18777,87.9034,60.497,80.0454,48.6226,2875.650623,121318,51326,6326,0,9333,7622,706,746,0,176,83.9744
22,9,87.1297,86.4013,81.7735,91.5844,36784.92551,90.4818,65.2278,77.4487,56.338,2475.606167,121318,49603,4558,0,11056,7617,680,527,0,198,83.96525
59,2,88.4757,87.8266,83.1435,93.0688,28254.78621,90.6061,65.5769,77.3243,56.9282,2619.751024,121318,50434,3756,0,10225,7622,682,516,0,200,83.9652
16,0,86.7019,86.3288,83.9727,88.8209,37670.04372,88.2183,61.0243,79.7052,49.4374,2721.931221,121318,50937,6411,0,9722,7622,703,719,0,179,83.96175
13,0,86.3425,85.7015,81.8592,89.9221,38409.23157,89.2285,62.8339,78.6848,52.2984,2572.056778,121318,49655,5565,0,11004,7622,694,633,0,188,83.95665
11,4,86.0111,85.33,81.368,89.6976,40147.38017,89.0973,62.5844,78.7982,51.9044,2604.81682,121318,49357,5669,0,11302,7622,695,644,0,187,83.94775
42,4,89.5844,89.2241,86.2411,92.4209,30447.15807,90.3437,65.019,77.551,55.9738,2340.896303,121318,52313,4290,0,8346,7622,684,538,0,198,83.94735
34,9,87.5748,86.9924,83.0973,91.2706,34093.07359,89.9698,64.1651,77.9043,54.5455,2598.310377,121318,50406,4821,0,10253,7617,684,570,0,194,83.93705
54,2,88.2227,87.6172,83.3331,92.3657,29972.8124,89.9764,64.2657,77.8912,54.6975,2710.807531,121318,50549,4178,0,10110,7622,687,569,0,195,83.9338
30,8,86.9005,86.622,84.8184,88.5039,35415.37531,87.2474,59.3985,80.6122,47.0238,2897.066711,121318,51450,6683,0,9209,7622,711,801,0,171,83.9298
24,0,87.4388,87.3075,86.4043,88.2297,35334.76452,87.3524,59.5638,80.4989,47.2703,2643.628197,121318,52412,6992,0,8247,7622,710,792,0,172,83.92565
43,4,89.0239,88.8606,87.5583,90.2023,31545.19043,88.5988,61.6674,79.2517,50.4693,2706.258499,121318,53112,5769,0,7547,7622,699,686,0,183,83.92525
14,0,86.5535,85.8582,81.6367,90.5401,37941.2644,89.8452,64,78.0045,54.2587,2434.629032,121318,49520,5174,0,11139,7622,688,580,0,194,83.92485
41,8,87.4635,86.9809,83.7567,90.4633,32050.39671,88.9268,62.254,78.9116,51.4032,2591.020872,121318,50806,5356,0,9853,7622,696,658,0,186,83.9192
5,2,84.6824,83.3827,76.8608,91.1139,45074.62296,90.5012,65.3257,77.3243,56.5506,2506.887306,121318,46623,4547,0,14036,7622,682,524,0,200,83.91275
18,8,86.5519,85.7946,81.2213,90.9138,37842.04656,89.9239,64.1457,77.8912,54.5238,2441.826504,121318,49268,4924,0,11391,7622,687,573,0,195,83.90755
29,4,88.2326,87.9203,85.6476,90.3169,34426.44862,88.7825,61.9831,79.0249,50.9876,2541.181589,121318,51953,5570,0,8706,7622,697,670,0,185,83.9037
8,4,85.5397,84.7681,80.4745,89.5458,41619.71492,89.2285,62.8002,78.5714,52.3019,2619.770126,121318,48815,5699,0,11844,7622,693,632,0,189,83.89995
41,2,87.785,87.0462,82.0818,92.6498,32458.27679,90.4618,65.2319,77.3243,56.4103,2392.037468,121318,49790,3950,0,10869,7622,682,527,0,200,83.89305
23,8,86.9104,86.3424,82.7511,90.2595,36418.35606,88.9793,62.3318,78.7982,51.5579,2560.519722,121318,50196,5417,0,10463,7622,695,653,0,187,83.88875
47,4,89.6536,89.366,86.9484,91.9219,29070.71739,89.9895,64.2623,77.7778,54.7486,2426.445776,121318,52742,4635,0,7917,7622,686,567,0,196,83.88365
13,4,86.3944,85.8976,82.8715,89.1531,39542.85342,88.402,61.296,79.3651,49.9287,2669.662546,121318,50269,6116,0,10390,7622,700,702,0,182,83.88355
39,4,89.1302,88.8372,86.5049,91.2987,31526.76302,89.3073,62.9377,78.458,52.5437,2482.604952,121318,52473,5001,0,8186,7622,692,625,0,190,83.88265
17,8,86.4843,85.9358,82.5846,89.5705,38290.20782,88.5988,61.6336,79.1383,50.47,2662.317577,121318,50095,5833,0,10564,7622,698,685,0,184,83.86855
30,9,86.9516,86.5125,83.6957,89.5255,35952.86622,88.4469,61.2676,79.2711,49.9283,2823.793797,121318,50769,5940,0,9890,7617,696,698,0,182,83.859
44,4,89.3429,89.1052,87.161,91.138,30027.37655,89.2548,62.8234,78.458,52.3846,2526.823082,121318,52871,5141,0,7788,7622,692,629,0,190,83.8564
54,1,89.061,89.7576,95.8621,84.384,31773.78223,81.8814,52.2971,85.8277,37.6056,3150.015244,121318,58149,10761,0,2510,7622,757,1256,0,125,83.85455
8,0,85.2734,85.0055,83.4864,86.5808,41512.06895,86.2897,57.8799,81.4059,44.9031,3102.412327,121318,50642,7849,0,10017,7622,718,881,0,164,83.8478
25,9,87.4001,86.5901,81.3597,92.539,35895.42422,91.2695,66.866,76.4237,59.4331,2359.571981,121318,49352,3979,0,11307,7617,671,458,0,207,83.8466
9,9,85.7573,84.7812,79.3435,91.0189,41218.31483,90.6919,65.5992,76.9932,57.1429,2466.192858,121318,48129,4749,0,12530,7617,676,507,0,202,83.84255
38,9,87.8089,87.2068,83.1023,91.7378,32985.30218,90.3374,64.852,77.3349,55.8388,2569.295511,121318,50409,4540,0,10250,7617,679,537,0,199,83.83615
25,0,87.5179,87.2657,85.5372,89.0655,35056.91193,87.9559,60.4991,79.7052,48.7517,2576.434706,121318,51886,6370,0,8773,7622,703,739,0,179,83.83055
39,8,87.4116,86.8504,83.1435,90.9032,32216.72049,89.1892,62.6812,78.458,52.187,2509.867897,121318,50434,5047,0,10225,7622,692,634,0,190,83.8236
14,9,86.5832,85.8526,81.4191,90.7968,39280.97209,90.0748,64.3059,77.5626,54.9194,2583.542236,121318,49388,5006,0,11271,7617,681,559,0,197,83.8187
15,8,86.3153,85.5893,81.2773,90.3844,38783.59431,89.5172,63.2981,78.1179,53.2046,2499.819344,121318,49302,5245,0,11357,7622,689,606,0,193,83.81755
29,0,87.9012,87.8926,87.8303,87.955,34220.64169,86.9063,58.7944,80.7256,46.2338,2684.574903,121318,53277,7296,0,7382,7622,712,828,0,170,83.81595
10,4,85.8842,85.3764,82.4115,88.5625,40834.01253,88.1396,60.7979,79.4785,49.2275,2779.412544,121318,49990,6456,0,10669,7622,701,723,0,181,83.80905
47,5,87.8097,86.9522,81.2377,93.5315,32303.74903,91.7476,68.0224,75.8503,61.659,2247.957388,121318,49278,3408,0,11381,7622,669,416,0,213,83.79895
46,2,87.6094,87.1065,83.7089,90.7916,32589.07115,88.6644,61.7021,78.9116,50.655,2821.895571,121318,50777,5150,0,9882,7622,696,678,0,186,83.788
42,0,88.77,89.1113,91.9039,86.4833,31767.46943,84.8071,55.7678,82.7664,42.0507,2823.175003,121318,55748,8713,0,4911,7622,730,1006,0,152,83.78675
30,0,88.0653,87.9423,87.0456,88.8577,33711.46262,87.641,59.949,79.932,47.9592,2508.557249,121318,52801,6621,0,7858,7622,705,765,0,177,83.7865
20,8,86.6112,85.6304,79.7854,92.3995,37780.58858,91.0391,66.4043,76.5306,58.6447,2198.832702,121318,48397,3981,0,12262,7622,675,476,0,207,83.78485
9,4,85.6559,84.8691,80.4563,89.7941,41044.3065,89.2154,62.7042,78.3447,52.2693,2613.58927,121318,48804,5547,0,11855,7622,691,631,0,191,83.78005
39,0,88.498,88.6689,90.0064,87.3706,31814.89673,86.0273,57.4511,81.5193,44.3553,2644.343472,121318,54597,7892,0,6062,7622,719,902,0,163,83.7733
21,8,86.5403,86.1859,83.9743,88.517,37492.51555,87.2737,59.3462,80.2721,47.0745,2836.245548,121318,50938,6608,0,9721,7622,708,796,0,174,83.7729
42,2,87.7677,86.9389,81.4224,93.2573,32845.70159,90.8948,66.0802,76.644,58.0756,2270.888262,121318,49390,3571,0,11269,7622,676,488,0,206,83.7694
18,6,87.0835,86.4592,82.4725,90.8508,37569.05441,89.7533,63.725,77.7778,53.9732,2468.810753,121318,50027,5038,0,10632,7622,686,585,0,196,83.76555
45,8,87.5229,87.0306,83.7271,90.6055,30938.19227,89.1498,62.5622,78.3447,52.0723,2347.376018,121318,50788,5266,0,9871,7622,691,636,0,191,83.74725
45,5,87.7553,86.7554,80.2057,94.4699,33070.69519,92.4298,69.6476,75.0567,64.9657,2118.347256,121318,48652,2848,0,12007,7622,662,357,0,220,83.74325
29,9,87.4709,86.8051,82.4247,91.6772,35090.75362,90.3637,64.8467,77.1071,55.9504,2532.984209,121318,49998,4539,0,10661,7617,677,533,0,201,83.7354
20,0,86.9187,86.7847,85.9048,87.6828,36970.12285,86.9588,58.8235,80.4989,46.3446,2861.005035,121318,52109,7320,0,8550,7622,710,822,0,172,83.72885
23,9,87.1907,86.367,81.1487,92.3025,36588.06873,91.0332,66.2716,76.4237,58.5004,2350.612097,121318,49224,4105,0,11435,7617,671,476,0,207,83.72845
9,0,85.9213,85.1623,80.8058,90.0152,40027.93866,89.3335,62.8937,78.1179,52.6356,2612.651764,121318,49016,5437,0,11643,7622,689,620,0,193,83.7257
48,5,87.7825,86.784,80.2272,94.508,32891.35838,92.3904,69.5378,75.0567,64.775,2098.348693,121318,48665,2828,0,11994,7622,662,360,0,220,83.72355
53,2,87.5987,87.171,84.2645,90.2851,32133.36136,88.1921,60.8355,79.2517,49.3644,2986.916466,121318,51114,5500,0,9545,7622,699,717,0,183,83.7219
43,0,88.8862,88.8103,88.2079,89.4211,30313.31259,87.851,60.2575,79.5918,48.4807,2345.201527,121318,53506,6330,0,7153,7622,702,746,0,180,83.7214
7,2,84.7962,83.2277,75.4447,92.8012,44146.68214,91.577,67.5758,75.8503,60.929,2225.714333,121318,45764,3550,0,14895,7622,669,429,0,213,83.71365
13,8,85.9262,85.4793,82.8484,88.2828,39826.21294,87.2606,59.2872,80.1587,47.0393,2849.441622,121318,50255,6670,0,10404,7622,707,796,0,175,83.70965
44,5,87.499,86.4335,79.6452,94.4867,33861.12145,92.456,69.689,74.9433,65.1232,2056.956785,121318,48312,2819,0,12347,7622,661,354,0,221,83.69965
43,8,87.6861,87.0655,82.8879,91.6864,31334.103,89.8452,63.8655,77.551,54.2857,2264.355591,121318,50279,4559,0,10380,7622,684,576,0,198,83.6981
27,4,88.2243,87.6472,83.5523,92.1642,34930.30421,90.4093,65.0072,76.9841,56.2552,2268.829527,121318,50682,4309,0,9977,7622,679,528,0,203,83.6967
43,2,87.9729,87.2886,82.5896,92.5547,31969.5295,90.2913,64.7619,77.0975,55.8292,2434.487734,121318,50098,4030,0,10561,7622,680,538,0,202,83.6944
50,8,87.71,87.1729,83.5226,91.1567,34172.67007,89.3729,62.946,78.0045,52.7607,2004.539871,121318,50664,4915,0,9995,7622,688,616,0,194,83.6887
45,4,89.7336,89.3613,86.2345,92.7234,29652.74247,90.6193,65.4422,76.7574,57.0345,2306.396614,121318,52309,4105,0,8350,7622,677,510,0,205,83.68835
24,6,87.3621,87.1482,85.6971,88.6492,36349.51382,87.5492,59.737,79.8186,47.7288,2738.720249,121318,51983,6656,0,8676,7622,704,771,0,178,83.6839
7,4,85.2182,84.5779,81.0663,88.4075,42473.42172,88.2183,60.8544,79.1383,49.4334,2799.625519,121318,49174,6448,0,11485,7622,698,714,0,184,83.6783
11,0,86.2131,85.4329,80.8569,90.5578,39087.85219,89.6877,63.5436,77.6644,53.7677,2511.681728,121318,49047,5114,0,11612,7622,685,589,0,197,83.67605
38,8,87.4709,86.8782,82.9539,91.1923,32454.07847,89.4516,63.0854,77.8912,53.0093,2478.530123,121318,50319,4860,0,10340,7622,687,609,0,195,83.6714
31,0,87.9812,88.0567,88.6134,87.5069,33821.41203,86.2634,57.7311,81.0658,44.8276,2688.922836,121318,53752,7674,0,6907,7622,715,880,0,167,83.6646
6,9,85.022,84.2505,80.1233,88.8259,43451.2735,88.8539,61.877,78.4738,51.0749,2895.279799,121318,48602,6114,0,12057,7617,689,660,0,189,83.66385
44,8,87.7875,87.1358,82.7214,92.0478,31993.28603,90.0813,64.3059,77.2109,55.0971,2136.484444,121318,50178,4335,0,10481,7622,681,555,0,201,83.6461
46,9,88.1543,87.5471,83.2787,92.2768,31068.38021,90.5212,65.1208,76.7654,56.5436,2594.81328,121318,50516,4228,0,10143,7617,674,518,0,204,83.6433
10,5,85.1275,83.6221,75.936,93.0395,42331.27953,91.9969,68.5243,75.2834,62.8788,2162.261482,121318,46062,3446,0,14597,7622,664,392,0,218,83.64015
27,9,87.3053,86.6903,82.6852,91.1033,35706.34933,89.9435,63.936,77.3349,54.4944,2609.779354,121318,50156,4898,0,10503,7617,679,567,0,199,83.6392
30,4,88.5582,87.9981,83.8919,92.527,34091.3655,90.6324,65.4405,76.644,57.0946,2210.738232,121318,50888,4110,0,9771,7622,676,508,0,206,83.6382
53,4,90.0204,89.7699,87.5715,92.0815,27350.68356,89.9501,64.0376,77.3243,54.6474,2497.576878,121318,53120,4568,0,7539,7622,682,566,0,200,83.6372
54,8,88.334,88.4519,89.3552,87.5666,28978.37499,85.6206,56.7823,81.6327,43.5308,2266.562983,121318,54202,7696,0,6457,7622,720,934,0,162,83.62665
50,2,88.1856,87.516,82.822,92.774,30374.45505,90.265,64.6667,76.9841,55.7471,2502.202162,121318,50239,3913,0,10420,7622,679,539,0,203,83.62455
7,0,85.5108,84.5291,79.1655,90.6724,41058.48546,90.0157,64.1545,77.2109,54.8751,2503.979439,121318,48021,4940,0,12638,7622,681,560,0,201,83.6133
13,6,86.5131,85.6418,80.4448,91.5567,39300.13077,90.4618,65.0649,76.7574,56.4637,2346.542673,121318,48797,4500,0,11862,7622,677,522,0,205,83.6096
7,5,84.6981,83.316,76.4141,91.5885,43579.5486,91.026,66.2722,76.1905,58.6387,2412.407776,121318,46352,4257,0,14307,7622,672,474,0,210,83.60825
32,6,88.1518,87.839,85.58,90.2205,33897.1102,88.7562,61.7581,78.458,50.9198,2540.313429,121318,51912,5627,0,8747,7622,692,667,0,190,83.6071
35,8,87.3226,86.7635,83.099,90.7662,33329.88595,89.2023,62.5739,78.0045,52.2399,2566.539249,121318,50407,5128,0,10252,7622,688,629,0,194,83.6034
16,6,86.6162,86.2955,84.276,88.414,38606.98193,87.6148,59.7956,79.5918,47.8854,2785.756866,121318,51121,6699,0,9538,7622,702,764,0,180,83.6033
18,0,86.9805,86.2109,81.3993,91.6271,36865.38519,90.5537,65.251,76.644,56.8067,2233.589478,121318,49376,4512,0,11283,7622,676,514,0,206,83.59885
37,8,87.433,86.8913,83.3001,90.806,32936.33587,89.0711,62.3247,78.1179,51.8435,2609.368441,121318,50529,5116,0,10130,7622,689,640,0,193,83.5945
21,6,87.3778,87.0162,84.5926,89.5828,36865.93057,88.3889,61.0989,78.7982,49.8923,2628.548532,121318,51313,5967,0,9346,7622,695,698,0,187,83.59355
22,0,87.2871,86.5558,81.8477,91.8387,35995.82291,90.5274,65.188,76.644,56.7114,2166.094476,121318,49648,4412,0,11011,7622,676,516,0,206,83.5857
57,4,90.0452,89.8553,88.1732,91.6027,26843.68336,89.609,63.3333,77.551,53.5211,2612.920095,121318,53485,4903,0,7174,7622,684,594,0,198,83.58
26,9,87.4462,86.5362,80.6871,93.2995,35904.43334,91.8734,68.1092,75.2847,62.1825,2168.79525,121318,48944,3515,0,11715,7617,661,402,0,217,83.57905
12,8,85.9905,85.0878,79.937,90.9481,39943.4467,90.0551,64.2115,77.0975,55.0162,2438.320681,121318,48489,4826,0,12170,7622,680,556,0,202,83.5763
40,8,87.494,86.9096,83.0297,91.1699,31941.20226,89.2548,62.6539,77.8912,52.4027,2450.725319,121318,50365,4878,0,10294,7622,687,624,0,195,83.573
46,8,87.7191,87.7076,87.6259,87.7894,30652.97935,86.0798,57.4067,81.0658,44.4375,2541.658783,121318,53153,7393,0,7506,7622,715,894,0,167,83.5728
49,4,89.5036,89.3268,87.8468,90.8575,29251.73558,88.9137,62.0225,78.2313,51.3775,2668.393168,121318,53287,5362,0,7372,7622,690,653,0,192,83.5725
16,8,86.1373,85.8306,83.9727,87.7725,39132.78409,86.6439,58.2445,80.4989,45.6298,2940.33857,121318,50937,7096,0,9722,7622,710,846,0,172,83.5714
32,9,87.5072,86.9117,82.9572,91.2621,34407.94504,89.786,63.5768,77.3349,53.9746,2559.593403,121318,50321,4818,0,10338,7617,679,579,0,199,83.56045
5,5,83.9529,82.8702,77.6323,88.866,45533.53119,89.2285,62.5968,77.8912,52.3229,2840.126709,121318,47091,5900,0,13568,7622,687,626,0,195,83.55985
42,8,87.541,87.0996,84.1194,90.2987,31537.6246,88.5463,61.3546,78.5714,50.3268,2469.004091,121318,51026,5482,0,9633,7622,693,684,0,189,83.55885
6,0,85.191,84.5595,81.1009,88.3261,42011.33737,87.969,60.3545,79.1383,48.7771,2922.259075,121318,49195,6502,0,11464,7622,698,733,0,184,83.55365
48,2,88.0141,87.1543,81.3202,93.8901,31487.45284,91.3671,67.001,75.737,60.0719,2299.785095,121318,49328,3210,0,11331,7622,668,444,0,214,83.55205
15,7,86.5197,85.637,80.3739,91.6377,38836.54852,90.3437,64.7847,76.7574,56.043,2392.093266,121318,48754,4449,0,11905,7622,677,531,0,205,83.55055
4,2,84.0255,82.6182,75.9294,90.5994,46906.36548,89.9895,64.0603,77.0975,54.7945,2568.586998,121318,46058,4779,0,14601,7622,680,561,0,202,83.5435
14,4,85.9304,85.8027,85.0311,86.5884,40414.64638,86.0142,57.2917,81.0658,44.2999,3056.11046,121318,51579,7989,0,9080,7622,715,899,0,167,83.54
44,6,88.3208,88.433,89.291,87.5914,32336.67371,85.8961,57.1201,81.1791,44.0615,2942.57481,121318,54163,7673,0,6496,7622,716,909,0,166,83.5376
40,4,89.4097,88.8781,84.6305,93.5747,31316.67617,91.3277,66.9004,75.737,59.9103,2135.682842,121318,51336,3525,0,9323,7622,668,447,0,214,83.53235
34,4,88.4139,87.668,82.3654,93.7004,33555.68941,91.5508,67.4089,75.5102,60.8775,2071.221291,121318,49962,3359,0,10697,7622,666,428,0,216,83.5305
14,8,85.9724,84.9209,78.999,91.8025,39624.26785,90.7505,65.6265,76.3039,57.5706,2266.248926,121318,47920,4279,0,12739,7622,673,496,0,209,83.5272
14,6,86.462,86.083,83.7386,88.5625,39300.53489,87.6804,59.8546,79.3651,48.0439,2824.248653,121318,50795,6560,0,9864,7622,700,757,0,182,83.52275
33,0,88.2326,87.7455,84.2579,91.5343,32925.61197,90.1732,64.4181,76.8707,55.4374,2191.890255,121318,51110,4727,0,9549,7622,678,545,0,204,83.52195
17,6,87.0514,86.4555,82.6522,90.6258,37932.29051,89.4909,63.0705,77.551,53.1469,2529.667868,121318,50136,5186,0,10523,7622,684,603,0,198,83.52095
35,9,87.9292,87.1706,82.0159,93.0167,33318.18447,91.1776,66.4671,75.8542,59.1474,2374.021221,121318,49750,3735,0,10909,7617,666,460,0,212,83.5159
10,6,86.148,85.3501,80.702,90.5665,40262.56606,89.7009,63.4714,77.3243,53.8279,2561.790199,121318,48953,5099,0,11706,7622,682,585,0,200,83.5126
56,2,88.2746,87.6522,83.2341,92.5656,29238.5632,90.1469,64.3569,76.8707,55.3469,2684.542282,121318,50489,4055,0,10170,7622,678,547,0,204,83.5088
28,6,87.9358,87.5026,84.4689,90.7622,34939.08881,89.4647,63.0124,77.551,53.0644,2475.952133,121318,51238,5215,0,9421,7622,684,605,0,198,83.50785
19,9,87.0308,86.1966,80.9872,92.1222,37532.48441,91.0463,66.1706,75.9681,58.6116,2322.161789,121318,49126,4201,0,11533,7617,667,471,0,211,83.5072
58,2,88.4906,87.6744,81.8691,94.3659,29368.6255,91.6164,67.547,75.3968,61.1776,2390.829025,121318,49661,2965,0,10998,7622,665,422,0,217,83.5066
49,0,89.5852,89.6935,90.6362,88.7703,28782.04807,86.7095,58.2956,80.2721,45.766,2327.903351,121318,54979,6955,0,5680,7622,708,839,0,174,83.4908
23,0,87.091,87.2288,88.1699,86.3074,37231.03296,85.122,56.0124,81.8594,42.5708,3088.826525,121318,53483,8485,0,7176,7622,722,974,0,160,83.4907
27,0,87.5394,86.7596,81.6499,92.5515,35082.58109,91.1309,66.435,75.8503,59.0989,2027.208462,121318,49528,3986,0,11131,7622,669,463,0,213,83.4906
28,9,87.6284,86.8551,81.7455,92.646,35029.7835,91.1251,66.3347,75.8542,58.9381,2343.035374,121318,49586,3936,0,11073,7617,666,464,0,212,83.48965
40,6,88.5079,88.4068,87.6358,89.1915,32202.2732,87.6017,59.7015,79.3651,47.8469,2665.073221,121318,53159,6442,0,7500,7622,700,763,0,182,83.4834
51,0,89.7328,90.2827,95.3923,85.6927,29068.1568,83.5083,53.9392,83.4467,39.8484,2686.215115,121318,57864,9661,0,2795,7622,736,1111,0,146,83.4775
21,7,86.9525,86.1672,81.2757,91.6853,37576.84866,90.3044,64.6581,76.644,55.914,2372.180035,121318,49301,4471,0,11358,7622,676,533,0,206,83.4742
32,0,87.8097,87.0731,82.1115,92.6729,34213.72826,91.2097,66.6002,75.737,59.4306,1976.200397,121318,49808,3938,0,10851,7622,668,456,0,214,83.47335
13,7,86.2865,85.2607,79.3271,92.1537,39711.53986,90.8685,65.8489,76.0771,58.045,2225.369141,121318,48119,4097,0,12540,7622,671,485,0,211,83.4728
49,5,87.7133,86.651,79.7557,94.8515,33270.43649,92.6791,70.1285,74.263,66.43,2015.462869,121318,48379,2626,0,12280,7622,655,331,0,227,83.47105
32,7,87.4635,87.0556,84.3123,89.9835,35195.12202,88.6906,61.5522,78.2313,50.7353,2633.725151,121318,51143,5693,0,9516,7622,690,670,0,192,83.46095
15,4,86.2189,86.0044,84.6865,87.3639,39447.70377,86.7358,58.3093,80.1587,45.8198,2894.363499,121318,51370,7430,0,9289,7622,707,836,0,175,83.44725
52,4,90.0378,89.5735,85.585,93.9519,28583.14306,91.3671,66.9347,75.5102,60.1083,2232.302179,121318,51915,3342,0,8744,7622,666,442,0,216,83.43865
20,6,87.2863,86.6081,82.2219,91.4886,37042.33083,90.2257,64.4731,76.644,55.6379,2345.104334,121318,49875,4640,0,10784,7622,676,539,0,206,83.43485
49,8,88.0306,88.1758,89.258,87.1195,29586.74523,85.3451,56.2818,81.5193,42.9767,2410.241116,121318,54143,8005,0,6516,7622,719,954,0,163,83.4322
55,2,88.404,87.604,81.9499,94.096,29203.22294,91.354,66.9011,75.5102,60.0541,2411.885649,121318,49710,3119,0,10949,7622,666,443,0,216,83.4321
36,0,88.498,88.1694,85.7202,90.7626,32236.84765,89.4253,62.8913,77.4376,52.9457,2193.582863,121318,51997,5292,0,8662,7622,683,607,0,199,83.43145
35,6,88.3636,88.0303,85.5784,90.6267,33129.49403,88.953,62.0036,77.8912,51.4993,2458.30995,121318,51911,5369,0,8748,7622,687,647,0,195,83.4221
19,6,87.1445,86.38,81.5312,91.842,37539.13237,90.6455,65.3379,76.1905,57.1915,2261.230492,121318,49456,4393,0,11203,7622,672,503,0,210,83.418
12,6,85.8067,85.6574,84.7657,86.5681,40664.83189,85.7649,56.8588,81.0658,43.7844,3095.453533,121318,51418,7978,0,9241,7622,715,918,0,167,83.41535
11,6,86.251,85.3589,80.1579,91.2817,39947.7946,90.1863,64.381,76.644,55.5008,2426.248365,121318,48623,4644,0,12036,7622,676,542,0,206,83.41515
44,0,89.0907,89.1345,89.4937,88.778,30148.07671,86.9982,58.6911,79.8186,46.4074,2329.052514,121318,54286,6862,0,6373,7622,704,813,0,178,83.4084
58,0,90.0658,90.0046,89.4542,90.5619,27566.85873,88.2446,60.7362,78.5714,49.5,2204.012671,121318,54262,5655,0,6397,7622,693,707,0,189,83.408
27,7,87.3069,86.8178,83.5968,90.297,36160.92217,88.8087,61.7317,78.0045,51.0765,2568.525232,121318,50709,5449,0,9950,7622,688,659,0,194,83.4066
11,7,86.2856,85.5034,80.8899,90.6751,39851.47302,89.4778,62.9732,77.3243,53.1153,2538.727627,121318,49067,5046,0,11592,7622,682,602,0,200,83.40105
6,4,84.9882,84.2197,80.1184,88.7637,43095.29507,88.6775,61.4904,78.1179,50.699,2731.859941,121318,48599,6152,0,12060,7622,689,670,0,193,83.3977
12,9,85.9732,84.8472,78.5423,92.2527,40090.36349,91.4927,67.1066,75.2847,60.5311,2306.914303,121318,47643,4001,0,13016,7617,661,431,0,217,83.3887
15,0,85.9955,86.0945,86.7077,85.49,39427.08134,84.6891,55.3728,82.0862,41.7773,3173.114235,121318,52596,8927,0,8063,7622,724,1009,0,158,83.38765
11,8,85.7952,85.3974,83.0709,87.8579,40643.88741,86.9457,58.5934,79.8186,46.2853,2901.773605,121318,50390,6964,0,10269,7622,704,817,0,178,83.38215
15,6,86.7728,86.097,81.912,90.7326,38544.87007,89.6615,63.3147,77.0975,53.7125,2491.793575,121318,49687,5075,0,10972,7622,680,586,0,202,83.3795
5,4,84.5357,83.576,78.6924,89.1058,44101.19769,89.2023,62.4372,77.551,52.2536,2648.546728,121318,47734,5836,0,12925,7622,684,625,0,198,83.37665
26,7,87.3366,86.6854,82.4461,91.3844,36302.83205,89.7665,63.5173,76.9841,54.0605,2403.176109,121318,50011,4715,0,10648,7622,679,577,0,203,83.3753
36,4,88.9662,88.4132,84.1936,93.0781,32600.68799,91.0129,66.1059,75.737,58.6479,2161.932276,121318,51071,3798,0,9588,7622,668,471,0,214,83.37495
52,0,89.9825,90.4529,94.9092,86.3962,28520.45914,83.9806,54.4573,82.7664,40.5781,2622.331848,121318,57571,9065,0,3088,7622,730,1069,0,152,83.3735
10,9,85.7581,84.5179,77.7477,92.5797,41024.03081,91.6896,67.5551,75.0569,61.4166,2248.275785,121318,47161,3780,0,13498,7617,659,414,0,219,83.37325
53,0,90.0188,90.1723,91.5808,88.8065,27852.7261,86.5783,58.0222,80.1587,45.4662,2331.49565,121318,55552,7002,0,5107,7622,707,848,0,175,83.3685
26,8,87.0415,86.1172,80.3838,92.7314,36235.51691,90.9997,66.0732,75.737,58.5965,2162.219867,121318,48760,3822,0,11899,7622,668,472,0,214,83.36835
45,9,88.2598,87.6091,83.0083,92.7498,31192.41505,90.9938,65.9722,75.7403,58.4359,2578.591215,121318,50352,3936,0,10307,7617,665,473,0,213,83.36705
33,8,87.4874,86.7583,81.9812,92.1266,33763.99769,90.1994,64.3777,76.5306,55.5556,2376.251978,121318,49729,4250,0,10930,7622,675,540,0,207,83.365
14,7,86.3821,85.4128,79.7375,91.9579,39223.54335,90.5274,65.0532,76.1905,56.7568,2309.153128,121318,48368,4230,0,12291,7622,672,512,0,210,83.35895
34,7,87.4619,87.0963,84.6288,89.712,34849.96463,88.1396,60.524,78.5714,49.2188,2691.212391,121318,51335,5887,0,9324,7622,693,715,0,189,83.3555
51,4,90.1259,89.7476,86.4356,93.3235,27795.87626,90.8554,65.7494,75.8503,58.0225,2316.737085,121318,52431,3751,0,8228,7622,669,484,0,213,83.35285
41,0,88.6769,88.2504,85.0476,91.704,31269.89027,90.1732,64.3163,76.5306,55.4643,2141.565244,121318,51589,4667,0,9070,7622,675,542,0,207,83.3519
47,0,89.0478,89.7183,95.5687,84.5428,31192.46084,81.8945,52.0167,84.8073,37.5125,2948.199173,121318,57971,10599,0,2688,7622,748,1246,0,134,83.3509
54,0,90.3295,90.6473,93.7272,87.7634,27570.80972,85.3975,56.3015,81.2925,43.0631,2494.785221,121318,56854,7927,0,3805,7622,717,948,0,165,83.345
23,7,87.0605,86.3017,81.5213,91.6776,37123.39864,90.042,64.0455,76.644,55.0041,2372.159729,121318,49450,4489,0,11209,7622,676,553,0,206,83.343
50,4,89.5226,89.4391,88.7321,90.1575,29403.75404,88.2183,60.6486,78.458,49.4286,2721.994211,121318,53824,5876,0,6835,7622,692,708,0,190,83.33815
48,9,88.7642,88.165,83.7007,93.1323,29980.68562,91.0332,66.0368,75.6264,58.6055,2484.427008,121318,50772,3744,0,9887,7617,664,469,0,214,83.3298
51,8,88.16,88.3638,89.9108,86.8691,29349.95795,84.9121,55.6327,81.746,42.1637,2421.085823,121318,54539,8244,0,6120,7622,721,989,0,161,83.32905
56,4,90.0781,89.608,85.5537,94.0656,27511.3671,91.4721,67.1053,75.1701,60.6033,2318.490653,121318,51896,3274,0,8763,7622,663,431,0,219,83.3211
33,7,87.513,86.9431,83.1484,91.1007,34861.72325,89.5303,63.0213,77.0975,53.2915,2462.064878,121318,50437,4927,0,10222,7622,680,596,0,202,83.3139
29,7,87.4371,86.7512,82.2598,91.7614,35751.43495,90.0813,64.1026,76.5306,55.1471,2340.229504,121318,49898,4480,0,10761,7622,675,549,0,207,83.30595
46,0,89.1772,89.1497,88.9233,89.3771,29499.77755,87.5754,59.5472,79.0249,47.7724,2321.847745,121318,53940,6411,0,6719,7622,697,762,0,185,83.30015
59,4,90.1861,90.0017,88.3414,91.7256,26049.39841,89.2679,62.5115,77.3243,52.4615,2636.804003,121318,53587,4834,0,7072,7622,682,618,0,200,83.2961
55,0,90.346,90.5801,92.8304,88.4362,27210.72675,86.1978,57.4089,80.3855,44.6474,2404.264686,121318,56310,7363,0,4349,7622,709,879,0,173,83.29165
35,0,88.207,87.6377,83.6018,92.0831,33144.8633,90.6193,65.2068,75.9637,57.1185,2045.697668,121318,50712,4360,0,9947,7622,670,503,0,212,83.2915
32,4,88.6183,87.9522,83.0891,93.42,33756.67674,91.2884,66.6667,75.2834,59.8198,2137.872772,121318,50401,3550,0,10258,7622,664,446,0,218,83.2859
12,7,86.2856,85.3107,79.6485,91.8395,39908.4597,90.593,65.1434,75.9637,57.0213,2269.594809,121318,48314,4293,0,12345,7622,670,505,0,212,83.27835
17,7,86.6928,85.9734,81.5642,90.8867,38284.60823,89.5697,63.0748,76.9841,53.4225,2466.450037,121318,49476,4961,0,11183,7622,679,592,0,203,83.2769
25,4,87.7504,87.0333,82.2203,92.4449,35937.45805,90.8161,65.6189,75.737,57.8856,2188.989408,121318,49874,4076,0,10785,7622,668,486,0,214,83.27655
28,7,87.3193,86.7794,83.2358,90.6382,35917.77644,89.1105,62.204,77.4376,51.9787,2524.605623,121318,50490,5215,0,10169,7622,683,631,0,199,83.27405
18,9,86.6524,85.5902,79.2809,92.9906,38300.99004,91.7159,67.5578,74.8292,61.5745,2195.866901,121318,48091,3625,0,12568,7617,657,410,0,221,83.27255
8,6,85.8059,85.1282,81.2493,89.3962,41275.24623,88.6513,61.3667,77.8912,50.6264,2821.442709,121318,49285,5846,0,11374,7622,687,670,0,195,83.27125
58,5,87.9663,86.9162,79.9403,95.226,31022.88391,92.7316,70.1509,73.8095,66.8378,2096.475605,121318,48491,2431,0,12168,7622,651,323,0,231,83.27055
18,7,86.6829,86.1659,82.9456,89.6463,38243.82021,88.2839,60.7127,78.2313,49.6046,2672.715549,121318,50314,5811,0,10345,7622,690,701,0,192,83.2576
45,6,88.8318,88.7188,87.8303,89.6255,30588.05343,87.9428,60.1302,78.5714,48.6999,2583.276205,121318,53277,6167,0,7382,7622,693,730,0,189,83.2571
45,0,89.1376,89.0764,88.5771,89.5814,29807.24738,87.8116,59.905,78.6848,48.3624,2284.1632,121318,53730,6249,0,6929,7622,694,741,0,188,83.2482
49,7,87.9878,87.4534,83.7287,91.5249,32256.42149,89.8452,63.5936,76.644,54.3408,2149.613302,121318,50789,4703,0,9870,7622,676,568,0,206,83.2446
45,7,87.9292,87.4367,84.009,91.1561,32304.90175,89.5041,62.9286,76.9841,53.2132,2294.664757,121318,50959,4944,0,9700,7622,679,597,0,203,83.2441
16,7,86.5799,86.0671,82.8995,89.4864,38754.00524,88.1396,60.4549,78.3447,49.2165,2730.789755,121318,50286,5908,0,10373,7622,691,713,0,191,83.24215
9,8,85.6089,84.9873,81.4685,88.8238,41307.59152,88.1396,60.4549,78.3447,49.2165,2838.673668,121318,49418,6218,0,11241,7622,691,713,0,191,83.24215
47,8,87.8188,87.965,89.0338,86.9216,30424.65083,85.1876,55.9501,81.2925,42.6532,2565.677269,121318,54007,8126,0,6652,7622,717,964,0,165,83.24005
10,8,85.7606,84.8853,79.97,90.4445,40682.53917,89.5959,63.0991,76.8707,53.5122,2521.381205,121318,48509,5125,0,12150,7622,678,589,0,204,83.2333
38,7,87.7339,87.0419,82.3934,92.2462,34154.19003,90.6061,65.1412,75.8503,57.0819,2235.680597,121318,49979,4201,0,10680,7622,669,503,0,213,83.2282
47,2,87.8748,87.0287,81.3515,93.5577,31707.07354,91.0522,66.1034,75.3968,58.8496,2330.240866,121318,49347,3398,0,11312,7622,665,465,0,217,83.2245
58,4,90.0295,89.8704,88.4584,91.3281,26381.63194,89.1236,62.1979,77.3243,52.0214,2637.433657,121318,53658,5095,0,7001,7622,682,629,0,200,83.22395
17,9,86.6549,85.5745,79.1655,93.1127,38712.54666,91.729,67.5592,74.7153,61.6541,2160.060503,121318,48021,3552,0,12638,7617,656,408,0,222,83.22215
30,7,87.2937,86.5071,81.4636,92.2163,35756.93064,90.5799,65.0778,75.8503,56.9847,2277.488379,121318,49415,4171,0,11244,7622,669,505,0,213,83.2151
7,6,84.6107,84.6043,84.5695,84.6392,43839.20824,84.1118,54.525,82.3129,40.7636,3492.107452,121318,51299,9310,0,9360,7622,726,1055,0,156,83.21235
48,8,88.0718,88.4151,91.0351,85.9417,30656.08186,83.7707,54.1002,82.6531,40.2096,2677.557951,121318,55221,9033,0,5438,7622,729,1084,0,153,83.2119
7,9,85.3262,84.2032,78.2176,91.1809,42324.03282,90.7969,65.451,75.6264,57.689,2446.030621,121318,47446,4589,0,13213,7617,664,487,0,214,83.21165
43,6,88.5747,88.4838,87.7858,89.193,31389.64796,87.5098,59.3857,78.9116,47.606,2659.402123,121318,53250,6452,0,7409,7622,696,766,0,186,83.2107
9,6,85.8347,85.303,82.217,88.6298,41117.87514,87.9559,60.1216,78.458,48.7324,2903.888565,121318,49872,6398,0,10787,7622,692,728,0,190,83.20695
28,8,87.1651,86.3368,81.1026,92.2933,35174.82111,90.4487,64.7969,75.9637,56.4924,2305.309185,121318,49196,4108,0,11463,7622,670,516,0,212,83.2062
54,4,89.9627,89.4654,85.2421,94.1291,27784.45317,91.577,67.2783,74.8299,61.1111,2227.444073,121318,51707,3225,0,8952,7622,660,420,0,222,83.20345
36,7,87.8147,87.3158,83.882,91.0428,34198.46832,89.3073,62.5287,77.0975,52.5909,2428.810152,121318,50882,5006,0,9777,7622,680,613,0,202,83.2024
42,7,87.841,87.4887,85.0245,90.0999,32837.20264,88.2839,60.6781,78.1179,49.604,2519.943991,121318,51575,5667,0,9084,7622,689,700,0,193,83.2009
51,6,88.7576,89.2553,93.3893,85.4718,32496.17802,83.4033,53.646,82.9932,39.6318,3219.204794,121318,56649,9629,0,4010,7622,732,1115,0,150,83.19825
37,7,87.6177,87.2846,84.9981,89.6975,34118.42387,88.0346,60.2441,78.3447,48.9377,2599.928993,121318,51559,5922,0,9100,7622,691,721,0,191,83.18965
52,9,89.4352,88.9795,85.2998,92.9909,28630.34711,90.7444,65.3222,75.6264,57.4892,2369.513546,121318,51742,3900,0,8917,7617,664,491,0,214,83.1854
40,9,88.2598,87.4977,82.1642,93.5716,31941.25993,91.4271,66.836,74.9431,60.3116,2314.717579,121318,49840,3424,0,10819,7617,658,433,0,220,83.1851
46,4,89.8185,89.4453,86.2823,92.8489,29429.02879,90.5143,64.9199,75.8503,56.743,2304.897007,121318,52338,4031,0,8321,7622,669,510,0,213,83.1823
48,0,89.5572,89.8381,92.321,87.4852,29225.16096,85.2926,56.0564,81.0658,42.84,2532.479765,121318,56001,8011,0,4658,7622,715,954,0,167,83.1792
47,7,88.0446,87.4678,83.4419,91.902,32484.8231,90.1601,64.1834,76.1905,55.4455,2166.631519,121318,50615,4460,0,10044,7622,672,540,0,210,83.1753
46,7,87.888,87.5219,84.9536,90.2503,31996.85763,88.6775,61.3524,77.6644,50.7032,2436.202139,121318,51532,5567,0,9127,7622,685,666,0,197,83.17095
56,8,89.2959,89.82,94.4444,85.6274,28233.23409,82.8916,53.0259,83.4467,38.8596,2446.505544,121318,57289,9616,0,3370,7622,736,1158,0,146,83.16915
22,7,86.8783,86.4659,83.8309,89.2718,37502.5891,87.8772,59.9653,78.458,48.5273,2710.858765,121318,50851,6111,0,9808,7622,692,734,0,190,83.1676
22,6,87.5196,86.8933,82.7412,91.4841,36572.38759,89.9108,63.675,76.4172,54.5749,2349.548403,121318,50190,4672,0,10469,7622,674,561,0,208,83.164
31,6,88.2285,87.7462,84.2925,91.4949,34067.84766,89.7927,63.4398,76.5306,54.1734,2309.203436,121318,51131,4753,0,9528,7622,675,571,0,207,83.16165
20,7,86.8923,86.2215,82.0241,90.8717,37595.33215,89.3335,62.5518,76.9841,52.6765,2477.063871,121318,49755,4998,0,10904,7622,679,610,0,203,83.1588
31,7,87.1033,86.8755,85.3674,88.4378,36219.79646,87.0506,58.6164,79.2517,46.507,2916.832897,121318,51783,6770,0,8876,7622,699,804,0,183,83.15115
59,8,89.3907,89.766,93.0579,86.699,27297.05529,84.0724,54.4294,82.1995,40.6846,2470.814791,121318,56448,8660,0,4211,7622,725,1057,0,157,83.13595
40,7,87.7883,87.0791,82.2994,92.4481,33749.89149,90.6455,65.1685,75.6236,57.2532,2212.026094,121318,49922,4078,0,10737,7622,667,498,0,215,83.13455
27,8,87.2459,86.4199,81.1636,92.4043,35486.67771,90.6193,65.1049,75.6236,57.1551,2259.808052,121318,49233,4047,0,11426,7622,667,500,0,215,83.12145
53,6,89.2052,89.1426,88.6282,89.6629,28193.63585,87.7722,59.7582,78.458,48.2566,2510.1513,121318,53761,6198,0,6898,7622,692,742,0,190,83.1151
19,7,86.7777,86.2833,83.1731,89.6351,37994.19673,88.3233,60.689,77.8912,49.7106,2665.101511,121318,50452,5834,0,10207,7622,687,695,0,195,83.10725
35,7,87.5245,86.718,81.4521,92.7119,34965.94536,90.8161,65.5172,75.3968,57.9268,2172.397507,121318,49408,3884,0,11251,7622,665,483,0,217,83.10645
5,0,85.0575,84.0121,78.5193,90.3313,42373.40828,89.6746,63.1727,76.5306,53.7849,2600.772713,121318,47629,5098,0,13030,7622,675,580,0,207,83.1026
39,9,88.1254,87.2999,81.6252,93.8226,32448.30687,91.7947,67.6334,74.3736,62.0133,2278.30603,121318,49513,3260,0,11146,7617,653,400,0,225,83.08415
26,6,87.8419,87.1567,82.5071,92.3616,35556.42483,90.6455,65.1345,75.5102,57.2657,2211.656807,121318,50048,4139,0,10611,7622,666,497,0,216,83.07785
6,6,85.482,84.7737,80.8305,89.1213,42370.23093,88.3626,60.7348,77.7778,49.8184,2930.062992,121318,49031,5985,0,11628,7622,686,691,0,196,83.0702
12,4,85.482,85.455,85.2965,85.6141,41188.46931,85.1876,55.8467,80.9524,42.6269,3113.660172,121318,51740,8694,0,8919,7622,714,961,0,168,83.07
9,7,85.8084,85.4585,83.4023,87.6186,41387.15848,86.762,58.1154,79.3651,45.8415,3043.176498,121318,50591,7149,0,10068,7622,700,827,0,182,83.06355
24,7,87.1594,86.6152,83.094,90.4481,36758.4395,88.7956,61.4968,77.3243,51.0479,2534.104191,121318,50404,5323,0,10255,7622,682,654,0,200,83.05995
53,7,88.2837,88.2576,88.0611,88.4549,30458.43127,86.5127,57.7303,79.5918,45.2903,2404.936415,121318,53417,6972,0,7242,7622,702,848,0,180,83.05225
52,8,88.7651,89.2396,93.175,85.6232,28918.48563,83.1015,53.1977,82.9932,39.1444,2514.145687,121318,56519,9490,0,4140,7622,732,1138,0,150,83.04735
49,6,88.9769,88.9506,88.7387,89.1635,29658.12081,87.3918,59.089,78.6848,47.3074,2684.92598,121318,53828,6542,0,6831,7622,694,773,0,188,83.0383
25,7,86.8058,86.5121,84.6288,88.4812,37208.77892,87.1425,58.6847,78.9116,46.7114,2870.431545,121318,51335,6683,0,9324,7622,696,794,0,186,83.02705
18,3,85.0682,83.2948,74.4523,94.5207,42586.77792,92.6791,69.8704,73.356,66.701,1830.866709,121318,45162,2618,0,15497,7622,647,323,0,235,83.01755
42,9,87.9729,87.0021,80.5041,94.6413,32793.37667,92.438,69.1649,73.5763,65.2525,2144.124689,121318,48833,2765,0,11826,7617,646,344,0,232,83.00715
23,6,87.2096,86.2775,80.4168,93.0596,36852.97723,91.4983,66.9725,74.4898,60.8333,2082.25779,121318,48780,3638,0,11879,7622,657,423,0,225,82.99405
43,9,88.2713,87.4214,81.5147,94.2511,31701.89583,91.9522,67.9561,74.0319,62.8019,2255.510241,121318,49446,3016,0,11213,7617,650,385,0,228,82.99205
42,6,88.9514,88.6011,85.8784,91.502,31012.16972,89.4516,62.6741,76.5306,53.066,2388.306871,121318,52093,4838,0,8566,7622,675,597,0,207,82.9911
48,4,89.4772,88.8489,83.8425,94.4912,30009.5052,91.6951,67.4215,74.263,61.7342,2088.838464,121318,50858,2965,0,9801,7622,655,406,0,227,82.97905
56,0,89.3734,89.0516,86.434,91.8326,29177.7541,89.7665,63.2768,76.1905,54.1063,2040.09611,121318,52430,4663,0,8229,7622,672,570,0,210,82.9785
39,7,87.7314,86.9697,81.8856,92.7269,34178.78867,90.7767,65.3524,75.1701,57.803,2166.379805,121318,49671,3896,0,10988,7622,663,484,0,219,82.9734
53,9,89.591,89.2685,86.5857,92.1228,28448.18079,89.8648,63.3776,76.082,54.3089,2437.925995,121318,52522,4491,0,8137,7617,668,562,0,210,82.9734
27,6,88.0587,87.498,83.5737,91.8088,35167.96174,90.1994,64.1383,75.737,55.6203,2286.730474,121318,50695,4523,0,9964,7622,668,533,0,214,82.9682
38,0,88.2334,87.6099,83.2012,92.512,32933.04755,90.8685,65.5446,75.0567,58.1722,1992.343843,121318,50469,4085,0,10190,7622,662,476,0,220,82.9626
55,8,89.2341,89.7856,94.6339,85.4099,28472.67851,82.5768,52.5375,83.3333,38.3612,2583.244102,121318,57404,9806,0,3255,7622,735,1181,0,147,82.95505
47,6,88.8763,88.7197,87.4874,89.9871,30131.17943,88.0084,60.0524,77.8912,48.862,2571.263592,121318,53069,5905,0,7590,7622,687,719,0,195,82.9498
47,9,88.4337,87.6088,81.7768,94.3366,30262.58032,91.9785,67.9937,73.918,62.9486,2260.346903,121318,49605,2978,0,11054,7617,649,382,0,229,82.94825
43,7,87.6704,86.7621,80.8091,93.662,34842.89252,91.5114,66.9729,74.3764,60.9099,2004.891173,121318,49018,3317,0,11641,7622,656,421,0,226,82.9439
24,9,87.1651,86.119,79.6287,93.7612,36666.69527,92.0704,68.2105,73.8041,63.4051,2136.542173,121318,48302,3214,0,12357,7617,648,374,0,230,82.93725
57,0,90.4046,90.5141,91.5594,89.4924,26822.76967,87.0244,58.4279,78.7982,46.4262,2295.57741,121318,55539,6521,0,5120,7622,695,802,0,187,82.9113
41,9,88.1485,87.2847,81.3548,94.1469,32727.15403,91.8866,67.7453,73.918,62.5241,2185.213108,121318,49349,3068,0,11310,7617,649,389,0,229,82.9023
44,9,88.498,87.6845,81.8922,94.3584,30903.77206,91.8866,67.7453,73.918,62.5241,2283.245878,121318,49675,2970,0,10984,7617,649,389,0,229,82.9023
50,0,89.9125,90.3515,94.4625,86.5834,28968.38008,84.1905,54.4079,81.5193,40.8291,2625.006147,121318,57300,8879,0,3359,7622,719,1042,0,163,82.8549
29,8,87.255,86.2592,80.0079,93.5701,35893.08341,91.5377,66.9739,74.1497,61.0644,2077.919068,121318,48532,3335,0,12127,7622,654,417,0,228,82.8437
6,7,85.5289,84.8744,81.2015,88.8953,42460.68779,88.0215,60.0088,77.6644,48.8936,2894.773115,121318,49256,6153,0,11403,7622,685,716,0,197,82.84295
59,9,90.3905,90.4235,90.7351,90.1141,27431.83027,87.5148,59.0616,78.1321,47.474,2615.348894,121318,55039,6038,0,5620,7617,686,759,0,192,82.82345
6,8,85.2099,84.4103,80.0804,89.2351,42711.81088,88.5463,60.9046,77.0975,50.3331,2673.949398,121318,48576,5860,0,12083,7622,680,671,0,202,82.8219
36,8,87.6399,86.7316,80.7943,93.6108,33706.13911,91.3671,66.565,74.263,60.3131,2149.395326,121318,49009,3345,0,11650,7622,655,431,0,227,82.81505
52,2,87.4545,86.3336,79.2529,94.8037,32772.41504,91.9313,67.8851,73.6961,62.9235,2206.751247,121318,48074,2635,0,12585,7622,650,383,0,232,82.8137
36,6,88.6472,88.0843,83.9232,92.6795,32774.01077,90.7636,65.2174,74.8299,57.7933,2201.601624,121318,50907,4021,0,9752,7622,660,482,0,222,82.79675
59,0,91.1068,91.475,95.4252,87.8388,26232.83727,84.9777,55.3954,80.6122,42.1958,2504.694328,121318,57884,8014,0,2775,7622,711,974,0,171,82.79495
37,0,87.5938,86.649,80.5173,93.7915,35048.43995,91.8919,67.7789,73.6961,62.7413,1833.543001,121318,48841,3233,0,11818,7622,650,386,0,232,82.794
8,5,84.5349,82.8247,74.5776,93.1225,44206.29124,91.8919,67.7789,73.6961,62.7413,2132.898876,121318,45238,3341,0,15421,7622,650,386,0,232,82.794
57,9,90.2413,90.16,89.4146,90.9179,27531.12297,88.25,60.2752,77.3349,49.3818,2568.386986,121318,54238,5418,0,6421,7617,679,696,0,199,82.79245
56,6,89.4113,89.5727,90.9593,88.2278,27169.87126,86.106,56.9687,79.4785,44.3952,2485.393461,121318,55175,7362,0,5484,7622,701,878,0,181,82.79225
58,8,89.5531,90.1497,95.6099,85.2795,27772.94994,82.2488,52.0723,83.3333,37.8671,2567.603254,121318,57996,10011,0,2663,7622,735,1206,0,147,82.79105
8,7,85.7639,84.5559,77.9423,92.3959,41725.98445,91.0653,65.8647,74.4898,59.0296,2226.926693,121318,47279,3891,0,13380,7622,657,456,0,225,82.77755
5,9,84.7854,83.7397,78.3544,89.92,44205.38255,89.5759,62.688,75.9681,53.36,2611.710802,121318,47529,5328,0,13130,7617,667,583,0,211,82.772
44,7,87.7817,87.7683,87.6721,87.8647,33220.91155,86.0404,56.8532,79.4785,44.2551,2774.621468,121318,53181,7345,0,7478,7622,701,883,0,181,82.75945
30,6,87.874,87.1478,82.2236,92.6994,35060.53812,90.8948,65.4726,74.6032,58.3333,2147.889416,121318,49876,3928,0,10783,7622,658,470,0,224,82.749
57,8,89.2382,89.7001,93.7223,86.0089,28044.57513,83.1671,53.0896,82.3129,39.1797,2541.397234,121318,56851,9248,0,3808,7622,726,1127,0,156,82.74
34,6,88.4213,87.8458,83.6859,92.4409,33478.82374,90.6061,64.833,74.8299,57.1924,2201.760614,121318,50763,4151,0,9896,7622,660,494,0,222,82.718
52,6,89.2728,89.149,88.132,90.1898,28310.55811,88.2052,60.2388,77.2109,49.3836,2415.062538,121318,53460,5815,0,7199,7622,681,698,0,201,82.70805
56,7,88.5862,88.7779,90.2949,87.3111,29750.59237,85.3451,55.8323,80.0454,42.8658,2439.511904,121318,54772,7960,0,5887,7622,706,941,0,176,82.69525
7,7,85.6889,84.6593,78.9776,91.2219,41714.87279,89.9895,63.5452,75.3968,54.9133,2454.583303,121318,47907,4610,0,12752,7622,665,546,0,217,82.69315
4,7,84.9882,84.186,79.9156,88.9386,43878.17987,88.3889,60.5439,76.9841,49.8898,2899.667969,121318,48476,6029,0,12183,7622,679,682,0,203,82.6865
36,9,87.8814,86.9213,80.5404,94.4003,33880.1871,92.241,68.48,73.1207,64.3932,2131.775442,121318,48855,2898,0,11804,7617,642,355,0,236,82.68085
55,4,89.9833,89.4371,84.8118,94.5959,27763.41908,91.6557,67.1488,73.6961,61.6698,2208.907609,121318,51446,2939,0,9213,7622,650,404,0,232,82.6759
59,6,89.8836,90.1667,92.7628,87.712,26458.8073,85.1614,55.5599,80.1587,42.5135,2458.971182,121318,56269,7883,0,4390,7622,707,956,0,175,82.66005
48,6,89.2209,88.9209,86.5131,91.4665,29349.151,89.1236,61.85,76.1905,52.0527,2368.289131,121318,52478,4896,0,8181,7622,672,619,0,210,82.65705
10,7,85.81,84.5809,77.8384,92.6022,41060.77083,91.1572,65.9939,74.1497,59.4545,2181.871107,121318,47216,3772,0,13443,7622,654,446,0,228,82.65345
48,7,88.0216,88.1008,88.6876,87.5218,32089.64378,85.8043,56.4412,79.4785,43.7578,2685.746893,121318,53797,7670,0,6862,7622,701,901,0,181,82.6414
41,7,87.1445,86.0188,79.093,94.274,36387.88581,92.0231,68,73.2426,63.4578,1900.931548,121318,47977,2914,0,12682,7622,646,372,0,236,82.63285
39,6,88.8665,88.3467,84.4063,92.673,32096.29306,90.4225,64.3902,74.8299,56.5068,2199.619833,121318,51200,4048,0,9459,7622,660,508,0,222,82.6262
38,6,88.7461,88.2602,84.6074,92.2427,32190.50399,90.1601,63.838,75.0567,55.5369,2270.488836,121318,51322,4316,0,9337,7622,662,530,0,220,82.6084
50,7,88.1905,88.3366,89.4426,87.2576,31493.96187,85.2795,55.6872,79.932,42.7273,2649.737329,121318,54255,7923,0,6404,7622,705,945,0,177,82.60575
29,6,88.0966,87.4092,82.6374,92.7659,34849.71712,90.8029,65.1764,74.3764,58.0018,2200.174486,121318,50127,3909,0,10532,7622,656,475,0,226,82.58965
37,9,87.9548,87.0715,81.1223,93.9622,33351.18091,91.8209,67.3993,73.3485,62.3427,2217.080908,121318,49208,3162,0,11451,7617,644,389,0,234,82.5847
25,6,87.5377,86.7014,81.2493,92.938,36200.5622,91.1047,65.8266,74.0363,59.2559,2120.806232,121318,49285,3745,0,11374,7622,653,449,0,229,82.5705
46,6,89.0981,88.7231,85.7729,91.8834,30098.22913,89.714,62.9139,75.3968,53.9773,2268.387177,121318,52029,4596,0,8630,7622,665,567,0,217,82.5554
55,7,88.3933,88.5001,89.3223,87.693,29928.7907,85.7387,56.2927,79.3651,43.6137,2441.892393,121318,54182,7604,0,6477,7622,700,905,0,182,82.5519
4,4,83.7914,82.5955,76.9202,89.1749,45918.45561,89.1367,61.8081,75.9637,52.0995,2708.14871,121318,46659,5664,0,14000,7622,670,616,0,212,82.5502
58,7,88.9258,89.3474,92.8832,86.0709,29607.47725,83.6788,53.5821,81.4059,39.9333,2562.673771,121318,56342,9118,0,4317,7622,718,1080,0,164,82.54235
7,8,85.2215,84.0155,77.6768,91.4806,42577.4975,90.4487,64.3836,74.6032,56.6265,2344.214113,121318,47118,4388,0,13541,7622,658,504,0,224,82.52595
57,6,89.5077,89.4983,89.4179,89.5789,27382.30531,87.2737,58.5824,77.7778,46.9863,2291.263643,121318,54240,6310,0,6419,7622,686,774,0,196,82.52575
55,6,89.2926,89.332,89.6619,89.0045,27431.05769,86.9326,58.0455,78.1179,46.1796,2446.533009,121318,54388,6719,0,6271,7622,689,803,0,193,82.52525
51,7,88.2796,88.5494,90.6362,86.5566,31610.42751,84.3086,54.3511,80.7256,40.9666,2736.1175,121318,54979,8539,0,5680,7622,712,1026,0,170,82.5171
53,8,88.9406,89.6399,95.6907,84.3089,29341.5503,80.9892,50.5629,84.0136,36.164,2665.57118,121318,58045,10803,0,2614,7622,741,1308,0,141,82.5014
59,7,89.1409,89.5856,93.4107,86.0615,29349.25385,83.5607,53.4028,81.4059,39.7344,2499.388475,121318,56662,9177,0,3997,7622,718,1089,0,164,82.4833
54,7,88.376,88.6598,90.8785,86.5468,30547.89241,84.3479,54.3786,80.6122,41.0271,2603.983599,121318,55126,8569,0,5533,7622,711,1022,0,171,82.48005
54,6,89.3915,89.0993,86.711,91.623,28408.83186,89.3204,62.1043,75.6236,52.6856,2214.39949,121318,52598,4809,0,8061,7622,667,599,0,215,82.472
4,0,84.8407,83.8006,78.4203,89.9735,43276.61781,89.1761,61.8232,75.737,52.2283,2623.524652,121318,47569,5301,0,13090,7622,668,611,0,214,82.45655
50,6,89.2868,88.8052,84.9849,92.9852,29779.29005,90.6455,64.7553,74.263,57.4058,2129.246471,121318,51551,3889,0,9108,7622,655,486,0,227,82.45425
51,9,88.5747,88.0278,84.0073,92.4526,30606.47398,89.9961,63.2948,74.8292,54.8414,2345.661356,121318,50958,4160,0,9701,7617,657,541,0,221,82.41265
52,7,88.301,88.5199,90.2076,86.8942,31042.01034,84.6366,54.7002,80.1587,41.515,2645.989231,121318,54719,8253,0,5940,7622,707,996,0,175,82.39765
57,7,88.6859,88.9928,91.4736,86.6429,29716.15852,84.2955,54.2606,80.4989,40.9222,2517.528406,121318,55487,8554,0,5172,7622,710,1025,0,172,82.3972
25,8,86.237,84.8659,77.1773,94.2559,38975.43839,92.2986,68.5255,72.449,65.0051,1883.354881,121318,46815,2853,0,13844,7622,639,344,0,243,82.3738
33,6,88.3801,87.7308,83.0874,92.9238,33821.82129,90.8685,65.1652,73.8095,58.3333,2134.175844,121318,50400,3838,0,10259,7622,651,465,0,231,82.339
58,6,88.667,89.6712,98.3894,82.3723,30538.97044,78.4965,48.1165,86.1678,33.3773,3170.569916,121318,59682,12772,0,977,7622,760,1517,0,122,82.33215
3,6,84.8901,83.953,79.0501,89.5042,44549.77338,88.8087,61.068,75.8503,51.1077,2856.295189,121318,47951,5623,0,12708,7622,669,640,0,213,82.3295
4,8,84.5274,83.4781,78.1764,89.5513,44411.05347,88.9006,61.2282,75.737,51.3846,2677.947361,121318,47421,5533,0,13238,7622,668,632,0,214,82.3188
55,9,89.807,89.9609,91.3401,88.6227,28716.31157,85.9525,56.3265,78.5877,43.8931,2651.384594,121318,55406,7113,0,5253,7617,690,882,0,188,82.2701
50,9,88.8112,88.2631,84.1409,92.81,29805.1559,90.4687,64.1658,74.0319,56.6202,2325.720417,121318,51039,3954,0,9620,7617,650,498,0,228,82.2503
5,8,84.6239,83.4083,77.2977,90.5681,43692.08327,89.7796,62.8517,74.7166,54.2387,2532.655981,121318,46888,4883,0,13771,7622,659,556,0,223,82.2481
37,6,88.5326,87.8986,83.2935,93.0427,32835.21532,90.8817,65.1279,73.5828,58.4158,2132.378971,121318,50525,3778,0,10134,7622,649,462,0,233,82.23225
4,6,84.9989,83.6524,76.7619,91.9019,43944.45148,90.7373,64.8056,73.6961,57.8292,2408.07333,121318,46563,4103,0,14096,7622,650,474,0,232,82.2167
3,7,84.8168,83.7049,77.9934,90.319,44866.57774,89.4778,62.2411,74.9433,53.2206,2620.008442,121318,47310,5071,0,13349,7622,661,581,0,221,82.21055
5,6,85.0426,83.6139,76.3234,92.4442,43759.9279,91.2097,65.8163,73.1293,59.833,2220.555504,121318,46297,3784,0,14362,7622,645,433,0,237,82.1695
49,9,88.5153,87.8483,83.0264,93.2648,30515.89465,90.7706,64.7265,73.4624,57.8475,2289.694853,121318,50363,3637,0,10296,7617,645,470,0,233,82.1165
56,9,90.0394,90.0435,90.0806,90.0064,27707.75648,86.8846,57.6156,77.3349,45.9094,2526.665323,121318,54642,6067,0,6017,7617,679,800,0,199,82.10975
4,5,82.9234,81.5808,75.6343,88.5421,47800.3468,88.8087,60.9253,75.3968,51.1145,2911.056889,121318,45879,5937,0,14780,7622,665,636,0,217,82.10275
3,3,82.4321,80.5696,72.8466,90.1244,49364.16132,89.7009,62.6012,74.4898,53.9852,2842.046413,121318,44188,4842,0,16471,7622,657,560,0,225,82.09535
3,0,84.3634,83.2329,77.6208,89.7197,44524.38129,89.1498,61.4811,74.8299,52.1739,2715.287773,121318,47084,5395,0,13575,7622,660,605,0,222,81.98985
2,1,82.2112,80.3868,72.9092,89.5735,50770.46204,89.6615,62.4404,74.263,53.8651,2924.216269,121318,44226,5148,0,16433,7622,655,561,0,227,81.96225
3,8,83.9422,82.634,76.4091,89.9631,45790.75098,89.4253,61.9811,74.4898,53.0695,2648.200445,121318,46349,5171,0,14310,7622,657,581,0,225,81.95755
31,8,86.359,84.9411,76.9432,94.7945,38973.86102,92.4823,68.7398,71.4286,66.2461,1814.237054,121318,46673,2563,0,13986,7622,630,321,0,252,81.95545
5,7,85.1605,83.8151,76.8476,92.1719,43619.21748,90.8948,64.9849,73.0159,58.5455,2306.164881,121318,46615,3959,0,14044,7622,644,456,0,238,81.95535
41,6,88.6752,88.0045,83.0841,93.5444,32397.10991,91.1441,65.4731,72.5624,59.6459,2038.209124,121318,50398,3478,0,10261,7622,640,433,0,242,81.85325
4,9,83.8524,82.3888,75.542,90.6005,46205.9984,90.1011,63.0029,73.1207,55.3448,2603.062599,121318,45823,4754,0,14836,7617,642,518,0,236,81.6109
2,7,84.2043,82.9918,77.0751,89.8923,46591.46114,89.1367,61.1996,74.0363,52.1565,2714.084396,121318,46753,5257,0,13906,7622,653,599,0,229,81.5865
2,0,83.5523,82.7004,78.6281,87.2177,46879.22401,86.9326,57.3995,76.0771,46.0852,3167.968071,121318,47695,6990,0,12964,7622,671,785,0,211,81.50485
3,4,81.7727,79.8616,72.2828,89.2158,50247.36879,89.6877,62.1752,73.2426,54.0134,3085.830338,121318,43846,5300,0,16813,7622,646,550,0,236,81.46515
2,6,84.2167,83.315,78.8127,88.3629,46192.0258,87.7066,58.5215,74.9433,48.0029,2926.827347,121318,47807,6296,0,12852,7622,661,716,0,221,81.32495
2,8,83.0256,81.802,76.302,88.1566,47783.8226,87.851,58.6238,74.3764,48.3776,3039.514158,121318,46284,6218,0,14375,7622,656,700,0,226,81.1137
58,9,84.6725,86.1853,95.6231,78.4431,34260.46293,75.0164,44.5674,87.1298,29.9413,3259.897038,121318,58004,15940,0,2655,7617,765,1790,0,113,81.0731
8,8,84.0741,82.1352,73.2208,93.521,45158.93877,91.905,66.6306,69.8413,63.7022,1971.630751,121318,44415,3077,0,16244,7622,616,351,0,266,80.87315
1,7,81.8815,80.4948,74.7721,87.1661,50732.54326,87.1162,57.1179,74.1497,46.4489,3229.268959,121318,45356,6678,0,15303,7622,654,754,0,228,80.63295
54,9,87.6877,87.327,84.8415,89.9626,30844.52423,87.3704,57.2824,73.4624,46.9432,2332.379581,121318,51464,5742,0,9195,7617,645,729,0,233,80.4164
3,2,81.021,78.2362,68.2257,91.6896,51923.74431,90.8292,63.6127,69.2744,58.8065,2826.081797,121318,41385,3751,0,19274,7622,611,428,0,271,80.0518
1,1,80.683,77.7924,67.6668,91.4817,54553.45204,90.9866,63.937,69.0476,59.5308,2836.67658,121318,41046,3822,0,19613,7622,609,414,0,273,80.0171
1,0,82.2054,80.313,72.5927,89.8708,50703.54227,89.2941,60.2726,70.1814,52.8157,2902.469399,121318,44034,4963,0,16625,7622,619,553,0,263,79.73775
1,8,81.3589,79.8474,73.8588,86.8929,51705.04263,86.7358,55.7549,72.2222,45.4027,3474.071201,121318,44802,6758,0,15857,7622,637,766,0,245,79.479
2,3,80.05,77.288,67.8893,89.7072,53967.25302,89.4253,60.2172,69.161,53.3217,3329.611023,121318,41181,4725,0,19478,7622,610,534,0,272,79.29315
1,6,82.5434,81.2985,75.8865,87.5416,49752.07487,86.7751,55.5163,71.3152,45.448,3119.566193,121318,46032,6551,0,14627,7622,629,755,0,253,79.04515
3,9,81.6631,79.6207,71.6415,89.6002,50775.37338,89.0771,59.2556,68.9066,51.9759,3191.841673,121318,43457,5044,0,17202,7617,605,559,0,273,78.99185
0,1,79.1012,77.3738,71.4667,84.3454,57293.41321,85.1745,53.1897,72.7891,41.906,3625.520578,121318,43351,8046,0,17308,7622,642,890,0,240,78.9818
3,5,80.2832,77.3038,67.1557,91.0648,52328.76921,90.4881,62.141,67.4603,57.5992,3047.676891,121318,40736,3997,0,19923,7622,595,438,0,287,78.9742
2,2,79.8958,76.5237,65.5319,91.946,54663.59377,90.9866,63.203,66.8934,59.8985,2930.218876,121318,39751,3482,0,20908,7622,590,395,0,292,78.94
2,4,79.9832,76.9973,67.0024,90.4968,53897.15202,90.3962,61.9147,67.4603,57.2115,3247.601604,121318,40643,4268,0,20016,7622,595,445,0,287,78.92825
1,4,79.768,76.5512,66.0496,91.0237,55050.64081,90.8292,62.8389,67.0068,59.1592,3251.231968,121318,40065,3951,0,20594,7622,591,408,0,291,78.918
2,5,79.8488,76.6863,66.2837,90.9619,54433.25587,90.4881,62.0617,67.2336,57.6288,3183.252563,121318,40207,3995,0,20452,7622,593,436,0,289,78.86085
1,2,79.6312,76.203,65.2253,91.6238,55683.43861,90.7373,62.4468,66.5533,58.8176,3246.116631,121318,39565,3617,0,21094,7622,587,411,0,295,78.6453
1,3,79.6559,76.1884,65.0934,91.8427,55467.91524,90.9341,62.8694,66.3265,59.7549,2937.44743,121318,39485,3507,0,21174,7622,585,394,0,297,78.6303
1,5,79.5323,76.2467,65.7001,90.8268,55587.05411,90.3569,61.6188,66.8934,57.1152,3248.74118,121318,39853,4025,0,20806,7622,590,443,0,292,78.62515
0,2,79.2273,76.0185,65.8468,89.9068,56917.7769,89.609,60.0404,67.4603,54.0909,3318.275036,121318,39942,4484,0,20717,7622,595,505,0,287,78.53465
0,4,78.76,76.0556,67.4657,87.1521,57354.25822,87.9166,56.6588,68.254,48.4312,3349.200993,121318,40924,6033,0,19735,7622,602,641,0,280,78.0853
0,3,78.7979,76.0721,67.4063,87.2948,57268.22923,87.5886,56.0817,68.4807,47.4843,3490.076292,121318,40888,5951,0,19771,7622,604,668,0,278,78.03465
0,5,78.938,75.9171,66.3941,88.6292,57562.20992,88.7956,58.1373,67.2336,51.209,3218.919979,121318,40274,5167,0,20385,7622,593,565,0,289,78.0146
0,0,79.4697,76.7061,67.6058,88.6374,56219.48779,88.297,56.9498,66.8934,49.5798,3263.864386,121318,41009,5257,0,19650,7622,590,600,0,292,77.5952
0,7,79.2504,76.8083,68.7202,87.0541,56816.22449,86.8932,54.5703,68.0272,45.5581,3068.76955,121318,41685,6199,0,18974,7622,600,717,0,282,77.4602
0,8,78.863,76.5069,68.834,86.1049,56969.63837,86.5652,53.6232,67.1202,44.6456,3404.330994,121318,41754,6738,0,18905,7622,592,734,0,290,76.8427
2,9,79.9436,77.0036,67.159,90.2301,53998.96638,89.3921,58.1347,63.8952,53.327,3325.415516,121318,40738,4411,0,19921,7617,561,491,0,317,76.64365
1,9,79.8233,76.568,65.9309,91.2978,55149.04628,90.1667,59.6661,63.0979,56.5884,3319.031944,121318,39993,3812,0,20666,7617,554,425,0,324,76.6323
0,6,79.5323,77.579,70.8205,85.7636,56417.66405,85.3188,51.7048,67.9138,41.7422,3199.528923,121318,42959,7131,0,17700,7622,599,836,0,283,76.6163
0,9,79.2314,76.2136,66.5441,89.1709,57417.91266,88.5913,56.0445,63.0979,50.4095,3233.358486,121318,40365,4902,0,20294,7617,554,545,0,324,75.8446
