"","target","DAS28.CRP.HM","P25705_R_cit_LTDADAMK_","TJC","P02545_NIYSEELR_cit_ETK_","P02671_NVR_cit_AQLVDMK_","P02647_ETEGLR_cit_QEMSK_","Q9Y2J8_VVR_cit_DFLK_","P00558_YAEAVTR_cit_AK_","P02790_WDR_cit_ELISER_","Q9BTM1_SR_cit_SSR_cit_AGLQFPVGR_","Q00325_EDGVR_cit_GLAK_","CRP","P25705_AVDSLVPIGR_cit_GQR_"
"MH37","0",-0.150242468,0.467194653,-0.62962963,-0.569300072,0.704471427,-0.091242167,0.757337851,0.095330531,-0.054322486,9.55e-15,0.067329009,-0.919707326,-1.7e-14
"MH80","1",-0.302758309,-0.933054714,-0.851851852,-0.894338424,-0.457473111,-0.079712972,0.145137018,-0.610636304,-0.261938185,-0.388019206,-0.35341833,-0.93357081,-0.635625255
"MH55","0",-0.943416171,-0.407007273,-1,0.439103396,-0.589729593,-0.246759381,0.328711957,0.042070041,-0.441089502,9.55e-15,-0.288525678,-0.969577356,-0.039055852
"MH21","1",0.309472281,0.467132759,-0.62962963,0.408337396,0.814642994,1,0.635503867,0.333187949,-0.054322486,0.429908555,-0.213767966,-0.471069606,0.280808628
"MH7","0",-0.25261857,-0.347931484,-0.777777778,0.223644057,-0.811472602,0.230912355,0.093560853,0.164966944,0.090764125,-0.933081079,-0.646733355,-0.868104361,-0.571754109
"MH47","0",0.262645295,0.398195073,-0.111111111,-0.037534136,0.283035674,0.384663339,-0.076616712,0.324048285,0.061697894,9.55e-15,0.400350655,-0.914315972,0.149712319
"MH54","1",0.479789335,-0.581461208,-0.333333333,-0.006771796,-0.216781803,-0.111892782,0.082793495,0.522423539,-0.054322486,-0.065921172,-0.404109273,0.160489073,-1.7e-14
"MH48","0",0.099857441,0.399594527,-0.407407407,-0.272450632,0.771686865,0.192616331,0.303335204,0.251505318,0.212941695,2.91e-14,0.618396469,-0.265042842,-1.7e-14
"31","1",-0.093945346,-0.344579394,-0.62962963,0.574681168,0.087351487,-0.077277823,-0.321016074,0.180093752,-0.22334243,9.55e-15,0.020898443,-0.968036969,-1.7e-14
"25","1",0.261609349,-0.174308007,-0.62962963,0.142716929,0.977315306,-0.045701655,-0.24358029,-0.441795004,-0.054322486,-3.44e-15,0.020898443,-0.02435737,-0.553476455
"MH31","0",-0.736970526,-0.559484056,-1,-0.103768569,-0.486244538,0.367595536,0.498228093,-0.309075641,0.341596015,9.55e-15,-0.007117615,-0.78877443,-1.7e-14
"MH90","0",0.158837272,0.174308007,-0.62962963,0.071204216,0.003204329,0.120176861,0.062193867,0,-0.650000372,-0.406540394,0.020898443,0.493597766,0.418907673
"MH331","1",-0.295563385,-0.119962529,-0.777777778,0.284979891,0.094263699,-0.548087461,0.064837751,0.213777763,-0.039296791,-1,0.020898443,-0.909887359,0.365366372
"MH71","1",-0.065124535,0.407007273,-0.62962963,0.408337396,0.208048924,0.175208655,0.209465611,-0.607216218,-0.054322486,-0.065921172,0.155066214,-0.784923462,-1.7e-14
"14","1",0.204196618,-0.21989708,-0.407407407,-0.553258389,0.814642994,0.212586287,-0.147104944,0,-0.176665473,-1,-0.534074028,-0.923558294,-7.99e-15
"MH60","0",0.054722303,-0.179201747,0.111111111,0.039880929,0.094263699,-1.11e-16,-0.518448613,-0.459110837,-0.127937803,0.019207126,0.020898443,-0.968807163,-0.571754109
"MH561","1",1,-0.33015688,0.481481481,0.039880929,0.931322951,-1.11e-16,0.253139277,0.132158673,-0.194034413,0.173271688,0.285837007,0.104650043,-0.553476455
"MH17","0",-0.921796473,-2.22e-16,-1,0.039880929,0.713951843,0.758991124,0.62869414,0.361445607,-0.138578535,0.421861209,0.020898443,-0.95609897,-7.99e-15
"MH861","1",0.204196618,-0.21989708,-0.407407407,-0.553258389,0.814642994,0.212586287,-0.147104944,0,-0.176665473,-1,-0.534074028,-0.923558294,-7.99e-15
"MH74","0",-0.597091145,-0.407007273,-1,-0.569300072,-0.188563248,-1.11e-16,0.239277055,0.040380825,-0.054322486,9.55e-15,0.067329009,-0.878116877,-1.7e-14
"MH32","0",-0.59753091,-0.792102375,-0.851851852,-0.245054403,-0.790329944,-0.219241219,0.196805951,-0.428786419,-0.054322486,0.095078255,0.020898443,-0.983248291,-0.62998345
"MH15","0",-0.802463024,0.570048354,-1,-0.389984562,0.331708158,0.645175272,-0.218805431,0.428582094,-0.054322486,0.364907659,-0.07989398,-0.939732358,0.436207575
"52","1",0.0614120235241524,-0.270672564389254,-0.62962963,0.114103070966985,0.453744249286306,-0.623171608077964,0.291450587448066,-0.498834801065858,-0.386139673538073,-0.00678095790680491,0.0346995630347168,-0.874576537828371,-0.0704663676352385
"MH301","1",0.485719411,-0.174308007,0.407407407,0.008557642,0.185323069,-0.120176861,-0.231339805,6.66e-15,0.5413554,0.406540394,0.285837007,-0.709829595,-0.418907673
"MH84","0",-0.563120165,-0.456468635,-0.851851852,-0.553258389,-0.742795553,-0.279320165,0.062193867,-0.907318355,-0.054322486,3.11e-15,-0.431680516,-0.964956195,-1.7e-14
"MH41","0",-0.323995873,0.170850583,-0.777777778,0.032856999,-0.246501314,-0.149788946,-0.016340196,-0.257888797,-0.054322486,0.421861209,-0.028390101,-0.974776163,-7.99e-15
"MH8","1",0.614018445,0.181104274,-0.185185185,0.314337165,-0.488202037,-0.314485993,-0.340094125,0,-0.054322486,-0.52831822,0.020898443,0.751612593,-1.7e-14
"MH82","0",0.798367746,-0.135745142,0.185185185,-0.210139666,-0.727083174,0.546127412,-0.875612266,-0.274579327,-0.054322486,3.11e-15,0.121690866,0.197073265,-0.042034157
"43","1",0.305862048707927,0.0318286362374265,-0.0895867276974442,0.193167724243124,0.115875569323863,0.0726069960095867,0.222874787690432,-0.0622904826959285,-0.122575307823633,-0.0728006418981382,0.00645479287680786,-0.803640650978997,-0.0636272911827082
"MH78","1",0.261609349,-0.174308007,-0.62962963,0.142716929,0.977315306,-0.045701655,-0.24358029,-0.441795004,-0.054322486,-3.44e-15,0.020898443,-0.02435737,-0.553476455
"MH22","1",-0.251196884,0.135745142,-0.777777778,0.289901524,0.915610572,-0.546127412,1,0.274579327,-0.054322486,0.421861209,-0.07989398,-0.782997978,0.042034157
"MH38","0",-0.43096252,0.47452836,-0.851851852,-0.167530949,-0.121413147,0.011131303,0.062193867,-6.88e-15,-0.36210882,0.014264251,0.020898443,-0.940502551,-0.164842709
"MH791","1",-0.363864066,-0.072880024,-0.777777778,-0.446412682,-0.178940851,0.122724414,0.221454444,-0.217993193,-0.611145362,9.55e-15,0.471027119,-0.969962453,-0.039055852
"MH801","1",-0.302758309,-0.933054714,-0.851851852,-0.894338424,-0.457473111,-0.079712972,0.145137018,-0.610636304,-0.261938185,-0.388019206,-0.35341833,-0.93357081,-0.635625255
"MH46","1",0.392847208,-0.056139433,0.037037037,0.142716929,0.094263699,0.048550003,0.226018835,0.065478159,-0.138578535,-0.07441367,-0.028390101,-0.808029267,-0.078545971
"MH76","1",0.088146695,-1,-0.62962963,0.101230799,0.109231898,-0.518328225,0.077854379,-1,-0.127937803,-0.194136025,0.020898443,-0.729084432,-0.716950317
"MH3","0",-0.847144957,0.201297303,-1,1,0.369114885,0.613522303,0.095064859,-0.175656748,0.257636299,-1,-0.131862394,-0.970155001,-0.075703483
"MH33","1",-0.295563385,-0.119962529,-0.777777778,0.284979891,0.094263699,-0.548087461,0.064837751,0.213777763,-0.039296791,-1,0.020898443,-0.909887359,0.365366372
"MH63","0",-0.580263689,-0.079621198,-0.925925926,-0.597512028,0.094263699,0.233723205,-0.478866701,-0.594599692,-0.054322486,-0.223926992,-0.593413511,-0.914701069,-0.159159753
"MH57","1",0.138170255,0.436307799,-0.481481481,0.271477325,0.482932845,0.079712972,0.576212641,0.380685921,-0.051942564,0.429908555,0.599920749,-0.091749302,0.475641364
"MH85","1",0.443365506,-0.742708653,0.037037037,0.284979891,0.094263699,-0.363103174,0.587217869,-0.488022318,-0.286636056,-1,-0.475028873,-0.905651295,-0.553476455
"MH79","1",-0.363864066,-0.072880024,-0.777777778,-0.446412682,-0.178940851,0.122724414,0.221454444,-0.217993193,-0.611145362,9.55e-15,0.471027119,-0.969962453,-0.039055852
"27","1",-0.363864066,-0.072880024,-0.777777778,-0.446412682,-0.178940851,0.122724414,0.221454444,-0.217993193,-0.611145362,9.55e-15,0.471027119,-0.969962453,-0.039055852
"MH43","0",-0.556688852,0.707719798,-0.925925926,-0.296208804,0.094263699,0.14213308,0.153407323,-0.228004375,-0.105057239,9.55e-15,0.17365928,-0.966111486,-1.7e-14
"MH4","0",0.37268769,0.584697899,0.111111111,0.487888414,0.447829347,0.175208655,-0.231339805,0.529340699,0.257636299,-0.559131924,0.712542874,-0.5904496,0.171864368
"51","1",0.243624291945678,-0.245421303451986,-0.0257077719106552,0.244997309534286,0.144405553277666,-0.102260215927983,-0.268792809961456,0.0752155755630695,0.221981813873163,0.236750107636569,0.175186268932684,-0.81766907324041,-0.243952232388833
"MH66","0",-0.597971456,-0.00061317,-1,-0.472228692,-0.155362277,-0.645175272,0.423652488,0.031514907,-0.14244585,9.55e-15,-0.255154467,-0.274670261,0.149712319
"MH20","0",-0.119302085,0.933054714,-0.555555556,0.974100283,0.094263699,0.079712972,-0.020749283,0.610636304,-0.054322486,0.388019206,0.395215215,-0.798401848,0.635625255
"42","1",0.374095220534017,-0.0573872731632161,0.173991159711242,0.124308006369311,0.323601578123352,-0.0461261077929199,-0.170116729048771,0.168180495006641,0.419858854778121,0.504139954899915,0.320618023321819,-0.541012301037014,-0.341258963019681
"MH75","1",0.382376482,-0.570048354,-0.407407407,0.46974642,-0.14318076,-0.645175272,0.343193165,-0.428582094,0.5413554,-0.364907659,0.020898443,-0.320881872,-0.436207575
"MH28","1",-0.244392587,0.314851071,-0.925925926,0.492268993,-0.046797446,0.329692712,0.517913803,0.180093752,-0.441089502,3.11e-15,0.020898443,-0.650139598,-0.571754109
"MH83","0",0.199288096,-0.625480088,-0.62962963,-0.390593605,-0.213778137,0.233866893,0.062193867,0.055711489,-0.194034413,-3.44e-15,0.255564852,-0.526908636,-0.62998345
"MH51","0",-0.699595409,0.04122782,-1,0.439103396,0.59538796,-0.053264485,0.204354712,0.164966944,0.144113846,3.11e-15,0.001085408,-0.935111197,-1.7e-14
"MH531","1",-0.222449141,0.276628902,-0.851851852,0.101713981,0.544331576,-1.11e-16,-0.06657773,0.340376826,-0.263832267,0.156976493,0.378191559,-0.9406951,-0.732871222
"3","1",0.274723784,-0.045546839,-0.259259259,-0.239812123,0.344509282,0.384006508,-0.386156829,0.276869319,0.364598511,-3.57e-14,-0.178375898,-0.945893906,-0.118044085
"5","1",-0.251196884,0.135745142,-0.777777778,0.289901524,0.915610572,-0.546127412,1,0.274579327,-0.054322486,0.421861209,-0.07989398,-0.782997978,0.042034157
"MH23","1",-0.177513718,0.625480088,-0.481481481,0.470355463,0.402305535,-0.233866893,0.367968024,-0.055711489,-0.114107325,0.429908555,-0.213767966,-0.9287571,0.62998345
"MH56","1",1,-0.33015688,0.481481481,0.039880929,0.931322951,-1.11e-16,0.253139277,0.132158673,-0.194034413,0.173271688,0.285837007,0.104650043,-0.553476455
"MH36","0",-0.892050612,-0.376371178,-1,-0.05517532,0.035104265,-0.025940407,0.045461819,-6.88e-15,-0.635942782,0.045737804,-0.704813197,-0.991527871,-1.7e-14
"MH14","0",-0.466895638,0.407007273,-0.925925926,0.64906193,0.377090646,-0.122724414,-0.114889321,6.66e-15,-0.054322486,2.91e-14,-0.025532123,-0.897371715,0.475641364
"MH89","1",0.075920579,-0.348374658,-0.62962963,0.080366457,0.48191543,-0.714713092,0.300850903,-0.486407896,-0.424185501,3.11e-15,0.020898443,-0.88485607,-0.078545971
"MH16","0",-0.342917821,1,-0.925925926,-0.021468941,0.0792955,0.518328225,0.046533356,1,-0.054322486,0.194136025,0.395215215,-0.653990565,0.716950317
"MH29","0",-0.596855097,0.348374658,-0.851851852,-0.000604598,-0.293388032,0.714713092,-0.176463169,0.486407896,0.31554053,1.62e-14,0.020898443,-0.955328776,0.475641364
"MH58","0",-0.804102371,0.102136411,-1,-0.15302488,-0.94291622,-0.232075859,-0.066267182,-0.070829063,0.341596015,0.396052392,-0.35341833,-0.823433138,-1.7e-14
"MH44","0",0.531551439,0.285983846,0.037037037,0.101713981,0.352451926,0.33962733,-0.225727788,0.149244997,0.1209074,-0.24355722,-0.164250095,-0.973043227,-1.7e-14
"MH64","1",0.274723784,-0.045546839,-0.259259259,-0.239812123,0.344509282,0.384006508,-0.386156829,0.276869319,0.364598511,-3.57e-14,-0.178375898,-0.945893906,-0.118044085
"MH52","1",-0.354727686,-0.33015688,-0.851851852,0.409392452,0.480707294,-0.362930735,0.166703458,-0.090435499,-0.054322486,9.55e-15,0.020898443,-0.638586695,-1.7e-14
"MH24","1",-0.116482865,0.456468635,-0.851851852,0.633020248,0.931322951,0.279320165,0.098953078,0.907318355,-0.114107325,0.933081079,0.473477402,0.200924232,-1.7e-14
"MH221","1",-0.251196884,0.135745142,-0.777777778,0.289901524,0.915610572,-0.546127412,1,0.274579327,-0.054322486,0.421861209,-0.07989398,-0.782997978,0.042034157
"MH12","0",-0.740370215,0.89776367,-1,0.863969649,-0.742795553,0.384663339,0.486066137,0.523425623,-0.054322486,-3.57e-14,0.599920749,-0.964571098,-0.075703483
"MH73","0",-0.158806322,-7.55e-15,-0.777777778,0.633020248,0.996194989,-0.120176861,0.253139277,0.274579327,0.891355029,0.933081079,-0.150505823,-0.976509098,1
"MH13","0",-0.330829924,-7.55e-15,-0.851851852,0.039880929,-0.807667591,-1.89e-14,0.062193867,1.35e-14,-1,2.24e-14,0.192302709,-0.553865409,-1
"MH70","0",-0.667979841,-0.289810024,-0.925925926,-0.529795352,-0.061526558,-0.006142025,0.416624571,0.26918426,-0.054322486,3.57e-14,0.020898443,-0.948589583,-0.62998345
"MH77","1",0.761762719,-0.467132759,0.333333333,-0.472228692,-0.525424446,-0.758991124,-0.504306406,-0.361445607,-0.054322486,-0.421861209,0.020898443,-0.407528642,-0.039055852
"MH49","1",0.811632348,-0.182270816,0.185185185,0.039880929,0.483302659,-0.475636873,0.626470283,0.022284489,0.051977898,0.173271688,-1,-0.172619621,-0.340214027
"MH86","1",0.204196618,-0.21989708,-0.407407407,-0.553258389,0.814642994,0.212586287,-0.147104944,0,-0.176665473,-1,-0.534074028,-0.923558294,-7.99e-15
"MH501","1",-0.093945346,-0.344579394,-0.62962963,0.574681168,0.087351487,-0.077277823,-0.321016074,0.180093752,-0.22334243,9.55e-15,0.020898443,-0.968036969,-1.7e-14
"MH81","1",0.158670268,-0.467132759,-0.62962963,-0.328575537,0.094263699,-1,-0.511116133,-0.333187949,-0.054322486,-0.429908555,0.020898443,-0.71753153,-0.280808628
"MH40","0",-0.550836048,-7.55e-15,-0.925925926,0.039880929,0.094263699,-1.11e-16,-1,-0.92143961,-0.054322486,9.55e-15,0.020898443,-0.881197651,-1.7e-14
"MH61","0",-0.819139803,0.010090396,-1,-0.273589882,0.522823076,0.048550003,0.098953078,-0.010777505,0.090764125,0.046715885,0.020898443,-0.84807933,0.383325535
"MH2","1",0.551272689,-0.181104274,-0.185185185,-0.234575306,0.676729435,0.314485993,0.464481859,6.66e-15,-0.054322486,0.52831822,0.020898443,0.041109079,-1.7e-14
"26","1",0.382376482,-0.570048354,-0.407407407,0.46974642,-0.14318076,-0.645175272,0.343193165,-0.428582094,0.5413554,-0.364907659,0.020898443,-0.320881872,-0.436207575
"MH42","0",-0.345303519,0.266533423,-0.703703704,0.06410093,-0.246501314,0.22833171,0.358411347,-0.237819586,0.257636299,0.157372207,1,-0.866563974,-1.7e-14
"50","1",-0.190345322373445,-0.819547052994355,-0.797714191449754,-0.756507567784668,-0.323059280267735,-0.303912812512166,-0.0147390286172807,-0.543044482047944,-0.211358957881282,-0.398224267115953,-0.26222747513159,-0.88093943451965,-0.549185015418067
"MH35","0",-0.632583409,-0.272575507,-1,0.069117447,0.094263699,-0.362930735,0.235569971,0.225970447,-0.261938185,-0.272336549,-0.067620828,-0.918359488,-1.7e-14
"MH88","1",0.455887847,-0.314851071,-0.333333333,-0.412507134,0.235324844,-0.329692712,-0.393526068,0,-0.054322486,0.173271688,-0.404109273,-0.214980264,-0.280808628
"MH11","0",-0.227695482,7.77e-15,-0.777777778,0.039880929,-0.019521526,-1.28e-14,-0.085077877,0.607216218,-0.054322486,2.24e-14,-0.113269328,-0.829979782,0.146012379
"MH62","0",-0.577437089,-0.305755106,-0.777777778,-0.29914821,-0.589729593,-0.203073684,-0.484667102,0.061135322,-0.054322486,0.019207126,-0.164250095,-0.979974969,-1.7e-14
"MH6","0",-0.684408731,-0.663648614,-1,0.787593398,-0.457473111,-0.053264485,0.146591155,0,-0.508519034,9.55e-15,0.575870914,-0.921440262,-0.658278717
"MH72","0",-0.61960422,-0.89776367,-0.851851852,0.039880929,0.094263699,-1.11e-16,-0.361678403,-0.523425623,0.502500391,3.11e-15,-0.558123864,-0.969577356,-1.7e-14
"MH87","0",-0.562132737,0.424123259,-0.925925926,0.350491302,0.094263699,0.591747911,0.151861272,0,0.021277625,0.095078255,0.020898443,-0.942042938,-1.7e-14
"MH69","0",-0.447949219,-0.029405008,-0.777777778,0.089137753,0.33396298,-0.618231665,-0.23158115,0.091224579,-0.054322486,-0.177957588,0.020898443,-0.924521036,0.146012379
"MH5","1",-0.052593911,-0.029584919,-0.777777778,0.372554378,-1,0.137910217,-0.258667682,-0.405418613,-0.339505189,-0.223926992,-0.507412047,-0.860402426,0.571754109
"MH59","1",0.553586442,-0.019944254,0.333333333,0.139359854,0.088732722,0.386403016,0.062193867,0.040892386,-0.254131181,0.421861209,0.471027119,-0.779147011,-1.7e-14
"MH26","0",-0.871743253,0.21989708,-1,0.039880929,-0.626115596,-0.212586287,0.271492679,0.324048285,0.068020501,-9.77e-15,0.575870914,-0.914315972,0.177747019
"MH18","0",-0.664097699,-1.49e-14,-1,0.039880929,-0.788787908,0.045701655,0.367968024,0.441795004,1,0.933081079,0.001085408,-0.734860884,-7.99e-15
"MH25","0",-0.734953211,0.742708653,-0.925925926,0.039880929,0.377090646,0.363103174,-0.462830134,0.488022318,0.177991085,-1.64e-14,0.516825759,-0.98690671,0.553476455
"MH45","0",0.778807173,0.309794108,1,-0.110339866,0.640288249,-0.015679635,0.04468654,0.250598134,-0.114107325,9.55e-15,-0.164250095,1,-0.164842709
"15","1",0.392847208,-0.056139433,0.037037037,0.142716929,0.094263699,0.048550003,0.226018835,0.065478159,-0.138578535,-0.07441367,-0.028390101,-0.808029267,-0.078545971
"MH10","0",-0.640370625,0.289810024,-0.851851852,0.60955721,0.250053956,0.006142025,-0.292236837,-0.26918426,-0.054322486,3.11e-15,0.020898443,-1,-1.7e-14
"MH34","0",-0.730211818,-0.045479812,-1,0.444211012,-0.510664612,0.358981957,-0.085886828,-0.41818622,-0.039053484,3.11e-15,0.276926048,-0.648214114,0.382287127
"54","1",0.506423852125994,0.0318544700945246,0.240826641882673,0.154359274568953,0.133486632201703,0.351584207257689,0.120550901184856,0.079469465166739,-0.231176517414001,0.422774831749544,0.485660533872353,-0.701106103485005,0.0540000107830145
"MH27","0",-1,-0.424123259,-1,-0.270729444,0.094263699,-0.591747911,-0.027473537,0.065478159,-0.054322486,-0.095078255,1,-0.995571387,-1.7e-14
"MH67","0",-0.534892434,-0.032997646,-0.851851852,-1,0.96132033,0.073912255,0.489908233,-0.486407896,1,0.607647268,-0.007117615,-0.945701357,0.177747019
"MH1","0",-0.311846082,0.347931484,-0.62962963,-0.143882199,1,-0.230912355,0.030826881,-2.7e-14,-0.054322486,0.933081079,0.68853024,-0.883123135,0.571754109
"MH9","0",-0.253365511,-0.201297303,-0.851851852,-0.920238142,-0.180587487,-0.613522303,0.029322875,0.175656748,0.051977898,1,0.17365928,-0.850004814,0.075703483
"37","1",-0.209864460595355,0.41046097253479,-0.611570967602733,0.391126797243334,0.627673146441755,-0.37096550345956,0.645462937391884,0.0893033597108423,-0.087858670896378,0.426375351513307,-0.154990322524417,-0.864761263600313,0.3718431274606
"MH68","0",-0.102909827,-0.742708653,-0.777777778,0.863969649,0.359574951,-1.11e-16,0.752081168,0.441795004,-0.054322486,0.52831822,0.964719991,-0.821507654,0.149712319
"MH19","0",-0.640590276,0.072880024,-0.925925926,0.52617454,0.367468249,-0.122724414,-0.09706671,0.217993193,0.502500391,9.55e-15,-0.429230233,-0.997496871,0.039055852
"MH65","0",-0.533157791,-2.22e-16,-0.925925926,0.039880929,0.094263699,-1.11e-16,0.062193867,0,-0.054322486,1.62e-14,0.020898443,-0.856936555,-1.7e-14
"MH810","1",0.614018445,0.181104274,-0.185185185,0.314337165,-0.488202037,-0.314485993,-0.340094125,0,-0.054322486,-0.52831822,0.020898443,0.751612593,-1.7e-14
"MH39","0",-0.512189877,0.11541809,-0.777777778,0.111246907,-0.080213691,-0.033671326,-0.159951416,0.040380825,0.021277625,9.55e-15,0.020898443,-0.971310292,-1.7e-14
"61","1",0.907961110111511,-0.257897821631857,0.336707248947083,0.039880929,0.712414396981412,-0.232402375440514,0.43555367240369,0.0784727146340511,-0.0738295914028097,0.173271688,-0.342439713791831,-0.0308275286709271,-0.449273653087686
"MH50","1",-0.093945346,-0.344579394,-0.62962963,0.574681168,0.087351487,-0.077277823,-0.321016074,0.180093752,-0.22334243,9.55e-15,0.020898443,-0.968036969,-1.7e-14
"MH30","1",0.485719411,-0.174308007,0.407407407,0.008557642,0.185323069,-0.120176861,-0.231339805,6.66e-15,0.5413554,0.406540394,0.285837007,-0.709829595,-0.418907673
"MH53","1",-0.222449141,0.276628902,-0.851851852,0.101713981,0.544331576,-1.11e-16,-0.06657773,0.340376826,-0.263832267,0.156976493,0.378191559,-0.9406951,-0.732871222
